transaction_id,customer_id,amount,currency,merchant,category,timestamp,status,error_code,country,device_type,is_failed
46a60087-c1b1-4091-bc40-e01b3bb3faa4,C1325,440.97,JPY,Uber,Dining,2026-02-13 10:26:06.372220,success,NONE,DE,web,False
95e23fc4-bd03-4bdc-92af-a9b23640735e,C3499,473.71,USD,Target,Shopping,2026-05-21 10:26:06.372234,success,NONE,FR,web,False
bd8ec21c-c224-4a40-bf5e-c6a6620f6280,C1310,146.17,GBP,Uber,Travel,2025-09-28 10:26:06.372241,failed,NONE,US,tablet,True
6ef3fce4-331e-4f3b-b0c0-361a6f8d4222,C6640,219.32,GBP,Costco,Dining,2026-03-31 10:26:06.372246,success,NONE,US,web,False
ab4c070d-8c6e-4597-82c2-1e29e32b09f4,C5001,321.12,JPY,Walmart,Dining,2026-02-25 10:26:06.372251,success,NONE,US,mobile,False
2318b513-14ec-4882-8a78-caaac05a4c82,C8693,194.59,GBP,Apple,Dining,2026-05-19 10:26:06.372255,pending,NONE,CA,mobile,False
87bb1ae8-e760-40cc-9906-a693cdaf43b3,C5839,137.95,JPY,Costco,Utilities,2025-09-04 10:26:06.372259,failed,E001,JP,web,True
ea7af769-6cca-4b7f-910c-bf37f99b938d,C8973,201.46,JPY,Costco,Groceries,2026-02-05 10:26:06.372264,failed,E002,JP,web,True
6485f0c8-ee86-4fbd-bc03-b36705813dc6,C6658,447.96,EUR,Starbucks,Shopping,2026-01-27 10:26:06.372268,failed,E002,CA,tablet,True
d14f368a-0572-4673-9d0f-14dba490b45c,C2089,365.46,EUR,Apple,Shopping,2026-03-11 10:26:06.372272,success,NONE,JP,tablet,False
37818e25-7412-40c7-9f8f-5e3c17879386,C8282,443.34,USD,Target,Groceries,2026-06-12 10:26:06.372276,pending,NONE,FR,tablet,False
498fcd36-a517-4c36-91f7-183c121b2581,C2936,78.72,EUR,Walmart,Travel,2026-02-24 10:26:06.372280,success,NONE,CA,web,False
4232bdce-738d-4be2-a7a5-52a793de9bcc,C4691,367.77,USD,Uber,Utilities,2026-08-18 10:26:06.372283,success,NONE,DE,web,False
a25ce080-a647-46ca-a202-ca95b48e7a2d,C5135,234.91,EUR,Starbucks,Travel,2026-05-11 10:26:06.372287,failed,E002,JP,web,True
91f6d136-5fb8-4733-9e0d-c98b115a0701,C4307,402.07,EUR,Costco,Groceries,2026-02-16 10:26:06.372291,pending,NONE,JP,mobile,False
f6b5e226-4a4a-4772-82ab-b20494811dab,C6808,21.17,USD,Costco,Dining,2026-06-30 10:26:06.372295,failed,E003,CA,tablet,True
dfe79048-6a5a-466a-948c-8916b1410aa3,C2929,125.15,GBP,Costco,Travel,2026-02-02 10:26:06.372299,pending,NONE,CA,tablet,False
063b3986-07cd-4bdd-93eb-fbd0cc083c85,C1046,117.52,GBP,Apple,Electronics,2026-03-12 10:26:06.372303,failed,E001,UK,web,True
f458adf8-36b1-49b1-af3f-1aa2f6ae3ac9,C2285,470.58,GBP,Costco,Shopping,2026-07-27 10:26:06.372307,success,NONE,DE,web,False
5c9a24e2-a028-458e-aad0-44a4af289583,C5253,18.04,USD,Costco,Electronics,2026-07-08 10:26:06.372310,success,NONE,US,tablet,False
c0b272d6-b567-43a5-8c79-3e2830a73b03,C5335,372.5,JPY,Apple,Shopping,2026-03-24 10:26:06.372314,pending,NONE,US,tablet,False
b937895c-86a8-497e-9da1-6a0429f4762c,C8927,444.78,USD,Uber,Dining,2026-07-02 10:26:06.372318,pending,NONE,UK,web,False
960a7895-c4b0-484a-aa97-67edffc526f4,C1834,203.52,USD,Costco,Electronics,2026-06-27 10:26:06.372322,pending,NONE,FR,web,False
959f9a19-e4a5-4633-bc36-66c5dc077ffb,C3413,34.09,JPY,Costco,Travel,2026-03-18 10:26:06.372325,success,NONE,DE,mobile,False
0ba029e5-bab6-4814-b800-59279584e816,C4824,285.63,USD,Starbucks,Electronics,2026-07-12 10:26:06.372329,pending,NONE,US,web,False
ae9f2ad5-4920-44e3-95c5-af29e4a00378,C4376,432.76,EUR,Costco,Utilities,2025-11-29 10:26:06.372333,success,NONE,JP,tablet,False
7cd31abb-6134-44a5-8b02-840c732963a4,C4518,168.38,USD,Apple,Electronics,2025-11-20 10:26:06.372337,success,NONE,JP,tablet,False
a3091fb7-03a5-486f-8541-f27b0abe7aa6,C6968,326.97,GBP,Uber,Travel,2026-08-10 10:26:06.372341,pending,NONE,DE,mobile,False
fb8335d9-88cf-4f87-9f1e-3897c2e91362,C9162,468.09,JPY,Starbucks,Shopping,2026-08-30 10:26:06.372346,pending,NONE,UK,mobile,False
e5d6c9b0-2072-4de2-be04-0848f16e12d4,C1952,71.83,GBP,Delta,Electronics,2026-02-14 10:26:06.372350,success,NONE,US,tablet,False
a7375c94-5ea5-4157-8235-5ad1498de420,C1412,410.36,USD,Uber,Electronics,2025-12-05 10:26:06.372353,success,NONE,US,tablet,False
4c596f25-ec74-46e0-8d38-a489e8dc2bc1,C6289,111.69,JPY,Uber,Travel,2025-12-10 10:26:06.372357,success,NONE,FR,tablet,False
02dad9de-8e04-4747-9b59-f979670d04b4,C4519,480.62,EUR,Amazon,Utilities,2025-09-30 10:26:06.372361,failed,NONE,UK,tablet,True
0589e6e1-cc75-4868-b927-684b280ec78c,C2410,219.57,GBP,Uber,Shopping,2026-04-22 10:26:06.372365,failed,E001,JP,mobile,True
3dd6443b-63b8-4a8f-92ab-29e8d2af3f54,C5599,271.64,GBP,Apple,Groceries,2026-04-21 10:26:06.372369,success,NONE,CA,web,False
57244e83-f740-4c5c-9031-05c72b4ef79e,C3254,447.93,USD,Target,Groceries,2025-12-12 10:26:06.372372,success,NONE,CA,web,False
269d92af-3e3f-447c-88ae-576244b46b4a,C1289,43.31,GBP,Uber,Utilities,2026-07-15 10:26:06.372376,pending,NONE,FR,mobile,False
d01b7650-ae1f-4046-92b3-3b51c7331c6f,C1732,432.69,EUR,Starbucks,Shopping,2026-03-06 10:26:06.372380,failed,E001,DE,tablet,True
1616213d-6405-4054-b2fc-b8714aae12a6,C7198,417.07,JPY,Amazon,Dining,2026-08-09 10:26:06.372384,failed,E003,FR,tablet,True
29974c3b-bf0f-4f6b-aabb-9b5837875ec0,C5222,214.74,USD,Delta,Travel,2026-04-15 10:26:06.372387,success,NONE,FR,web,False
e7f168c3-5ed3-4896-b3b6-870808922879,C1454,186.97,JPY,Target,Dining,2026-04-07 10:26:06.372391,failed,NONE,US,mobile,True
9b9d284e-8d4d-4b4a-b95a-67074b00252b,C6887,83.3,JPY,Apple,Utilities,2026-07-20 10:26:06.372397,success,NONE,UK,web,False
3b8bd083-7b7b-43d8-8cac-924319a83678,C9093,109.5,EUR,Apple,Shopping,2026-08-25 10:26:06.372401,success,NONE,UK,tablet,False
ad22261b-f7f5-493f-bdb3-d7f4ea9b7bf3,C6004,489.94,USD,Walmart,Dining,2026-08-28 10:26:06.372405,failed,NONE,DE,tablet,True
e869787c-b39f-424e-a07b-b7d3a665f108,C8461,296.78,GBP,Target,Groceries,2026-08-24 10:26:06.372409,success,NONE,CA,mobile,False
a1863674-5026-4a9b-9437-8ff9f9e9c969,C3282,336.64,GBP,Delta,Electronics,2025-11-12 10:26:06.372412,pending,NONE,UK,tablet,False
e1d950de-c97c-489e-8646-d30aef696290,C3388,145.23,EUR,Walmart,Travel,2026-08-04 10:26:06.372416,pending,NONE,CA,tablet,False
dda25058-fc66-41a5-8813-c606419d2f12,C6712,349.81,JPY,Starbucks,Electronics,2026-02-16 10:26:06.372420,pending,NONE,US,mobile,False
aa55597d-3ee0-4bd3-89b9-cdd9149e0c47,C9578,324.93,JPY,Uber,Dining,2026-03-19 10:26:06.372424,failed,E001,JP,mobile,True
dc3e6f8f-c565-42fb-a4a1-953460fd72b1,C5888,47.81,EUR,Costco,Utilities,2025-11-01 10:26:06.372428,success,NONE,CA,web,False
9f8e36d0-23f0-4b58-bdfc-c377bd23f20a,C6373,337.58,JPY,Apple,Groceries,2025-12-03 10:26:06.372431,pending,NONE,CA,tablet,False
14b23d7f-2485-4d21-8be6-67c98befc55c,C9769,128.89,JPY,Starbucks,Shopping,2026-08-22 10:26:06.372435,pending,NONE,JP,tablet,False
727e49a0-c4cf-4e46-b55d-904577a3885f,C5667,482.22,USD,Delta,Groceries,2025-12-17 10:26:06.372439,pending,NONE,UK,mobile,False
521023f4-4b22-4a1f-a0a3-854948afa858,C4636,24.57,USD,Costco,Groceries,2025-11-27 10:26:06.372443,pending,NONE,US,mobile,False
a4a1f0cd-3771-4d3e-83c3-619b397ed083,C7376,223.74,GBP,Amazon,Utilities,2026-05-16 10:26:06.372446,failed,E003,UK,tablet,True
9c15b403-98e6-4259-a187-9a37ac663344,C5245,204.82,EUR,Starbucks,Dining,2026-04-25 10:26:06.372450,failed,E001,CA,tablet,True
ad70ca48-1121-4ee9-8d41-8fdbebd7c92e,C9030,341.8,GBP,Target,Utilities,2025-12-28 10:26:06.372454,pending,NONE,FR,web,False
8c1949dc-b580-400e-8d54-6f975f8b351a,C5767,451.95,USD,Delta,Electronics,2025-11-29 10:26:06.372458,success,NONE,JP,tablet,False
039f8a3e-32af-4c4b-97ae-71166f228b1e,C4826,477.57,USD,Target,Shopping,2025-10-22 10:26:06.372461,success,NONE,JP,tablet,False
5631eca3-4c05-49dc-b73a-82c9c4205cf6,C4528,465.97,JPY,Target,Groceries,2026-05-23 10:26:06.372465,pending,NONE,CA,mobile,False
8fa0a4a7-565f-481f-b077-bdee2b9437d9,C8052,253.02,GBP,Starbucks,Electronics,2026-07-11 10:26:06.372469,success,NONE,FR,tablet,False
ce4cf878-c580-4f65-933b-440c65de2b76,C4793,491.74,EUR,Uber,Travel,2026-03-30 10:26:06.372472,success,NONE,CA,web,False
b796466a-5c8c-4b93-b31e-9b12e9d303be,C2183,268.46,JPY,Apple,Shopping,2025-10-25 10:26:06.372476,failed,E002,CA,tablet,True
ab0d6f0c-9d8d-444d-8b41-e12c91ffb9da,C5935,376.6,GBP,Walmart,Travel,2026-01-29 10:26:06.372480,pending,NONE,CA,web,False
67ca189f-1740-43cb-8f4f-f41029555b90,C8904,187.31,USD,Amazon,Electronics,2026-08-25 10:26:06.372484,pending,NONE,UK,mobile,False
45d7f4ab-127d-4e8b-82c2-70542f97d232,C2201,240.43,USD,Walmart,Utilities,2025-11-25 10:26:06.372488,failed,E002,FR,web,True
aa8e843b-ef3d-4da9-b61c-4b8b7890c68f,C9619,487.02,USD,Walmart,Electronics,2026-08-16 10:26:06.372491,failed,E002,CA,tablet,True
c8b5eb21-973d-4a30-b8f7-fe4902daa629,C3247,42.28,GBP,Delta,Electronics,2026-02-15 10:26:06.372495,pending,NONE,DE,web,False
c8d30f8c-2cc8-4e95-b0c8-647e17cc248d,C2881,121.61,GBP,Delta,Utilities,2026-08-11 10:26:06.372500,failed,E002,US,web,True
89db724c-04c3-4390-9560-9b9885533b6a,C7341,385.81,EUR,Amazon,Electronics,2026-06-10 10:26:06.372504,success,NONE,UK,web,False
d52117a1-f260-4c6e-9421-2631a37d512e,C2479,420.74,GBP,Costco,Electronics,2025-09-10 10:26:06.372507,failed,E002,US,mobile,True
158d5996-ca96-4d99-bc1e-13f6c6ea627c,C9290,378.16,GBP,Costco,Groceries,2025-10-08 10:26:06.372511,failed,E003,FR,tablet,True
02a781d3-01b2-4495-b509-92202a5a5121,C7352,391.04,EUR,Amazon,Groceries,2026-01-11 10:26:06.372515,pending,NONE,DE,mobile,False
a748f544-a4e1-45cd-bc73-c7832fad003b,C4339,488.01,EUR,Target,Travel,2026-02-19 10:26:06.372519,pending,NONE,UK,tablet,False
017c1682-41d3-4b91-a1f1-7c35b877df58,C3792,203.5,EUR,Amazon,Electronics,2025-10-19 10:26:06.372522,pending,NONE,FR,mobile,False
c0ed4a1a-daf6-46a8-bf80-5605663eb850,C1528,264.12,USD,Target,Shopping,2026-08-03 10:26:06.372526,success,NONE,UK,web,False
9948e2ad-0deb-4caf-b880-db8b98a89adb,C1258,257.66,GBP,Amazon,Electronics,2025-09-17 10:26:06.372530,success,NONE,CA,web,False
16bf7050-ce12-4a6d-a049-82df37b2c49e,C4262,241.36,USD,Amazon,Utilities,2025-12-11 10:26:06.372534,pending,NONE,US,web,False
6367b0f0-a0b3-4e85-8b9d-9128984d6c45,C7184,27.33,GBP,Amazon,Shopping,2026-01-12 10:26:06.372538,failed,E002,US,mobile,True
e3735097-f103-443e-bf05-e426b32a91a9,C8739,66.32,USD,Amazon,Shopping,2025-10-17 10:26:06.372541,pending,NONE,UK,mobile,False
436b54be-3a13-481a-9395-9387b0c041bc,C7368,498.02,EUR,Apple,Utilities,2025-10-04 10:26:06.372545,success,NONE,CA,tablet,False
858b412f-6770-40e2-8842-f95425cadfe6,C8656,398.21,JPY,Uber,Shopping,2026-06-12 10:26:06.372549,pending,NONE,JP,mobile,False
7f005411-3214-45eb-805f-8062cd93dceb,C4568,9.75,EUR,Starbucks,Shopping,2026-08-19 10:26:06.372553,success,NONE,DE,web,False
5550e5c8-0f09-4e14-a650-a578a6de7578,C7843,393.81,USD,Walmart,Utilities,2026-08-16 10:26:06.372557,pending,NONE,FR,mobile,False
4c10b063-1290-4b6a-b3f3-c2ea8534a4d4,C2037,270.44,GBP,Apple,Dining,2025-11-28 10:26:06.372560,failed,NONE,FR,tablet,True
cfb032ed-4b9b-4a04-b457-baba65b2f3bf,C2453,173.13,USD,Starbucks,Utilities,2026-01-15 10:26:06.372564,failed,E003,FR,tablet,True
5f8b5c08-8fb7-4261-a3ca-1100dcdb7d26,C7647,231.83,EUR,Apple,Groceries,2026-02-17 10:26:06.372568,failed,E003,FR,web,True
6c33c837-9da6-4494-8efc-e9a21806489b,C2930,425.03,USD,Target,Shopping,2026-07-30 10:26:06.372572,failed,E003,CA,web,True
5a556c61-9a4d-41ac-8126-5118e23daac1,C8603,389.2,USD,Uber,Utilities,2026-04-20 10:26:06.372576,success,NONE,CA,web,False
7ab6bb2a-60b7-446f-991c-602bf0113a68,C8450,304.52,GBP,Walmart,Shopping,2026-02-12 10:26:06.372579,success,NONE,US,web,False
e47d3d5c-1705-42c0-aea6-261b6e6484f0,C4610,400.86,GBP,Uber,Dining,2026-01-07 10:26:06.372583,pending,NONE,JP,tablet,False
cd92de49-6b42-4dd1-bef2-8b342cefd6c6,C4510,456.09,JPY,Delta,Groceries,2026-01-11 10:26:06.372587,failed,E003,FR,mobile,True
c08af8de-d23f-4ce2-a656-bc1889d0b3ee,C5477,277.43,USD,Walmart,Dining,2025-12-22 10:26:06.372591,success,NONE,DE,mobile,False
321de09b-4df5-4500-9c64-4b1bbddca50b,C7970,386.52,GBP,Amazon,Shopping,2025-12-13 10:26:06.372595,success,NONE,DE,web,False
23c0e8ca-1ad5-4d97-ba9a-2004d23e8cc8,C9443,451.72,USD,Apple,Shopping,2025-12-22 10:26:06.372599,failed,E001,JP,tablet,True
40285dc1-a1f8-424d-9752-2a08be6eb379,C5386,77.62,EUR,Costco,Dining,2026-03-29 10:26:06.372607,success,NONE,US,web,False
8b3b099d-59f9-40c4-8e02-44b7688be636,C7221,387.46,EUR,Delta,Dining,2026-06-26 10:26:06.372612,success,NONE,US,mobile,False
92bdbc9c-c289-4e86-a24c-05ca868a47db,C2194,52.78,JPY,Delta,Electronics,2025-09-19 10:26:06.372616,pending,NONE,JP,web,False
e4bc097d-bcce-4947-a7b5-f0213dce242f,C7595,47.32,EUR,Delta,Shopping,2025-11-20 10:26:06.372620,pending,NONE,JP,mobile,False
7dbbd875-3b74-4071-9e6f-a4ed6ad0f3a5,C3261,209.55,EUR,Starbucks,Shopping,2026-05-05 10:26:06.372624,success,NONE,UK,web,False
3b39db40-5500-4d56-8859-040c2611ed76,C7239,35.67,JPY,Starbucks,Travel,2025-10-25 10:26:06.372627,pending,NONE,CA,mobile,False
9bdf979a-fb06-47e8-ba60-41e61ea67b07,C6198,385.36,GBP,Apple,Electronics,2026-07-19 10:26:06.372631,success,NONE,DE,mobile,False
2435578e-8e15-4ec3-83f0-c93b7118ce5f,C8111,444.93,USD,Delta,Groceries,2026-03-15 10:26:06.372635,success,NONE,UK,mobile,False
a66ce273-71ce-465f-8fa3-b1d5c7dd8b29,C2049,219.55,EUR,Costco,Electronics,2026-08-10 10:26:06.372639,success,NONE,DE,tablet,False
a3f8d136-a293-4e61-8173-841777fdbe8f,C7179,287.96,GBP,Target,Groceries,2026-07-19 10:26:06.372642,success,NONE,JP,tablet,False
8d1942b1-b244-4185-a673-9382b2c11f05,C7590,450.83,USD,Costco,Utilities,2026-07-26 10:26:06.372646,failed,E003,JP,tablet,True
7765897f-dd67-44a3-9fd1-432cfb75b882,C6228,328.27,JPY,Uber,Dining,2025-10-05 10:26:06.372650,success,NONE,UK,web,False
8ae92613-d5c9-469f-a7a0-693141475e3a,C5326,164.3,JPY,Amazon,Travel,2025-12-07 10:26:06.372654,pending,NONE,US,mobile,False
d9a889b3-1689-4aec-8377-f9a3ebc30736,C6975,456.61,USD,Apple,Utilities,2026-02-22 10:26:06.372658,pending,NONE,UK,tablet,False
1a3ec583-8c66-4112-8367-8372fe755529,C8190,231.97,JPY,Walmart,Dining,2026-08-29 10:26:06.372662,pending,NONE,CA,web,False
339fcecb-0038-452b-8a36-4aae8342d40a,C8324,83.98,EUR,Costco,Shopping,2026-05-22 10:26:06.372666,failed,E002,DE,web,True
5e9ecbe1-7e2d-417f-bc80-50148db61224,C4022,334.45,USD,Target,Travel,2025-11-03 10:26:06.372670,pending,NONE,JP,web,False
cc803a29-a2a4-4278-93a4-28b7c726f539,C2583,8.62,JPY,Uber,Electronics,2026-08-10 10:26:06.372674,pending,NONE,DE,web,False
6636773d-87e3-40b4-ad35-15a23396c063,C5525,129.16,EUR,Delta,Shopping,2025-09-05 10:26:06.372677,failed,E001,UK,web,True
6bd0fa87-13d3-47ad-a2a4-86f9181f147c,C5473,251.7,USD,Amazon,Dining,2026-06-24 10:26:06.372681,pending,NONE,CA,mobile,False
5d84c138-7e76-4d5e-af05-8a39226395bb,C2246,481.16,GBP,Amazon,Shopping,2026-02-01 10:26:06.372685,pending,NONE,CA,tablet,False
1f50796b-d993-4752-8dd1-db7dc5324fc6,C5540,374.08,EUR,Starbucks,Dining,2026-07-27 10:26:06.372689,success,NONE,US,mobile,False
d7f160ea-dc28-4ba2-a6fa-17f8c7807e91,C1794,96.15,GBP,Delta,Dining,2026-01-17 10:26:06.372692,success,NONE,DE,mobile,False
d43f87b1-06a2-454a-9d19-b9f3dd588984,C4787,30.1,USD,Costco,Groceries,2026-02-28 10:26:06.372696,failed,E001,JP,tablet,True
1aab5e0d-8529-48da-8708-6dfb6c04a351,C4813,377.79,GBP,Amazon,Dining,2026-04-09 10:26:06.372700,success,NONE,CA,web,False
ae3efac5-4f28-4daf-b969-1e23bb60a9a7,C1063,408.61,EUR,Apple,Travel,2026-09-01 10:26:06.372704,pending,NONE,UK,mobile,False
a0a84cd5-01c8-4022-89e5-d25c93703b27,C4939,405.34,GBP,Target,Travel,2026-08-31 10:26:06.372707,pending,NONE,UK,web,False
51ceb0fd-be32-4956-bb33-757cab9a96a4,C4809,65.36,EUR,Walmart,Shopping,2026-03-14 10:26:06.372711,pending,NONE,JP,tablet,False
40f34d91-4e6a-4874-8c1f-5e431d200766,C7407,410.5,EUR,Target,Electronics,2026-01-18 10:26:06.372715,pending,NONE,FR,mobile,False
e24ce035-efbc-4c4a-8f3f-2abbf158e012,C3854,83.86,USD,Amazon,Electronics,2025-09-19 10:26:06.372719,failed,NONE,JP,web,True
481da33f-576d-40a6-8a87-36db20f0602b,C6002,133.51,EUR,Starbucks,Travel,2026-08-11 10:26:06.372723,success,NONE,US,mobile,False
6e22a4a1-a8d4-46b3-9328-b1296a949f4a,C9284,166.92,EUR,Starbucks,Dining,2026-03-01 10:26:06.372726,pending,NONE,US,tablet,False
188ad3dd-d6b9-4a53-9435-666aa3c7ea4a,C7835,8.11,USD,Uber,Electronics,2026-05-21 10:26:06.372730,failed,E002,JP,tablet,True
e2e1ff2c-a7a5-4a80-bce8-4240eac057da,C6317,374.01,EUR,Apple,Shopping,2025-10-21 10:26:06.372734,failed,E003,UK,tablet,True
12eea160-b706-4ff1-8be5-6327a3ecb804,C8959,316.58,USD,Uber,Dining,2026-08-05 10:26:06.372739,pending,NONE,JP,mobile,False
7dd75c72-899a-4497-aea4-c9f3facb2dc2,C3688,83.07,GBP,Starbucks,Electronics,2026-03-19 10:26:06.372744,pending,NONE,UK,tablet,False
725fef99-5787-486e-8048-9edb1612d377,C9528,428.2,EUR,Starbucks,Utilities,2026-08-11 10:26:06.372748,success,NONE,US,mobile,False
38daab06-79c4-4613-b590-13c92de3bd88,C1705,474.98,JPY,Target,Shopping,2025-12-06 10:26:06.372752,success,NONE,US,web,False
52b822a3-6cf2-4311-9cd5-cc8e80184814,C2210,17.85,EUR,Apple,Travel,2025-11-21 10:26:06.372756,failed,E002,CA,web,True
bec7fba3-d8ff-437f-b6c1-56a2b45066ef,C4277,110.69,GBP,Costco,Travel,2026-03-14 10:26:06.372760,failed,E002,CA,tablet,True
a8a09376-8c4c-4619-82e4-3fef82a9ed2c,C8151,187.7,EUR,Uber,Utilities,2026-08-29 10:26:06.372764,failed,E003,JP,mobile,True
c1c4d430-7e62-44d1-8b19-6d32d7445bc7,C9066,416.95,USD,Apple,Electronics,2026-08-29 10:26:06.372768,success,NONE,DE,web,False
d3572e0b-4d55-4857-9f7a-8e494c48cd69,C9343,236.22,JPY,Apple,Shopping,2026-06-25 10:26:06.372771,success,NONE,JP,mobile,False
6c7cd8c4-dbe0-45ca-9b66-f590913ba4d6,C3149,455.28,USD,Delta,Groceries,2026-05-10 10:26:06.372775,success,NONE,JP,tablet,False
9d67bd70-2a94-49b9-b820-3c24d97dbea5,C7148,470.45,USD,Amazon,Groceries,2025-09-15 10:26:06.372778,pending,NONE,US,mobile,False
103da54e-22fa-42a1-860d-999e33c247d4,C9670,180.65,GBP,Apple,Utilities,2026-05-24 10:26:06.372782,failed,E002,US,web,True
7f0db7cf-9ea6-4ce3-8951-d1cec7e8de35,C3722,469.93,EUR,Apple,Dining,2026-02-01 10:26:06.372786,success,NONE,FR,mobile,False
e53f0d1b-f5f1-4c40-8de3-03ab6c96336b,C3367,341.24,JPY,Starbucks,Shopping,2026-06-25 10:26:06.372789,pending,NONE,FR,mobile,False
579cefe0-c122-4c6a-ade4-5bfc2b7084ba,C5698,370.16,USD,Uber,Groceries,2025-10-19 10:26:06.372793,pending,NONE,JP,web,False
3c92cecd-ac6d-4cfe-9416-4c1975e6ece1,C6322,124.78,JPY,Walmart,Utilities,2026-05-26 10:26:06.372797,success,NONE,JP,mobile,False
5e426bc6-54ea-4a95-8c8b-2af71aac8d32,C6644,396.22,EUR,Uber,Groceries,2026-09-02 10:26:06.372801,failed,E001,CA,mobile,True
af4ac8cb-805f-499e-86b6-8bd937ab539b,C4399,497.16,GBP,Starbucks,Electronics,2025-10-08 10:26:06.372804,pending,NONE,US,web,False
dfa25a4a-8295-48e5-8083-4e6ab7f60967,C6997,69.68,GBP,Target,Shopping,2025-12-11 10:26:06.372808,pending,NONE,FR,mobile,False
896830f7-5973-4392-8e6e-11eea36a95a2,C6997,213.57,EUR,Target,Electronics,2026-05-18 10:26:06.372813,pending,NONE,DE,mobile,False
52a70947-bf69-4516-9a5e-b683f1ef9d5e,C9884,233.92,JPY,Uber,Dining,2026-05-25 10:26:06.372817,failed,E001,JP,tablet,True
8644aa80-b870-4bf3-9b91-533fe2bea76c,C3734,66.29,GBP,Costco,Electronics,2026-01-29 10:26:06.372821,failed,E001,US,mobile,True
04744287-4957-4086-98e3-9d766a02c517,C3080,491.34,USD,Delta,Dining,2026-06-24 10:26:06.372825,success,NONE,DE,web,False
320757f6-e621-43f4-bca8-02746da04fdf,C3660,182.17,GBP,Amazon,Travel,2025-09-09 10:26:06.372828,success,NONE,FR,web,False
36d5f85d-87ef-44e3-ac0a-6b383b0ab0f8,C2219,321.21,JPY,Delta,Utilities,2026-04-18 10:26:06.372832,pending,NONE,JP,mobile,False
e4ef83db-51b2-4646-b43b-8e24464f5443,C3274,367.29,JPY,Starbucks,Electronics,2026-01-04 10:26:06.372836,success,NONE,US,web,False
c39d0f94-3a71-4d44-87d4-9e0ea52aebad,C8250,433.85,JPY,Apple,Shopping,2026-04-14 10:26:06.372839,pending,NONE,FR,mobile,False
839d1a1a-6cb5-4b9c-9944-4c7c81e0a06e,C1764,319.7,USD,Costco,Electronics,2026-03-06 10:26:06.372843,pending,NONE,US,web,False
cf3a6947-9e0f-4f73-b629-4ae2a94319ff,C3765,357.35,EUR,Costco,Groceries,2026-07-11 10:26:06.372847,failed,E003,CA,tablet,True
b6b92579-6f3f-4325-b259-79bcb83c405b,C7363,121.92,GBP,Target,Utilities,2026-01-04 10:26:06.372850,pending,NONE,UK,web,False
84f53ba0-d5a9-4429-8168-f26d33c5b5c1,C4005,357.24,USD,Starbucks,Shopping,2026-04-11 10:26:06.372854,success,NONE,UK,web,False
573398ee-2be3-4c55-8269-83cb892cd6ff,C4702,462.66,JPY,Costco,Dining,2026-04-24 10:26:06.372858,pending,NONE,UK,web,False
09edf851-dc53-49e5-a9a4-0c0e8619eb33,C5461,331.04,USD,Apple,Shopping,2026-06-28 10:26:06.372861,success,NONE,FR,tablet,False
a042601c-903e-4a8b-a525-472732a11e11,C4669,222.61,JPY,Delta,Utilities,2026-03-15 10:26:06.372865,pending,NONE,FR,web,False
a73a1b74-ba79-4f37-aa36-5c2552b12128,C3303,377.4,EUR,Costco,Electronics,2025-10-22 10:26:06.372869,failed,E001,CA,mobile,True
9b8a2e11-520a-45a7-98a8-3a4936f0326f,C5743,382.96,GBP,Walmart,Shopping,2026-05-16 10:26:06.372873,pending,NONE,US,tablet,False
41378c7c-f9a2-4bc8-b027-a03dcbd0f36e,C4680,498.31,JPY,Amazon,Electronics,2025-12-05 10:26:06.372876,success,NONE,FR,mobile,False
bbf37650-0aae-4a01-9c57-98b0e2270b64,C3313,62.92,USD,Walmart,Dining,2026-05-19 10:26:06.372880,success,NONE,FR,web,False
e8cc48df-de42-445f-b13e-11a19d60622a,C3085,153.77,JPY,Target,Dining,2026-09-01 10:26:06.372884,success,NONE,DE,web,False
2cdd21ad-d5f5-40cc-9a25-4dbf8fb06e6d,C8670,303.68,EUR,Costco,Travel,2026-07-31 10:26:06.372888,failed,E002,US,tablet,True
1f5799bb-cdea-4a48-97f7-60607210aa4b,C3437,365.92,USD,Apple,Utilities,2026-03-24 10:26:06.372891,pending,NONE,FR,tablet,False
193637fb-dd69-47c4-8519-40f766bca88e,C3634,366.97,EUR,Starbucks,Travel,2026-07-26 10:26:06.372895,failed,E003,UK,tablet,True
ce16ec61-9f62-4699-a6c8-0f64b6ce085e,C4081,63.71,USD,Uber,Utilities,2025-09-08 10:26:06.372899,pending,NONE,UK,web,False
964bf3a2-85f4-4ed2-a746-3082a746f213,C1641,354.14,GBP,Costco,Groceries,2025-10-26 10:26:06.372902,failed,E003,FR,web,True
e44a573b-801c-4af0-9f9e-eabe6578b118,C6218,10.71,EUR,Starbucks,Travel,2026-08-19 10:26:06.372907,failed,E003,DE,tablet,True
c7c8e5aa-8f48-4070-8492-f4dea57bf810,C8059,376.88,JPY,Starbucks,Dining,2025-11-28 10:26:06.372910,pending,NONE,CA,tablet,False
65c4059c-1646-4c8e-9c9a-7ee5a83df394,C5823,36.84,USD,Costco,Shopping,2026-07-05 10:26:06.372914,pending,NONE,FR,web,False
f96d2ff9-de9a-4213-85d3-05e4936a8b6e,C5005,298.44,GBP,Costco,Groceries,2025-10-15 10:26:06.372918,success,NONE,CA,web,False
bbab66aa-1ad7-4740-9444-03368b0d6ad7,C5716,338.59,GBP,Costco,Groceries,2025-12-08 10:26:06.372921,failed,E002,US,web,True
c79baa24-67b5-4f2d-b795-d9018ef213b0,C2346,133.15,USD,Costco,Groceries,2025-09-11 10:26:06.372925,pending,NONE,DE,mobile,False
347783b4-f79e-45d5-a84e-69615ec0842a,C2943,201.68,JPY,Delta,Electronics,2026-08-29 10:26:06.372929,success,NONE,US,web,False
a28f53b9-77b9-41eb-acd4-80b44ae11728,C7598,234.64,EUR,Walmart,Electronics,2025-10-06 10:26:06.372933,failed,E001,US,web,True
b2398e4c-4a13-4f8f-b00b-7b6311bf4adb,C1590,231.45,EUR,Starbucks,Travel,2026-04-04 10:26:06.372937,pending,NONE,US,mobile,False
da3a5cf9-5584-4949-aa5a-f0825a35e50b,C9710,72.28,JPY,Uber,Groceries,2026-04-22 10:26:06.372940,pending,NONE,FR,web,False
4de6c5af-6880-4969-95c5-6a2385920d00,C7575,15.09,JPY,Starbucks,Electronics,2026-02-16 10:26:06.372944,success,NONE,JP,mobile,False
c26a286f-5f51-4df2-a0ca-88feb03fe3e8,C2716,139.39,JPY,Costco,Dining,2025-10-26 10:26:06.372948,failed,E001,JP,mobile,True
4a7d8b38-6e07-45ca-82d3-812b9746d59b,C2644,269.79,GBP,Walmart,Groceries,2026-06-22 10:26:06.372952,failed,E001,JP,web,True
2ef560c7-2251-4642-a7fe-81cad460f6aa,C7002,307.2,JPY,Amazon,Shopping,2026-02-21 10:26:06.372955,success,NONE,US,tablet,False
82eaf8d0-ae2c-4f5a-8b1c-dbd6961802d0,C2344,72.45,USD,Target,Electronics,2025-09-23 10:26:06.372959,failed,NONE,US,web,True
d36d90f9-bdda-4465-b611-eaf9520eacbc,C4155,397.31,USD,Starbucks,Shopping,2025-11-07 10:26:06.372963,success,NONE,UK,mobile,False
42fdc362-c16b-4332-ac9f-79774352fd6b,C6470,223.6,EUR,Uber,Travel,2025-10-25 10:26:06.372967,pending,NONE,JP,web,False
14643502-16d1-4dfc-a28f-0fbb885141e1,C8687,460.96,USD,Uber,Shopping,2026-01-29 10:26:06.372971,failed,E001,US,tablet,True
3f18362f-731b-46ac-a64f-de1b7cb62ae4,C8625,146.5,JPY,Uber,Utilities,2026-01-27 10:26:06.372975,failed,E001,US,web,True
7c3b8346-5d70-4133-82de-ebe6ac25e5d3,C1133,281.28,JPY,Amazon,Utilities,2026-03-12 10:26:06.372979,pending,NONE,US,mobile,False
eeae5841-54d5-4f29-b3d0-25198b657c9b,C2122,153.86,USD,Costco,Dining,2025-09-10 10:26:06.372982,success,NONE,JP,mobile,False
78146778-5d06-47f5-9b44-27975a296ea4,C7622,11.77,GBP,Starbucks,Shopping,2026-04-12 10:26:06.372986,failed,E001,US,web,True
e43f13e6-cad6-429d-9969-0d6841add555,C5488,327.0,JPY,Starbucks,Travel,2025-11-11 10:26:06.372990,pending,NONE,CA,tablet,False
30ed8c1f-3215-4eea-8b5e-c3709116c5db,C1673,222.95,GBP,Starbucks,Utilities,2026-07-17 10:26:06.372993,success,NONE,JP,tablet,False
3100d83e-452a-460e-8f58-1ca7f18b29dd,C6007,24.77,JPY,Starbucks,Travel,2026-02-05 10:26:06.372998,failed,E001,FR,web,True
4963d7bd-6d62-4ceb-b6b8-a644deb955fd,C4182,224.89,GBP,Walmart,Groceries,2026-08-02 10:26:06.373002,failed,E001,DE,web,True
481ce2d3-ce76-409b-a0a5-c417a05dd02d,C6366,38.03,EUR,Costco,Shopping,2026-05-31 10:26:06.373006,pending,NONE,UK,tablet,False
c1f0c3c3-8bb6-419b-8915-9c5b3c6ea48b,C4895,491.45,GBP,Amazon,Groceries,2026-03-02 10:26:06.373009,pending,NONE,DE,tablet,False
bba5d13b-b66d-4d4c-ba4e-9da9c72750bf,C1749,367.65,USD,Apple,Dining,2026-07-10 10:26:06.373014,failed,NONE,US,tablet,True
ca9bd087-b4a5-4af3-9746-c1f213a4cee6,C4153,63.3,EUR,Costco,Groceries,2026-01-25 10:26:06.373018,failed,E001,US,mobile,True
5354a1e6-7354-4e2a-aec1-93231a3d16ec,C1424,314.76,JPY,Walmart,Electronics,2026-08-31 10:26:06.373021,success,NONE,FR,mobile,False
f387d7a2-779c-4742-b679-09004a8a1ad7,C7383,160.03,USD,Walmart,Groceries,2025-10-02 10:26:06.373025,pending,NONE,JP,mobile,False
d342f6a5-981b-4d0f-bc40-0236c81110fd,C7100,332.4,EUR,Costco,Groceries,2026-05-31 10:26:06.373029,success,NONE,DE,tablet,False
678f72c1-df99-4eef-b7b5-4990d0ce81bb,C9875,117.37,EUR,Starbucks,Utilities,2025-12-12 10:26:06.373032,pending,NONE,UK,web,False
2a65a2a6-4532-49c7-9fd3-3f6d5f7340ab,C4390,126.22,JPY,Target,Electronics,2026-03-01 10:26:06.373036,failed,E002,US,mobile,True
aed1d874-4c22-4456-b1bb-a2918496d62c,C6803,52.45,JPY,Starbucks,Utilities,2025-10-21 10:26:06.373040,failed,E003,FR,web,True
9f161e7b-c09a-49e7-8d43-8e6e56013a78,C3357,62.99,GBP,Starbucks,Travel,2026-05-24 10:26:06.373044,success,NONE,CA,tablet,False
9c23628b-3e4c-4d8f-a9ff-fc30f32c5ced,C9125,122.57,USD,Amazon,Groceries,2025-12-09 10:26:06.373047,failed,E003,CA,web,True
157cacb9-4eeb-4fd4-aade-b3826cbe81d3,C5124,266.93,USD,Delta,Electronics,2026-05-13 10:26:06.373051,pending,NONE,CA,mobile,False
81356acd-7c89-440f-8e6b-ea8cd25d36f6,C7992,7.45,EUR,Amazon,Travel,2026-01-17 10:26:06.373055,success,NONE,JP,tablet,False
65c77967-85bf-4f46-9bbb-a3f23c2aacba,C2628,80.72,JPY,Walmart,Utilities,2026-06-29 10:26:06.373059,pending,NONE,JP,web,False
c824d0a1-9777-4130-8683-1b99d4a3f957,C8334,329.21,EUR,Costco,Utilities,2025-10-12 10:26:06.373062,pending,NONE,FR,web,False
112c3d60-475c-4b28-a329-2c5442b9795d,C9277,335.48,EUR,Starbucks,Travel,2026-04-08 10:26:06.373066,success,NONE,DE,mobile,False
569e9c71-2764-4d80-b332-ca3931e3e6c2,C1993,27.67,JPY,Uber,Groceries,2026-07-08 10:26:06.373070,success,NONE,JP,web,False
b1e5b1c3-34f4-4d22-9db8-35fbce1de81e,C4306,371.53,EUR,Uber,Electronics,2026-06-22 10:26:06.373073,pending,NONE,DE,web,False
71720522-c74f-4476-a412-c0a94d5e5686,C7438,312.45,GBP,Costco,Electronics,2026-06-25 10:26:06.373077,failed,E001,UK,tablet,True
310ff529-f76b-47da-af6f-53a34af6a8d2,C9028,323.22,JPY,Apple,Electronics,2026-04-10 10:26:06.373081,success,NONE,UK,web,False
d378a21d-978d-4da5-904b-53c21fe27932,C6698,386.96,USD,Amazon,Groceries,2025-10-03 10:26:06.373085,success,NONE,US,mobile,False
e12529dc-f734-4f5e-b9f9-b64bebe4dedd,C4946,178.7,GBP,Target,Electronics,2026-04-12 10:26:06.373088,failed,E001,JP,tablet,True
0e0c110c-b6fa-47dc-bc50-8f8485bf9abc,C2246,212.51,EUR,Costco,Electronics,2026-03-01 10:26:06.373092,failed,E001,DE,web,True
13736523-bd37-4a80-8dd9-41f54d506cb5,C9733,327.68,JPY,Starbucks,Electronics,2026-04-30 10:26:06.373096,failed,NONE,FR,web,True
9246fc55-6698-4b8e-99c5-27e2550ca79e,C3428,248.79,GBP,Walmart,Dining,2026-08-29 10:26:06.373100,success,NONE,FR,web,False
2a7e345e-ec96-42a3-8d0c-e6d5f087893e,C9666,103.56,EUR,Costco,Utilities,2026-08-15 10:26:06.373104,success,NONE,UK,web,False
b3fd1e59-42ac-4920-821d-3ac13c68f996,C3715,204.86,GBP,Costco,Utilities,2026-05-17 10:26:06.373107,success,NONE,FR,web,False
61519d16-c136-462e-819c-7fc4a4ebbc29,C8363,73.9,GBP,Apple,Dining,2026-04-02 10:26:06.373111,pending,NONE,CA,mobile,False
f6dbd18b-fb07-4813-a40b-8d8e279e4ee0,C9657,478.19,JPY,Apple,Travel,2026-02-15 10:26:06.373116,pending,NONE,UK,mobile,False
ab41402a-4817-4b5b-a777-2e24512ac11b,C6137,142.42,EUR,Amazon,Electronics,2026-06-19 10:26:06.373119,success,NONE,DE,web,False
10eb0589-6580-449b-8e49-846c9566b5e2,C2423,364.4,GBP,Target,Shopping,2026-08-07 10:26:06.373123,success,NONE,UK,tablet,False
05c10db4-05b2-4af8-a751-c695f6ae3000,C1364,6.86,JPY,Target,Electronics,2026-08-16 10:26:06.373126,success,NONE,UK,web,False
f281099b-2358-49fb-b7fa-bd6d62d8bb18,C9283,431.03,USD,Apple,Shopping,2026-07-01 10:26:06.373130,failed,E003,CA,tablet,True
a713c770-c263-4955-8325-a33f4cfafde5,C5992,177.31,JPY,Amazon,Utilities,2025-11-05 10:26:06.373134,pending,NONE,DE,web,False
2b1b0890-6089-478c-ba0e-19e4ebc448bf,C8397,65.09,GBP,Walmart,Utilities,2025-09-18 10:26:06.373138,pending,NONE,UK,mobile,False
db9d2e21-9080-4df1-98d2-97d27a320c14,C7422,273.56,GBP,Uber,Travel,2026-05-27 10:26:06.373142,success,NONE,JP,web,False
485d62f0-5a4f-4bc7-96bd-c12fefabad4f,C4802,213.9,EUR,Apple,Electronics,2025-12-13 10:26:06.373145,pending,NONE,CA,tablet,False
07150d60-fb73-4421-8669-cbcac3dc8236,C3823,331.58,GBP,Uber,Utilities,2025-09-18 10:26:06.373149,pending,NONE,DE,mobile,False
92c6a8a7-e672-42fc-b11a-b8a3cdd00006,C5582,186.59,GBP,Target,Dining,2025-12-29 10:26:06.373153,pending,NONE,DE,mobile,False
21b80df0-deb5-4ad9-80bd-fb19141c38ea,C1628,179.85,EUR,Amazon,Travel,2026-04-27 10:26:06.373157,failed,E003,JP,web,True
7f34c900-ed87-4d25-a2a1-40dab6da0861,C5657,419.9,USD,Uber,Electronics,2026-08-16 10:26:06.373160,pending,NONE,FR,tablet,False
1a8398ec-232c-481e-be22-4e3793dd9fd0,C8252,470.71,EUR,Starbucks,Groceries,2025-11-14 10:26:06.373164,pending,NONE,FR,mobile,False
d0f9ad8c-9e94-47b2-8e64-96c49ef57182,C8078,216.17,EUR,Uber,Travel,2026-04-16 10:26:06.373168,failed,E002,UK,tablet,True
96750f88-1e6d-48b8-81b6-20b742d7be04,C5570,293.41,JPY,Target,Utilities,2025-10-12 10:26:06.373172,pending,NONE,CA,web,False
a6384834-0c2d-43bc-b1f5-7d8f95b625ce,C6989,135.05,EUR,Uber,Utilities,2026-06-13 10:26:06.373175,failed,E002,JP,tablet,True
524cb7bd-3707-4962-97ad-98d5dca40506,C5159,360.24,USD,Amazon,Electronics,2026-01-26 10:26:06.373179,failed,NONE,US,tablet,True
e32b547f-5bd0-4ab0-96be-a5ace22310e7,C9102,438.24,EUR,Amazon,Groceries,2025-10-29 10:26:06.373183,pending,NONE,DE,mobile,False
bc72a237-327b-4045-8d59-13e387044427,C7647,199.75,EUR,Amazon,Dining,2025-12-11 10:26:06.373187,failed,NONE,FR,mobile,True
651600d9-c065-4e27-948f-052048a96d4d,C8238,268.17,GBP,Delta,Utilities,2025-12-16 10:26:06.373191,pending,NONE,DE,tablet,False
10165771-a219-40ad-9e83-8dd58d3a6d3f,C9788,480.51,EUR,Uber,Dining,2025-10-21 10:26:06.373194,failed,E002,JP,mobile,True
3e02b068-12cf-444c-88ca-b997189a382f,C1242,355.57,EUR,Amazon,Dining,2025-11-01 10:26:06.373198,pending,NONE,JP,web,False
d246833f-db53-4fe9-b4d7-5d717d0ec539,C3330,357.32,JPY,Costco,Electronics,2025-11-04 10:26:06.373202,success,NONE,DE,tablet,False
021b70bc-25fe-4d30-baa5-edd8a5dc9c17,C6572,128.87,USD,Uber,Dining,2025-11-11 10:26:06.373205,success,NONE,JP,web,False
3d09fa84-a692-474d-8320-0997608e25c0,C3652,332.43,GBP,Starbucks,Shopping,2026-07-23 10:26:06.373209,failed,E001,UK,mobile,True
f896e383-3f7e-4f62-a7fc-2d4c2ad29837,C5578,374.46,JPY,Target,Groceries,2026-06-02 10:26:06.373213,failed,E003,JP,web,True
3f25d11a-0c12-4250-acd4-dba8de0f1e3f,C4129,387.63,JPY,Amazon,Groceries,2026-03-25 10:26:06.373216,success,NONE,CA,web,False
6f1280de-a1e3-4bd6-91cb-549b48df1b33,C3423,107.2,USD,Amazon,Travel,2025-09-21 10:26:06.373220,failed,NONE,JP,tablet,True
c501d081-dfcc-4c61-bd01-ba918f779dd4,C5234,215.66,JPY,Uber,Travel,2026-05-10 10:26:06.373224,success,NONE,FR,mobile,False
bd8659ea-f941-466a-be67-946f468e1b86,C8029,414.06,EUR,Starbucks,Groceries,2026-08-22 10:26:06.373228,failed,NONE,FR,tablet,True
d45305b9-df7d-4fe5-b8e7-033634841732,C1506,53.84,JPY,Amazon,Dining,2026-09-01 10:26:06.373231,success,NONE,US,mobile,False
40e3f497-cf96-4b20-96bd-b67948148de4,C5813,104.69,EUR,Walmart,Travel,2026-03-24 10:26:06.373235,pending,NONE,UK,web,False
d1a8625f-530a-4a9f-9d09-a0a7bfdac908,C4015,242.59,USD,Amazon,Shopping,2026-02-07 10:26:06.373239,failed,E002,FR,tablet,True
c5b4cef6-e953-4b2f-8294-e4c68324643c,C6591,484.7,USD,Apple,Shopping,2025-09-07 10:26:06.373243,failed,E001,FR,tablet,True
39505556-d57c-43bb-83de-3682de066d89,C8312,134.22,USD,Costco,Electronics,2025-10-13 10:26:06.373247,success,NONE,UK,mobile,False
9931e7ce-348b-4f45-8c35-cc520f17104a,C1207,254.99,USD,Amazon,Travel,2026-01-17 10:26:06.373252,success,NONE,US,tablet,False
70bd6932-b428-497e-8e2a-349d92735614,C4131,127.26,EUR,Walmart,Travel,2026-03-24 10:26:06.373255,success,NONE,UK,tablet,False
0523d39a-3880-4cc5-b281-1b76dc5e2d65,C6999,74.25,EUR,Amazon,Dining,2025-09-04 10:26:06.373259,pending,NONE,DE,mobile,False
530aeb9a-ff97-4c09-8073-0763392b67e1,C2777,178.03,USD,Amazon,Dining,2025-10-20 10:26:06.373263,pending,NONE,US,tablet,False
9093f924-279a-456c-bb61-85f963358cc6,C4088,343.54,USD,Amazon,Electronics,2026-05-31 10:26:06.373268,success,NONE,CA,mobile,False
70cbfc24-8c4c-494e-a1b4-b0e61609b833,C8706,33.6,EUR,Uber,Dining,2026-07-20 10:26:06.373272,pending,NONE,UK,mobile,False
3e095e76-a1db-4aed-ba63-170d144b6aea,C3065,283.82,USD,Amazon,Travel,2026-05-28 10:26:06.373276,success,NONE,CA,tablet,False
8cad4dc1-86d8-4021-893e-e7cfabea4f95,C4180,249.46,GBP,Walmart,Dining,2025-10-05 10:26:06.373279,pending,NONE,FR,web,False
09fbd2db-4d58-4edb-a35f-de9c1afdca79,C2988,411.12,USD,Starbucks,Electronics,2026-05-26 10:26:06.373283,failed,E001,JP,web,True
8ffab514-7e26-442f-bb65-55379007f6e5,C2312,386.24,GBP,Uber,Travel,2026-06-14 10:26:06.373287,failed,NONE,FR,tablet,True
e7c786d6-e242-4c03-b4fc-34536715d1bf,C2187,455.27,USD,Delta,Travel,2025-09-08 10:26:06.373291,success,NONE,CA,web,False
f8a7ac83-a110-4869-8126-efc7cf7acc6f,C1291,214.93,GBP,Walmart,Travel,2026-07-16 10:26:06.373295,failed,E001,FR,tablet,True
fae0bc83-b76e-4488-ba23-0687aee530e5,C6023,264.09,EUR,Target,Travel,2026-04-08 10:26:06.373298,pending,NONE,JP,tablet,False
92187fcd-c771-43ea-b5b6-b98634c1ff21,C6766,417.19,USD,Costco,Groceries,2026-06-17 10:26:06.373302,pending,NONE,JP,mobile,False
eaaa46db-44a9-4fbc-ae20-094119cbb30a,C3053,477.78,USD,Delta,Shopping,2026-05-25 10:26:06.373305,pending,NONE,UK,mobile,False
9457b7dd-d27d-4c49-bc73-a89192766551,C1809,182.39,JPY,Amazon,Utilities,2026-05-19 10:26:06.373309,success,NONE,CA,web,False
8e96fadc-d892-4466-8a60-5a6b6075196e,C8108,81.3,JPY,Amazon,Utilities,2026-02-15 10:26:06.373313,pending,NONE,US,web,False
b51f9f0e-9556-4f87-b80b-67560f16ce0b,C3892,385.16,GBP,Amazon,Groceries,2025-09-06 10:26:06.373316,pending,NONE,FR,web,False
9c2539b2-1dd1-46c7-8cdd-4cb39ca84abb,C3430,397.73,EUR,Uber,Travel,2026-02-20 10:26:06.373320,success,NONE,JP,web,False
650ca978-6ef6-4b2b-b310-59a7fbb21345,C3305,497.24,EUR,Delta,Shopping,2026-02-14 10:26:06.373324,failed,E002,DE,tablet,True
ba4bbd55-ae6c-4971-8f7a-b57f54a1a2fe,C2198,356.77,EUR,Costco,Groceries,2026-01-05 10:26:06.373327,failed,E003,UK,web,True
b0aef3d5-1e68-4371-83c5-ddc299e18881,C4622,168.66,EUR,Apple,Groceries,2026-03-28 10:26:06.373331,success,NONE,JP,tablet,False
52ef8391-d624-4e41-951e-7022508cda69,C6244,66.62,GBP,Apple,Utilities,2026-03-01 10:26:06.373335,success,NONE,DE,mobile,False
7c2ed36e-0cdf-4ecb-abcd-5a741d626746,C2722,157.31,EUR,Amazon,Shopping,2025-10-16 10:26:06.373338,pending,NONE,JP,tablet,False
2bc930ff-9a63-4c29-98d4-9ad50adf2868,C4117,94.25,USD,Costco,Shopping,2026-06-07 10:26:06.373342,failed,E003,FR,web,True
a206c6d8-40ab-4ab3-b0a3-5f3e4ee006d7,C5314,336.43,USD,Starbucks,Travel,2025-09-28 10:26:06.373346,failed,E002,UK,mobile,True
5a842a99-a1a9-41ce-98d2-4f292ee0ebf5,C4089,104.53,GBP,Amazon,Utilities,2025-09-09 10:26:06.373350,success,NONE,US,tablet,False
dd12d2ef-7333-4e6b-a0ba-b2ce5147cb20,C7494,205.97,EUR,Amazon,Groceries,2025-09-05 10:26:06.373354,pending,NONE,JP,web,False
c3af83e8-e987-44f1-ad3f-28e6fef180e4,C9911,326.78,JPY,Costco,Shopping,2026-05-26 10:26:06.373357,failed,E002,DE,web,True
bc3df259-1d7e-41b2-83be-38b179984771,C7081,240.87,EUR,Apple,Utilities,2026-04-19 10:26:06.373361,pending,NONE,FR,tablet,False
b7a03afb-55ba-47db-9bf2-b90630949610,C3130,46.53,USD,Delta,Groceries,2026-05-08 10:26:06.373365,pending,NONE,DE,web,False
e43c62b9-84b5-4187-b391-5b0f2bb31395,C7866,217.61,EUR,Apple,Groceries,2026-08-28 10:26:06.373368,pending,NONE,CA,mobile,False
6b998e9f-f3b6-49b8-9d00-a768a9a8e300,C8776,328.91,EUR,Target,Travel,2026-06-30 10:26:06.373373,failed,E001,UK,mobile,True
e936d447-3f84-47ca-99ca-419ea6e309c7,C7821,215.32,USD,Amazon,Shopping,2025-10-17 10:26:06.373377,failed,E001,FR,tablet,True
5ce8b57e-50e4-4e45-b859-166fa1f54fad,C7739,11.56,USD,Starbucks,Travel,2026-04-24 10:26:06.373381,failed,E002,UK,tablet,True
c639df67-01cc-4810-af48-c7eb5098bce1,C7981,387.29,EUR,Starbucks,Dining,2026-05-24 10:26:06.373387,pending,NONE,DE,web,False
5fdbc0d5-8ff5-4bd1-9f4f-6303397c1531,C4847,363.96,EUR,Starbucks,Shopping,2026-05-29 10:26:06.373392,pending,NONE,US,tablet,False
dbd1988a-fc00-430d-a176-6f3448aa372e,C1269,275.96,GBP,Uber,Utilities,2026-03-28 10:26:06.373396,failed,E003,CA,web,True
011a610a-ca96-40ef-828a-a715bca430fb,C9103,95.86,JPY,Starbucks,Groceries,2025-12-12 10:26:06.373399,success,NONE,FR,tablet,False
2b44e6a3-1116-4b75-9f75-63620076177c,C2461,273.18,GBP,Amazon,Groceries,2026-06-05 10:26:06.373403,success,NONE,CA,mobile,False
7b0b7b7d-c42d-4138-89ff-ab2ca628847c,C9640,219.85,GBP,Target,Dining,2026-06-22 10:26:06.373407,failed,E001,UK,web,True
d3432a09-28f3-42e5-bf8e-d0b6bc83105d,C8678,375.18,JPY,Starbucks,Groceries,2025-12-22 10:26:06.373410,success,NONE,FR,tablet,False
de63eb54-7340-4140-89f5-5abaf85691bf,C2585,148.09,USD,Apple,Groceries,2026-06-28 10:26:06.373414,failed,E002,FR,mobile,True
ad4e247b-773b-4127-a628-5b99a27f3229,C1785,211.45,JPY,Amazon,Utilities,2026-04-14 10:26:06.373418,pending,NONE,UK,tablet,False
134391b8-9202-4470-ab0c-d82f1aa4946d,C1084,154.04,JPY,Starbucks,Dining,2026-02-18 10:26:06.373423,pending,NONE,DE,mobile,False
0e41beaf-a94f-427a-9e64-9133e43d826d,C6761,359.77,GBP,Delta,Travel,2026-01-24 10:26:06.373427,pending,NONE,CA,tablet,False
79c05c9c-632f-40b5-aa33-1ebcac4f78ea,C2491,267.85,USD,Apple,Electronics,2026-08-18 10:26:06.373431,success,NONE,US,tablet,False
e518c9b9-8a34-46c0-8134-6d819fd1baad,C6891,168.09,EUR,Apple,Groceries,2026-04-15 10:26:06.373434,failed,E001,DE,mobile,True
8366ff7d-64f2-4ebc-b81b-08f912135d96,C2787,93.04,GBP,Apple,Utilities,2026-05-08 10:26:06.373438,failed,NONE,DE,mobile,True
1e97fecd-6e0a-4c59-8ead-1bdda72d5237,C9530,496.59,USD,Amazon,Shopping,2026-02-12 10:26:06.373442,pending,NONE,FR,tablet,False
1d531f27-9810-4570-b495-d15c88fd5cc2,C1380,492.56,EUR,Walmart,Dining,2025-09-06 10:26:06.373446,pending,NONE,JP,mobile,False
84acc3d1-bd4e-4740-b41b-e2801445d526,C9019,301.13,USD,Walmart,Groceries,2026-07-13 10:26:06.373449,pending,NONE,DE,tablet,False
7075dcee-1f21-41de-b1a0-9747ce9afa73,C2044,58.67,JPY,Starbucks,Shopping,2026-08-25 10:26:06.373453,pending,NONE,US,mobile,False
ed1b20f8-2bac-4efb-8dec-cb0eab2f453d,C7333,383.2,JPY,Delta,Travel,2026-05-30 10:26:06.373456,success,NONE,CA,mobile,False
a7d9deed-db7c-4f1f-b998-8743ad9cc7df,C1692,306.53,USD,Costco,Groceries,2025-10-23 10:26:06.373460,success,NONE,CA,web,False
0e634bb3-eb85-4a35-9abd-f4aa3f5c13fa,C5836,430.48,JPY,Costco,Travel,2025-11-05 10:26:06.373464,success,NONE,FR,web,False
97bf76a3-7de0-451b-94c4-ad48b9acacd4,C6475,480.36,USD,Apple,Shopping,2026-01-20 10:26:06.373468,failed,E003,DE,web,True
422d6f68-e2a7-4d3b-b1d0-c2c9d25a15ad,C8062,72.0,JPY,Target,Electronics,2026-01-16 10:26:06.373471,success,NONE,CA,web,False
3d8f1341-1511-4045-8cad-f76122450a26,C2816,56.73,GBP,Amazon,Shopping,2026-03-25 10:26:06.373475,pending,NONE,UK,web,False
c0b47031-3008-4e8c-bb71-ac94eb886ce8,C2234,132.47,JPY,Amazon,Utilities,2025-10-04 10:26:06.373479,pending,NONE,US,mobile,False
96b41325-2863-44bb-b787-b2a987137e6d,C5000,276.33,GBP,Target,Shopping,2026-03-15 10:26:06.373483,failed,NONE,JP,web,True
095c34cd-8e4c-4aa0-a9a7-9127216f81d2,C2046,295.1,USD,Starbucks,Shopping,2026-01-21 10:26:06.373486,success,NONE,DE,mobile,False
ecef4156-ad34-4094-81ac-55a24a4eea53,C5356,276.12,GBP,Uber,Electronics,2026-04-04 10:26:06.373490,success,NONE,UK,tablet,False
1ae37152-7344-4975-b74d-dadbb0e5c2d8,C4611,429.77,USD,Starbucks,Electronics,2026-08-10 10:26:06.373494,success,NONE,DE,tablet,False
e7eba0f3-8f84-4473-9fa5-53915a785847,C6983,470.9,GBP,Starbucks,Utilities,2026-06-01 10:26:06.373497,success,NONE,JP,mobile,False
4964f5af-0e67-432b-b3d1-92ba2c9a1af8,C1938,249.36,USD,Target,Shopping,2025-12-25 10:26:06.373501,success,NONE,DE,web,False
d4412ad9-886a-49be-ba33-f535b2d51795,C8372,445.56,USD,Delta,Shopping,2026-06-10 10:26:06.373505,success,NONE,JP,tablet,False
14eff8da-8761-49fd-af64-61c1079778f1,C3107,350.59,EUR,Amazon,Shopping,2026-04-23 10:26:06.373508,pending,NONE,JP,mobile,False
3f7e82ad-635b-41a6-b7d6-1d58b61ee6ca,C7972,191.81,EUR,Costco,Travel,2026-03-15 10:26:06.373512,failed,NONE,US,mobile,True
384a092c-2bc7-47b7-b1c8-82e440433167,C5867,187.52,USD,Target,Groceries,2026-06-09 10:26:06.373516,success,NONE,US,mobile,False
a266e83c-f955-417b-9e0f-2728e83eff8a,C1777,308.94,USD,Costco,Utilities,2026-01-29 10:26:06.373519,success,NONE,CA,mobile,False
f7b4b35b-514e-4031-a7a9-c22d730f3314,C1853,480.15,JPY,Target,Groceries,2026-07-07 10:26:06.373523,success,NONE,FR,mobile,False
7198e71f-1044-49dd-a7eb-6428288e23a6,C6491,237.25,EUR,Amazon,Utilities,2026-01-20 10:26:06.373527,failed,E001,CA,mobile,True
5fcff7dc-be14-4f49-8485-0793927937a4,C3742,314.76,JPY,Starbucks,Travel,2026-08-28 10:26:06.373531,pending,NONE,JP,tablet,False
44bdb047-f350-4030-981e-9bcfe44c9ee3,C2817,392.81,JPY,Delta,Travel,2026-09-01 10:26:06.373535,success,NONE,DE,tablet,False
af8adb16-5846-46c2-9e99-e6263f9250ab,C9263,78.51,EUR,Costco,Groceries,2026-01-29 10:26:06.373538,failed,E003,US,mobile,True
a5798684-3a80-4115-b158-a0bf0755e901,C3979,44.86,USD,Apple,Groceries,2026-04-30 10:26:06.373542,failed,NONE,JP,tablet,True
4042afc4-d355-461c-bfd8-34c2becafa66,C4644,481.05,JPY,Amazon,Dining,2026-02-18 10:26:06.373546,failed,E003,FR,tablet,True
0d31500a-7381-409d-80a8-56c82ebd28fd,C8180,480.88,USD,Amazon,Utilities,2026-02-17 10:26:06.373549,success,NONE,FR,mobile,False
fa29a581-6587-434f-a493-d6c9c6674a3d,C5718,199.33,GBP,Starbucks,Utilities,2025-12-01 10:26:06.373553,success,NONE,DE,mobile,False
0925e40a-c589-4149-9c22-b1b1195d8311,C6389,177.06,USD,Apple,Shopping,2025-11-29 10:26:06.373557,failed,E003,DE,web,True
75466894-af8d-4e6c-bf00-6feaccf5a340,C4498,47.71,JPY,Delta,Utilities,2026-07-15 10:26:06.373561,pending,NONE,US,tablet,False
4af684d6-a10d-429b-a34c-6cb8549c9afa,C9658,235.62,USD,Target,Shopping,2026-01-19 10:26:06.373564,pending,NONE,UK,web,False
1f25a86a-28aa-4387-8cf9-8124f37407b9,C1638,405.58,USD,Delta,Groceries,2026-03-08 10:26:06.373568,failed,NONE,CA,tablet,True
b4a56cf1-4ce9-4e1e-99da-0a1ebe38f4f4,C6748,348.12,EUR,Uber,Shopping,2026-02-26 10:26:06.373573,success,NONE,JP,tablet,False
fcee307a-0764-4881-8c69-76e33ee8d952,C5321,236.42,GBP,Walmart,Shopping,2025-09-08 10:26:06.373577,failed,E002,DE,tablet,True
ce7d604c-edc9-4209-b3d1-1de4a5cfa9e4,C8638,215.41,JPY,Apple,Dining,2026-06-26 10:26:06.373582,failed,NONE,FR,tablet,True
9d7d08e9-4414-40a9-a344-9fe966cae839,C8767,51.78,GBP,Delta,Travel,2025-09-07 10:26:06.373587,success,NONE,FR,web,False
8b458ce6-cf8f-4e70-8875-32e55f0cba67,C1453,241.24,GBP,Target,Dining,2026-04-13 10:26:06.373591,pending,NONE,FR,mobile,False
9096a560-cf59-4d38-bdd0-04fb72e6075a,C9807,392.82,GBP,Amazon,Travel,2026-01-02 10:26:06.373595,success,NONE,FR,mobile,False
43ed02d3-39ca-4823-a6c4-7fba193263fd,C4029,340.85,GBP,Uber,Shopping,2026-05-05 10:26:06.373598,success,NONE,DE,mobile,False
e4092968-fcea-4d3a-8d7c-066db961405d,C1445,329.68,USD,Target,Utilities,2025-09-23 10:26:06.373602,failed,NONE,JP,tablet,True
b491b000-00b0-4d8f-b86c-046d62469840,C9300,48.14,EUR,Costco,Electronics,2026-07-16 10:26:06.373606,failed,E002,DE,web,True
17f9e80e-6b68-4ab1-bcc6-86ff41a5a731,C2940,479.49,GBP,Amazon,Electronics,2026-07-30 10:26:06.373610,failed,NONE,CA,mobile,True
ac186744-ee74-4233-af84-50bf57a17940,C9583,39.48,USD,Starbucks,Dining,2026-07-26 10:26:06.373613,failed,E003,US,mobile,True
2e02fa15-ed0e-4738-83c8-7d7c19fe6c40,C5569,220.69,USD,Uber,Electronics,2026-06-17 10:26:06.373617,failed,E001,DE,mobile,True
0f5dd24d-3f49-4404-b8b6-9e5808bdf888,C5856,116.51,EUR,Amazon,Travel,2025-12-20 10:26:06.373621,failed,NONE,CA,web,True
7ff7f651-72c4-4911-a0ec-09008e51c5cd,C3129,102.93,USD,Amazon,Groceries,2026-08-12 10:26:06.373625,failed,E001,JP,web,True
3fce7854-aac7-4dd9-95ce-2a4882205921,C7117,73.44,GBP,Target,Utilities,2026-07-07 10:26:06.373629,pending,NONE,JP,mobile,False
8813af40-b03c-45ba-9c34-b5a7e9d05a2a,C8905,8.26,USD,Target,Shopping,2026-02-24 10:26:06.373632,failed,E003,FR,tablet,True
b0ca3cd1-b9a0-492f-83ee-b91aad40c17e,C4690,412.58,EUR,Starbucks,Shopping,2026-08-17 10:26:06.373636,success,NONE,DE,mobile,False
a2eadd18-4ed4-4879-b101-a863eacf4b18,C1360,270.72,JPY,Walmart,Groceries,2026-01-14 10:26:06.373640,success,NONE,JP,web,False
c7d9ff91-43b9-4e94-964f-87e3361e7b66,C1979,255.03,EUR,Starbucks,Shopping,2026-06-12 10:26:06.373643,pending,NONE,DE,web,False
3ac61413-ef51-4244-bfb0-e1189032d9e0,C1461,449.95,GBP,Uber,Electronics,2026-02-07 10:26:06.373647,pending,NONE,CA,mobile,False
1d22997f-848a-415f-a62b-d759b69bafd4,C4404,389.34,EUR,Amazon,Groceries,2025-12-15 10:26:06.373651,pending,NONE,UK,web,False
8def0b82-8b77-47ff-b52b-8ae20f26c729,C4155,89.72,JPY,Starbucks,Groceries,2026-01-25 10:26:06.373655,failed,NONE,UK,tablet,True
11ededaf-44b9-42e3-a656-bbeeee58333a,C8688,138.55,JPY,Costco,Dining,2026-04-29 10:26:06.373658,pending,NONE,DE,mobile,False
f62cffbc-42c3-4ab8-bb22-8c1f04338a50,C2454,239.54,EUR,Delta,Travel,2026-02-04 10:26:06.373662,failed,E001,DE,tablet,True
35a53f19-dfde-4a8e-983f-97811772a58a,C6569,292.62,USD,Apple,Shopping,2025-09-13 10:26:06.373665,pending,NONE,DE,mobile,False
b07b175d-9abf-4e39-8786-ab8f5b3ebb49,C7178,417.42,USD,Starbucks,Electronics,2025-10-18 10:26:06.373669,pending,NONE,UK,web,False
00e2b333-b2f3-4b16-b43f-ad5e2f186fb5,C6141,401.7,EUR,Apple,Travel,2026-06-15 10:26:06.373673,pending,NONE,JP,tablet,False
cc9e661c-83e0-412e-ad3b-36adc8828ae3,C7710,227.63,JPY,Starbucks,Shopping,2026-02-12 10:26:06.373677,failed,NONE,US,web,True
364d7b55-65ef-4b0a-a48e-d502874920ed,C9947,213.65,EUR,Amazon,Shopping,2026-08-17 10:26:06.373681,success,NONE,US,mobile,False
8dd89a0c-0c40-4330-94ca-ad9417f338f0,C6028,297.84,EUR,Apple,Dining,2026-01-31 10:26:06.373684,failed,NONE,US,mobile,True
7a1bb2dc-26c8-4e64-8712-7a42456ceb11,C1442,225.48,EUR,Walmart,Utilities,2025-10-23 10:26:06.373688,failed,NONE,JP,tablet,True
d64a80ed-2be2-4022-8fcb-5904aae3fb3a,C2448,85.6,JPY,Costco,Travel,2026-07-16 10:26:06.373692,failed,NONE,US,tablet,True
6a5a73eb-e40e-4608-ab8e-43860b33ed42,C9007,397.97,GBP,Walmart,Travel,2026-04-01 10:26:06.373696,failed,NONE,JP,web,True
1638e9e8-576e-4d8f-91bc-44969385dd8a,C1326,247.16,GBP,Delta,Travel,2026-07-26 10:26:06.373700,pending,NONE,CA,web,False
6f59201c-6811-4d2d-a87f-076820762c70,C4936,293.43,EUR,Amazon,Groceries,2026-06-16 10:26:06.373703,success,NONE,DE,tablet,False
ce625600-e8eb-4a4c-bc29-58fe397b25b4,C8487,417.58,EUR,Costco,Utilities,2026-01-13 10:26:06.373707,success,NONE,UK,web,False
4c66bd01-9b37-4aab-9360-ba8064341933,C6555,323.97,GBP,Starbucks,Utilities,2026-05-22 10:26:06.373710,success,NONE,CA,web,False
9121e396-4006-477f-b802-7ca5fd2920f7,C3154,252.78,GBP,Uber,Travel,2025-10-17 10:26:06.373714,success,NONE,DE,web,False
d6775cc5-b6bc-4dad-8bee-19b0301a7daf,C4429,421.77,USD,Starbucks,Travel,2026-04-29 10:26:06.373718,failed,E003,DE,web,True
0c555943-cd1f-4f51-8cb2-24c18a80c488,C4408,444.25,USD,Starbucks,Shopping,2026-04-03 10:26:06.373721,pending,NONE,UK,mobile,False
ad6ca5e2-d5fb-463d-bf1e-da9f116c1f7b,C5192,486.7,JPY,Costco,Travel,2026-05-31 10:26:06.373727,failed,NONE,CA,web,True
d033c4f7-0f92-42bd-8141-d7dd696b1f99,C3506,279.75,JPY,Amazon,Electronics,2026-05-09 10:26:06.373731,pending,NONE,FR,mobile,False
d612f46d-23d8-40de-b160-e8ce131ba32e,C7702,333.72,USD,Walmart,Groceries,2026-08-05 10:26:06.373734,success,NONE,CA,mobile,False
d66c8b56-b5a0-41ca-a891-bd58058b606b,C2470,183.31,EUR,Amazon,Utilities,2026-04-01 10:26:06.373738,success,NONE,CA,mobile,False
3fd5e43f-6255-4f4b-893c-19b4ecb84f29,C9031,397.29,EUR,Walmart,Shopping,2026-01-28 10:26:06.373742,failed,NONE,DE,mobile,True
d445679c-faab-4edf-b08c-bff8ba1ae0a4,C3578,169.23,USD,Delta,Travel,2026-03-20 10:26:06.373745,success,NONE,US,web,False
c50f4555-7976-44b9-8bdb-16fd1114a463,C2717,487.4,JPY,Target,Electronics,2026-07-20 10:26:06.373749,failed,NONE,DE,mobile,True
7aac9e9f-fd08-44e8-8a6d-3950bb920912,C8394,476.37,GBP,Apple,Shopping,2026-01-06 10:26:06.373753,pending,NONE,DE,tablet,False
7e053165-1052-4277-af30-002390b96de6,C3895,453.23,USD,Costco,Dining,2026-01-10 10:26:06.373756,success,NONE,US,mobile,False
e0686973-4621-4550-84bd-2d936b371d60,C2001,227.8,GBP,Costco,Travel,2026-05-02 10:26:06.373760,pending,NONE,JP,mobile,False
e2274dfe-3b02-496a-924c-4e2be9d23519,C1857,369.8,USD,Walmart,Groceries,2026-06-13 10:26:06.373764,pending,NONE,DE,web,False
6abc6254-240e-4b37-855d-fa855c93bf84,C2789,210.95,USD,Amazon,Travel,2026-07-13 10:26:06.373767,success,NONE,DE,tablet,False
c9059181-9021-4f76-9c52-d8e75b46505a,C3861,425.03,EUR,Amazon,Travel,2026-04-18 10:26:06.373771,failed,E003,FR,mobile,True
0265c997-5310-418d-9690-c56207294507,C3000,395.2,GBP,Uber,Shopping,2025-11-20 10:26:06.373777,success,NONE,US,web,False
bb869a0b-db9c-457f-b81f-43425ea23210,C1749,113.97,JPY,Uber,Utilities,2025-11-23 10:26:06.373781,success,NONE,US,tablet,False
d8bfd362-76c1-4e68-a3cf-131d021f0a4c,C1268,496.78,JPY,Costco,Travel,2026-03-14 10:26:06.373784,success,NONE,US,mobile,False
0ea4c9fe-a5ac-447b-853a-7b0bddd05506,C8242,221.05,GBP,Costco,Groceries,2026-04-21 10:26:06.373788,failed,NONE,JP,mobile,True
f29b772d-370f-4678-ab5b-07450173537e,C9676,302.54,GBP,Amazon,Dining,2026-01-23 10:26:06.373792,failed,E001,UK,web,True
34a7ef43-1834-4572-8bc0-e78794235a22,C5201,252.11,GBP,Uber,Electronics,2026-04-23 10:26:06.373795,failed,E001,US,tablet,True
83244a79-371d-4cd8-b637-ce8ed7596629,C8776,181.1,JPY,Starbucks,Dining,2026-02-27 10:26:06.373799,pending,NONE,UK,web,False
db81f5a8-f829-4b03-8dde-fea2a0d785c2,C6082,263.98,GBP,Target,Utilities,2026-04-29 10:26:06.373803,pending,NONE,UK,web,False
3a644d38-b191-4ce3-b9cf-b5895f0fa084,C4353,252.59,USD,Target,Electronics,2026-05-17 10:26:06.373806,success,NONE,CA,web,False
ad51c1b2-0f1d-4c9c-84d3-63f5d9ca7a90,C5823,434.21,JPY,Uber,Shopping,2026-02-06 10:26:06.373810,success,NONE,CA,tablet,False
12aad0cb-497d-4eae-807a-4439721548f6,C7991,103.44,EUR,Walmart,Utilities,2026-06-04 10:26:06.373813,success,NONE,JP,web,False
3b3b0165-b0e8-4cf9-afaf-7a15a7650b29,C4282,470.77,JPY,Uber,Utilities,2026-08-14 10:26:06.373817,success,NONE,DE,mobile,False
969496cf-f235-4ec4-9c1b-c4450bdd3269,C9071,130.97,USD,Uber,Electronics,2026-09-02 10:26:06.373821,pending,NONE,US,mobile,False
8ecc8bcf-a6bd-46cd-a202-daa94a940840,C9717,26.76,GBP,Delta,Dining,2026-07-17 10:26:06.373824,failed,E002,JP,tablet,True
f8990ee1-e55a-44bc-bd66-78f0be162d69,C6070,77.2,GBP,Walmart,Dining,2026-01-15 10:26:06.373828,pending,NONE,JP,web,False
9aa779a9-e8ab-4036-9d3c-af5aa617c09b,C1545,388.88,USD,Uber,Electronics,2026-02-01 10:26:06.373832,failed,E001,JP,web,True
904afc9e-c554-4dc0-8ffa-82ce2d6cf37b,C2716,102.3,USD,Uber,Groceries,2026-02-18 10:26:06.373836,pending,NONE,FR,web,False
a9d0fc10-7b64-406b-8be2-1b7636178f71,C6566,415.27,JPY,Uber,Electronics,2025-12-02 10:26:06.373839,success,NONE,UK,tablet,False
38e27e9b-e7a1-4730-8bb4-2165e9da9605,C1001,350.39,USD,Apple,Electronics,2026-01-23 10:26:06.373843,failed,E003,JP,web,True
7ecb36bb-b504-4494-9b15-642f2222e063,C6062,440.71,USD,Walmart,Shopping,2025-09-23 10:26:06.373846,pending,NONE,DE,tablet,False
8fd9cd39-729d-4e1d-9d35-53c0bb805143,C4579,438.35,JPY,Amazon,Utilities,2026-05-23 10:26:06.373850,success,NONE,CA,web,False
c4a170c5-7419-44ae-8ccc-e9c02ae3270c,C2714,173.07,JPY,Starbucks,Utilities,2025-12-09 10:26:06.373854,success,NONE,CA,tablet,False
8f614d36-bb81-45b0-8b53-0d83f3c4daee,C1504,237.53,JPY,Apple,Travel,2026-02-07 10:26:06.373857,pending,NONE,CA,web,False
29dad1a9-7748-4ba8-929f-4325311f4a95,C2264,177.83,GBP,Walmart,Dining,2025-09-26 10:26:06.373861,failed,E001,FR,mobile,True
96e2f2ce-41ee-4934-b788-cc9973dc6613,C1584,233.28,JPY,Target,Utilities,2025-09-10 10:26:06.373865,pending,NONE,FR,web,False
2d2db9c8-ba07-41eb-af58-14c4bf660409,C9100,370.14,EUR,Starbucks,Dining,2026-06-21 10:26:06.373868,pending,NONE,FR,web,False
780c11c1-737b-484e-8f5b-4b59a8d3062a,C3101,136.1,GBP,Apple,Groceries,2026-06-08 10:26:06.373872,success,NONE,UK,tablet,False
d411e679-0fe9-43cc-b6ea-48933a35ce11,C8771,354.93,EUR,Target,Travel,2025-12-19 10:26:06.373876,failed,E002,FR,mobile,True
6e86e944-6a8d-4d08-a77d-39a9c6eff1dc,C1697,312.41,USD,Delta,Dining,2026-06-06 10:26:06.373880,failed,E003,JP,web,True
000230f2-a2a5-4747-aa21-e50ee43e295c,C2230,172.35,JPY,Amazon,Utilities,2026-05-28 10:26:06.373884,failed,E001,JP,tablet,True
c35c377b-c0bd-415c-9332-545b5d20cc11,C7610,204.81,GBP,Apple,Groceries,2026-02-04 10:26:06.373888,success,NONE,CA,web,False
ec8b2474-6917-464a-8f7e-4c7e04f5a316,C8533,350.31,JPY,Uber,Shopping,2026-02-03 10:26:06.373892,pending,NONE,DE,mobile,False
6efe1f30-a12e-465d-bb3a-f3a0c8d1b1f3,C1533,163.64,JPY,Target,Electronics,2026-08-04 10:26:06.373895,pending,NONE,DE,tablet,False
721b69b8-d6a6-4538-b841-4b40cdee6fbd,C5611,50.85,USD,Target,Electronics,2026-08-30 10:26:06.373899,failed,E003,CA,web,True
ff5e1d03-8af2-4358-a29a-56acebd66d16,C8749,247.49,GBP,Starbucks,Dining,2026-05-28 10:26:06.373903,failed,E002,UK,tablet,True
c5a4b695-b2bc-4a28-8752-926b858018a6,C8012,459.89,GBP,Target,Dining,2025-10-12 10:26:06.373907,failed,E001,US,mobile,True
efc05540-b181-4379-a900-955376746d2e,C6336,439.86,JPY,Starbucks,Dining,2025-11-15 10:26:06.373910,pending,NONE,JP,tablet,False
f27d94f6-023d-468f-b926-d48fa290b8d9,C1576,188.09,USD,Target,Electronics,2025-12-18 10:26:06.373914,success,NONE,FR,mobile,False
878bf44b-0571-4ff6-a012-dbf98dacf5e8,C8222,203.22,GBP,Starbucks,Travel,2026-03-01 10:26:06.373918,failed,E001,US,web,True
6940d8cf-416f-4a61-b632-0dc89c92a04b,C4875,89.16,JPY,Walmart,Shopping,2026-03-28 10:26:06.373921,pending,NONE,DE,mobile,False
d450a0a4-bcad-47a6-a0dd-a9b5ac6e72d0,C8781,345.8,USD,Delta,Dining,2025-10-15 10:26:06.373925,pending,NONE,JP,mobile,False
18c8fb56-44e4-4f08-b767-6196f2b8da20,C6004,387.1,EUR,Uber,Electronics,2025-10-27 10:26:06.373929,success,NONE,DE,tablet,False
dfe082dd-ca3d-4275-8f95-264600bafd44,C4194,164.37,EUR,Amazon,Groceries,2026-04-01 10:26:06.373933,failed,E001,JP,tablet,True
3147985c-d9fa-4d3d-959b-1b5ae33cf5c1,C1685,330.73,EUR,Delta,Dining,2026-08-15 10:26:06.373936,failed,E002,CA,tablet,True
042b065d-9a1e-4d87-9dad-ee0020f1a42f,C1797,177.53,GBP,Costco,Shopping,2026-03-26 10:26:06.373940,failed,E002,JP,tablet,True
29741c45-29f5-46d5-8182-f831f19a7120,C1874,120.28,USD,Apple,Travel,2026-08-05 10:26:06.373944,failed,NONE,FR,mobile,True
7654f732-3ecd-4368-abc2-c1a432bed34c,C4684,233.13,GBP,Starbucks,Shopping,2025-12-06 10:26:06.373948,pending,NONE,CA,tablet,False
60a8e5da-0bb9-41f7-8046-d51f74171566,C8400,389.95,EUR,Walmart,Dining,2026-05-29 10:26:06.373951,success,NONE,CA,web,False
7e17bb3e-8969-4e0c-9d96-e2616f564801,C2051,390.77,GBP,Target,Shopping,2025-10-01 10:26:06.373955,failed,NONE,FR,web,True
a26f7fcf-06d4-45ae-a342-74a0661aa114,C5475,157.12,EUR,Amazon,Utilities,2026-03-12 10:26:06.373959,failed,E003,FR,mobile,True
af5302b0-c63e-415f-bc52-066d49f27c26,C6560,87.46,EUR,Walmart,Electronics,2025-11-01 10:26:06.373963,success,NONE,UK,mobile,False
ecb34026-a91f-4cb5-8e5b-653913f53b67,C3370,115.61,JPY,Target,Shopping,2026-04-26 10:26:06.373966,pending,NONE,US,web,False
dfd6d030-e4e8-455a-b87d-44c7c4eba00b,C9612,13.32,EUR,Target,Utilities,2025-12-09 10:26:06.373970,failed,E001,JP,tablet,True
14a24545-1057-4aa1-b70e-3b313c080054,C1608,240.36,GBP,Apple,Groceries,2026-02-15 10:26:06.373974,failed,E003,FR,tablet,True
044148c7-6218-4419-8f04-c3a600eda501,C7822,93.66,JPY,Target,Travel,2026-01-10 10:26:06.373978,pending,NONE,CA,web,False
f340ded9-e311-46c5-a224-6b82dc6c8f6b,C8019,140.15,USD,Walmart,Dining,2026-06-24 10:26:06.373981,pending,NONE,UK,web,False
7b6b859b-ad27-46f1-9583-746f8f5f2a5e,C2940,197.49,GBP,Delta,Electronics,2025-11-16 10:26:06.373987,failed,E001,CA,web,True
7085f9e9-d993-4c76-877a-406e5964e463,C5877,151.41,USD,Amazon,Electronics,2026-06-27 10:26:06.373991,pending,NONE,UK,web,False
aa376400-7a94-4803-9d31-c4d63e4bcea0,C7187,29.58,JPY,Apple,Shopping,2026-04-25 10:26:06.373995,failed,NONE,FR,mobile,True
be036b00-c711-4c0f-9c17-e1be585339bc,C9949,151.4,USD,Costco,Groceries,2025-09-09 10:26:06.373998,pending,NONE,US,web,False
5553841a-912b-4f91-8b70-93249dc167c7,C9685,248.63,EUR,Walmart,Groceries,2026-08-27 10:26:06.374002,success,NONE,JP,tablet,False
64cd3fdf-a76c-4409-8c1c-4a71d49fcb4a,C1970,133.74,GBP,Apple,Utilities,2026-05-09 10:26:06.374006,success,NONE,UK,tablet,False
c441ce09-5f67-4b76-b922-793b4d2873f8,C8941,266.46,USD,Delta,Electronics,2026-07-19 10:26:06.374009,failed,E003,DE,tablet,True
1275d766-0aaf-436a-b33b-3bde136de718,C2127,126.19,GBP,Walmart,Shopping,2026-06-17 10:26:06.374013,pending,NONE,JP,tablet,False
b2d6a38d-33fd-4b8c-8753-b2d607afd2e2,C9087,206.47,JPY,Apple,Dining,2026-02-06 10:26:06.374017,success,NONE,FR,web,False
494efa9f-2249-4f75-845c-44958bd6c1ef,C9936,414.61,USD,Amazon,Groceries,2026-08-17 10:26:06.374020,success,NONE,JP,web,False
fbd9072f-a399-498c-96de-b2d3e87cd14e,C2086,414.98,USD,Delta,Travel,2025-11-21 10:26:06.374024,pending,NONE,FR,tablet,False
8b59dfe2-6e39-4336-aaad-edae63ee68a7,C4252,37.64,EUR,Walmart,Shopping,2026-07-15 10:26:06.374029,pending,NONE,US,tablet,False
3a09b8f7-bfbd-431c-91cc-338a4f1f7574,C9254,165.69,GBP,Uber,Travel,2025-09-26 10:26:06.374033,failed,E003,FR,web,True
082a76e5-8db5-4ab5-8f93-ee508439bc67,C8750,250.21,GBP,Walmart,Utilities,2025-10-12 10:26:06.374036,success,NONE,DE,mobile,False
099e7596-e881-4979-93a5-8812c17bc54a,C2406,142.24,USD,Walmart,Shopping,2025-10-28 10:26:06.374040,success,NONE,JP,tablet,False
ccab392a-b165-4cab-b884-73521855cc7e,C1175,315.18,GBP,Target,Groceries,2026-03-28 10:26:06.374044,failed,E003,FR,web,True
2a650eb7-01be-4802-a780-e5d70f86e064,C3479,461.89,GBP,Starbucks,Groceries,2026-05-24 10:26:06.374048,pending,NONE,UK,mobile,False
6a3c6073-a198-4f53-a652-643c9ed836bb,C7820,463.42,GBP,Walmart,Shopping,2026-01-07 10:26:06.374051,failed,E003,CA,tablet,True
b5552885-e634-41c5-aeba-347cbdf4b0af,C3897,389.35,USD,Starbucks,Travel,2025-11-26 10:26:06.374055,pending,NONE,UK,tablet,False
8d405741-f3c6-4593-b40c-ff8a3d034fac,C7747,56.86,GBP,Target,Shopping,2025-10-04 10:26:06.374059,success,NONE,UK,mobile,False
3be1781e-9935-47e3-9888-0bdd6204169d,C6495,318.21,JPY,Apple,Shopping,2025-11-06 10:26:06.374062,success,NONE,JP,mobile,False
c8c81824-36dd-47b1-b1f0-c511b387c965,C3910,208.68,USD,Uber,Electronics,2026-07-16 10:26:06.374066,success,NONE,US,mobile,False
1a60bed1-5d5d-4371-a77c-7e5f01252750,C5836,303.75,GBP,Target,Utilities,2026-07-15 10:26:06.374070,success,NONE,JP,mobile,False
c33594cf-7512-4e54-a3e7-f4b23d7fa4f5,C7013,380.87,JPY,Costco,Travel,2026-07-23 10:26:06.374074,failed,NONE,DE,mobile,True
4f3af66c-dca1-4eb2-9346-0f255524cb36,C9510,151.24,JPY,Delta,Utilities,2025-12-01 10:26:06.374078,success,NONE,DE,mobile,False
7dba7c66-00ca-40f0-b3d6-ce1e69678db3,C3048,137.95,EUR,Walmart,Travel,2026-01-24 10:26:06.374081,success,NONE,UK,web,False
67a962f7-40f8-457c-9c1f-69b5b8178b54,C5895,39.88,USD,Costco,Shopping,2025-12-02 10:26:06.374085,pending,NONE,JP,web,False
4436ac29-c8e1-4558-9cb3-69c6d5541cd0,C8884,106.3,USD,Target,Shopping,2026-04-20 10:26:06.374089,failed,E002,FR,tablet,True
4346efa0-005a-4919-acd8-d01f43bd8f35,C2983,356.51,GBP,Amazon,Electronics,2026-03-19 10:26:06.374092,success,NONE,JP,web,False
1b5d3902-a417-4272-9481-85c3432dc007,C4380,366.61,JPY,Walmart,Utilities,2026-03-08 10:26:06.374096,success,NONE,UK,tablet,False
1b7cc114-826c-4dee-8417-1949a5775f2e,C3291,57.52,JPY,Target,Utilities,2026-02-21 10:26:06.374100,failed,E001,US,tablet,True
312fcddc-8fa6-499b-a6d8-4754d136c41e,C8508,47.7,JPY,Delta,Shopping,2025-11-26 10:26:06.374103,success,NONE,US,web,False
6a54d183-a689-49ff-a3ad-563fb71b3d49,C7849,181.7,GBP,Target,Groceries,2026-03-16 10:26:06.374107,pending,NONE,CA,tablet,False
e88e30fe-b0c7-48fc-b739-4d1ef2c7c636,C3773,122.1,EUR,Amazon,Groceries,2026-07-22 10:26:06.374111,success,NONE,DE,mobile,False
abe5b088-28c7-4d62-b36d-7ed083237db6,C5966,117.85,JPY,Delta,Groceries,2026-04-28 10:26:06.374114,success,NONE,CA,mobile,False
24935bc6-e963-49d4-bfc8-15e78b9737c3,C7230,173.08,USD,Target,Utilities,2026-05-03 10:26:06.374118,failed,NONE,FR,tablet,True
35fe31e4-5ebb-4fbd-a605-d6f6ec1b3084,C8232,221.81,USD,Starbucks,Utilities,2026-04-26 10:26:06.374122,success,NONE,JP,tablet,False
551fce59-5bb9-4035-97d1-01f95963e86d,C7967,195.94,GBP,Target,Groceries,2026-03-16 10:26:06.374133,pending,NONE,UK,mobile,False
627be6aa-c606-4429-8355-3ad595b85420,C2155,487.33,USD,Uber,Electronics,2026-01-11 10:26:06.374137,success,NONE,JP,web,False
97a3afa0-d296-49b5-aa7c-f11d2192abe2,C4647,126.86,GBP,Uber,Dining,2026-01-27 10:26:06.374141,success,NONE,JP,tablet,False
2eddda3d-6655-412d-8938-69eb700e96c9,C4160,282.7,EUR,Walmart,Dining,2026-08-02 10:26:06.374144,pending,NONE,JP,web,False
18955461-9245-4be5-b73f-2ad52d0d0b8e,C3140,468.8,USD,Delta,Shopping,2026-08-24 10:26:06.374148,success,NONE,CA,mobile,False
4432d548-971a-4758-b5d3-8c2db511f8a9,C7391,136.99,JPY,Apple,Electronics,2026-02-18 10:26:06.374152,success,NONE,DE,tablet,False
3b8fd145-02b8-4a66-9a48-b8226b8b67be,C9789,89.18,USD,Walmart,Shopping,2025-11-25 10:26:06.374155,success,NONE,CA,web,False
24868af2-1429-41fc-b7bf-d7237d0e733f,C7158,453.52,JPY,Walmart,Travel,2026-07-07 10:26:06.374159,pending,NONE,CA,tablet,False
73c98ced-f2b9-46a3-ac42-de6caa1bd7f1,C8245,464.39,EUR,Apple,Travel,2026-03-11 10:26:06.374163,pending,NONE,FR,mobile,False
ceea485a-5ac8-4eab-afd7-3701f4f26629,C1781,380.99,GBP,Apple,Travel,2026-05-14 10:26:06.374168,pending,NONE,JP,tablet,False
ab01ae22-7ced-4e63-8254-6ae34e98c5e9,C8913,131.46,EUR,Starbucks,Electronics,2025-11-15 10:26:06.374171,success,NONE,UK,web,False
b6bc5468-35b8-4fb5-9b45-5f47c9a6dbb3,C2912,195.33,USD,Target,Electronics,2026-07-12 10:26:06.374175,pending,NONE,CA,mobile,False
dd01804d-b41f-40a0-82ac-e1510dc09b8e,C2261,249.23,USD,Uber,Groceries,2026-03-18 10:26:06.374178,pending,NONE,UK,web,False
0edd98ee-a212-45ce-9260-2da5b91cd92c,C9791,308.49,EUR,Walmart,Shopping,2026-07-05 10:26:06.374182,pending,NONE,FR,web,False
947b1e11-64e0-4deb-b5b3-b14ae78d4967,C6400,433.28,JPY,Delta,Shopping,2026-08-12 10:26:06.374187,pending,NONE,DE,tablet,False
2c472a34-ed81-4efb-b117-b6c1cb41cdbb,C6588,55.4,EUR,Walmart,Shopping,2026-05-17 10:26:06.374191,pending,NONE,CA,mobile,False
d1fde701-229a-452c-ba3e-9a4c5cb5b872,C5006,494.01,USD,Walmart,Dining,2026-06-11 10:26:06.374195,success,NONE,US,mobile,False
5b577343-a3ec-4af5-b033-71d0fb6f2627,C4389,372.44,USD,Costco,Groceries,2025-10-29 10:26:06.374198,success,NONE,US,web,False
b9ee6400-5024-4db0-b5dc-b89685a4c258,C1134,156.73,GBP,Delta,Travel,2026-07-09 10:26:06.374202,pending,NONE,UK,tablet,False
ec83506f-9763-4487-9155-3827dce56a6f,C9660,293.25,JPY,Amazon,Travel,2026-08-27 10:26:06.374205,success,NONE,JP,tablet,False
969511a4-b634-4f8c-921c-7b61b4bd8d55,C4377,125.07,JPY,Delta,Groceries,2026-08-24 10:26:06.374209,pending,NONE,FR,tablet,False
fb06ecf7-02fe-428e-ba67-33bdad0c3c4b,C2340,480.3,USD,Delta,Groceries,2026-07-05 10:26:06.374213,success,NONE,FR,mobile,False
0dcfd7dc-8756-4701-b708-aeff802ee7e5,C3725,490.47,EUR,Uber,Travel,2026-03-29 10:26:06.374216,failed,E001,US,web,True
9ee5f171-dd6f-4a09-a25a-a5dd51fce075,C3415,117.61,GBP,Amazon,Groceries,2026-01-04 10:26:06.374220,pending,NONE,CA,mobile,False
09a0d483-9a11-4234-94ee-1bd8a23fb69e,C4048,410.8,USD,Delta,Electronics,2026-05-12 10:26:06.374224,pending,NONE,US,mobile,False
4ddd560e-06a5-46aa-8f07-f9e138c26f5f,C9699,28.76,USD,Uber,Groceries,2026-06-09 10:26:06.374228,success,NONE,FR,tablet,False
b2fb83d2-c812-44c5-928c-6b43df2bb0e9,C3856,383.47,JPY,Amazon,Dining,2026-02-17 10:26:06.374231,pending,NONE,FR,web,False
5f16f73d-3892-40c6-b180-c23f8a48f2be,C6496,140.58,USD,Delta,Groceries,2026-05-12 10:26:06.374235,failed,E003,US,tablet,True
0a95ff6a-bd7c-4989-b9f7-eed7f353dded,C3451,383.24,EUR,Costco,Groceries,2026-02-28 10:26:06.374239,failed,E001,US,mobile,True
0742a02b-2366-44ac-afba-f3712a66fbe6,C2369,405.4,JPY,Costco,Shopping,2025-09-28 10:26:06.374242,pending,NONE,US,tablet,False
1935d57c-44f0-4576-a49d-ab715e4e666c,C8173,480.03,GBP,Uber,Electronics,2026-02-13 10:26:06.374246,pending,NONE,FR,web,False
e1dd901b-4acd-4445-bfc7-c56730ae2a88,C9396,492.43,JPY,Target,Groceries,2026-02-20 10:26:06.374250,failed,NONE,DE,mobile,True
80bbdfa2-7af9-4673-b6bf-59a57d0e01b6,C7192,222.97,USD,Apple,Travel,2026-01-25 10:26:06.374254,success,NONE,JP,mobile,False
96cc56d1-e0cb-433f-a1b8-5466251755d7,C9122,299.12,USD,Amazon,Travel,2026-07-01 10:26:06.374258,pending,NONE,FR,web,False
de4b220a-1378-4345-9bb2-b44351d78132,C3651,133.23,GBP,Starbucks,Electronics,2026-05-27 10:26:06.374261,pending,NONE,UK,mobile,False
4746f0bf-9770-41e1-8ba7-903705439db9,C5730,201.19,USD,Walmart,Utilities,2026-08-07 10:26:06.374265,pending,NONE,JP,web,False
9ec1fa87-0e90-403a-ac98-c234838db08d,C9852,279.66,EUR,Delta,Groceries,2026-02-27 10:26:06.374269,failed,NONE,FR,web,True
1c53eaa9-5bac-4afb-8df1-289e6c491aa7,C5131,319.86,JPY,Target,Utilities,2026-04-26 10:26:06.374272,pending,NONE,FR,mobile,False
ec83ab2d-c416-4aa6-929c-6fcf657ed9c2,C1564,327.01,EUR,Costco,Shopping,2025-11-14 10:26:06.374276,failed,NONE,CA,mobile,True
5c91cf92-8c2b-4fb3-b0ad-4035fbdce15c,C2714,381.49,GBP,Target,Electronics,2026-07-02 10:26:06.374280,pending,NONE,CA,web,False
bae2ec17-cda9-4aee-b88e-9029d6cfa4a0,C4838,146.71,EUR,Uber,Dining,2026-02-03 10:26:06.374283,success,NONE,DE,tablet,False
83014ee3-0944-441d-9473-46f28a70600b,C5500,104.18,GBP,Uber,Travel,2025-12-31 10:26:06.374287,failed,E001,CA,tablet,True
618252be-6e54-426c-af19-ee5ca14d1b01,C5764,144.06,JPY,Walmart,Electronics,2025-09-06 10:26:06.374291,failed,E002,JP,tablet,True
ac2eb606-5148-4b6c-826d-76c7fe8538ed,C7429,94.83,EUR,Uber,Utilities,2026-01-10 10:26:06.374295,pending,NONE,CA,web,False
a5b583cd-b0ed-416a-8acc-26ef354df074,C5637,436.81,USD,Walmart,Dining,2025-10-03 10:26:06.374298,failed,E003,UK,mobile,True
dcbcce0a-bbf0-4f86-94d4-0d53cad17bd8,C1258,323.48,EUR,Amazon,Shopping,2026-07-21 10:26:06.374302,failed,E002,US,web,True
12785153-e532-4ab8-95d8-4a66a11e15f5,C2744,380.75,JPY,Uber,Travel,2026-07-02 10:26:06.374306,success,NONE,DE,web,False
f45f2ddc-80b7-48a9-b0fa-ef4d3ffec976,C1089,414.33,GBP,Target,Travel,2025-12-23 10:26:06.374309,pending,NONE,JP,web,False
e2f5e7a8-6403-4dd8-a3f6-065dd8e7f40e,C4805,329.82,USD,Costco,Travel,2025-09-05 10:26:06.374313,failed,NONE,CA,tablet,True
c05c6cb3-4d5e-4a91-a7ea-def98947a1ec,C9999,79.9,EUR,Walmart,Groceries,2026-02-27 10:26:06.374317,success,NONE,US,mobile,False
102061d4-09d2-45d4-b0b7-908deebb05d9,C8509,314.96,GBP,Amazon,Utilities,2026-04-21 10:26:06.374320,success,NONE,UK,tablet,False
3d0fea52-25a6-420f-a22c-e3fe6ffcdd45,C1298,34.26,USD,Costco,Electronics,2026-07-08 10:26:06.374324,failed,E002,CA,web,True
5c813b7c-3847-414f-9c68-f9ac716deb99,C8973,321.9,USD,Amazon,Groceries,2026-06-01 10:26:06.374328,success,NONE,CA,web,False
0af05947-24d8-4c70-aaf6-27fed777c2f8,C2108,401.15,USD,Costco,Dining,2025-11-19 10:26:06.374332,failed,NONE,UK,mobile,True
ff4da056-6e2b-4fa2-a4a1-7a1e0e21d809,C1166,123.01,EUR,Uber,Shopping,2025-09-17 10:26:06.374337,success,NONE,DE,tablet,False
781fc3af-ef1e-47f7-95dc-e237e4614b6e,C5518,276.22,USD,Uber,Shopping,2025-09-24 10:26:06.374341,pending,NONE,UK,mobile,False
8217f729-cfc9-4aed-869c-f45112b3a5e2,C1110,277.42,USD,Amazon,Groceries,2025-10-31 10:26:06.374345,failed,E003,US,tablet,True
f9369e39-f7bd-4c0f-99db-42e7287e470e,C7213,9.26,USD,Uber,Electronics,2025-11-14 10:26:06.374349,success,NONE,JP,mobile,False
950ca7b2-09e8-4d54-86cc-f0a33065ed81,C1232,411.69,GBP,Amazon,Dining,2026-01-08 10:26:06.374353,success,NONE,FR,tablet,False
8e1fd2b2-c2a3-4788-ab3b-1979b7dbdc5b,C6017,238.85,GBP,Walmart,Dining,2026-08-13 10:26:06.374357,failed,E001,JP,tablet,True
783999ee-4845-45a6-ad4b-9cd58d20e3db,C9708,353.73,EUR,Target,Dining,2025-09-04 10:26:06.374361,success,NONE,DE,tablet,False
254a497c-a87a-4c07-add0-b124ab033446,C4214,346.11,USD,Amazon,Dining,2026-07-20 10:26:06.374364,pending,NONE,CA,mobile,False
598f2ee2-fa0c-4721-904d-8ead4438ab6b,C8954,11.2,EUR,Walmart,Dining,2026-04-28 10:26:06.374368,pending,NONE,UK,web,False
8e11982e-d38c-46d7-90d2-f168647dd0b2,C2187,197.1,USD,Amazon,Groceries,2026-02-24 10:26:06.374372,pending,NONE,CA,mobile,False
fc09edaa-b583-4e54-b0ab-4f5d7ed7a9e1,C4814,404.88,EUR,Costco,Dining,2025-12-22 10:26:06.374375,pending,NONE,DE,mobile,False
6751d372-c6dd-4e93-9145-4228efe7b45d,C1726,333.88,EUR,Costco,Utilities,2026-03-31 10:26:06.374379,failed,E002,US,web,True
a846d4c2-6dd8-434b-bb2d-35811f61a70e,C5477,439.48,JPY,Apple,Dining,2026-02-10 10:26:06.374383,failed,E003,JP,mobile,True
2d3515f5-03ae-4603-a274-ea3965e9f21d,C2218,409.85,EUR,Starbucks,Utilities,2026-08-01 10:26:06.374387,failed,NONE,FR,tablet,True
538cbe22-4dda-46c1-ab2f-898a7b7d3015,C1484,114.86,JPY,Delta,Utilities,2026-05-07 10:26:06.374390,pending,NONE,CA,web,False
3e5ac3b9-38d2-4ae6-9459-bc37e3735405,C9628,494.81,EUR,Target,Travel,2026-04-01 10:26:06.374395,success,NONE,CA,web,False
0b2ec415-fc5b-40e0-9513-f463ed2f4f94,C9392,368.72,JPY,Target,Groceries,2025-12-05 10:26:06.374400,failed,E003,DE,web,True
bf8113f6-df29-4d24-a43d-2839e0b6bfd4,C4919,120.28,GBP,Delta,Shopping,2026-01-31 10:26:06.374404,pending,NONE,UK,mobile,False
6e09179c-ab1e-49be-9b4c-5048842a0d4c,C4574,437.01,EUR,Apple,Travel,2026-08-19 10:26:06.374408,failed,E003,US,web,True
b28983c8-96c2-4ee7-aba2-91b6656783c5,C8176,162.17,USD,Delta,Travel,2026-07-15 10:26:06.374412,failed,E003,JP,web,True
84e293a8-10c1-4b3b-a60a-00d9635ee0db,C1237,5.94,EUR,Walmart,Electronics,2026-01-27 10:26:06.374416,failed,E003,CA,mobile,True
68d72c57-fc4b-41da-9a11-57d0b9079212,C9944,357.89,JPY,Amazon,Travel,2026-04-23 10:26:06.374419,pending,NONE,JP,mobile,False
d5b68138-2f7a-419e-8223-c22835dc84ad,C2419,294.72,EUR,Delta,Utilities,2026-08-15 10:26:06.374423,pending,NONE,JP,tablet,False
9f22938f-e776-4637-9b9a-5ea7a59acc77,C5530,186.35,EUR,Apple,Dining,2025-12-20 10:26:06.374427,success,NONE,JP,web,False
32d79aba-b36d-4232-83a8-c1b176257be0,C1945,457.51,EUR,Uber,Utilities,2026-04-26 10:26:06.374430,failed,E002,CA,web,True
5428dde6-0314-428e-9be3-2c059be5eaf9,C9531,199.33,EUR,Apple,Groceries,2026-07-04 10:26:06.374434,failed,E001,CA,web,True
7d918c0e-3093-4a0b-9bd4-bb4ac0f0c9ac,C4129,20.66,USD,Amazon,Shopping,2026-07-07 10:26:06.374438,failed,E002,UK,web,True
4cb25596-652a-49dc-8a03-8453866492d2,C6890,49.56,USD,Target,Utilities,2026-01-15 10:26:06.374442,pending,NONE,UK,web,False
0d18fe96-230b-4598-af1d-4ccfe5c87f31,C1975,433.72,JPY,Starbucks,Shopping,2026-06-12 10:26:06.374445,failed,E001,JP,tablet,True
23129943-ffcb-4036-8441-37193ec0bc14,C9519,150.16,EUR,Target,Shopping,2026-01-31 10:26:06.374449,pending,NONE,FR,web,False
886fbf10-6452-4967-ba63-7c2768753cee,C8640,352.75,USD,Uber,Groceries,2025-12-15 10:26:06.374453,failed,E003,US,web,True
80d5ffed-2d9b-4875-a531-0d061cc60389,C8383,55.23,EUR,Uber,Dining,2026-02-18 10:26:06.374457,success,NONE,UK,tablet,False
ee0745eb-b4b0-4e84-809f-daf67aaca940,C1187,216.5,JPY,Apple,Groceries,2025-10-05 10:26:06.374460,failed,E001,DE,web,True
2b18ad3e-5042-4c1e-a7e8-6b2310ee9f36,C8717,439.49,EUR,Walmart,Groceries,2026-05-04 10:26:06.374464,failed,E003,DE,mobile,True
65c03a49-a742-4b39-a039-335ea64114d7,C4237,52.78,GBP,Uber,Groceries,2026-02-03 10:26:06.374468,failed,E002,US,mobile,True
837cf1e9-fa4c-4729-9936-d00584cc48ae,C5266,390.88,JPY,Delta,Groceries,2026-01-30 10:26:06.374472,pending,NONE,FR,tablet,False
ebdd0e80-06d0-4ddf-81f4-9c1cb94ce1c5,C9659,138.58,EUR,Delta,Shopping,2026-03-12 10:26:06.374476,success,NONE,JP,tablet,False
9cb956fd-81ff-461d-b1a9-8408ad37fbc7,C8432,386.27,GBP,Uber,Groceries,2026-06-29 10:26:06.374480,pending,NONE,FR,web,False
85dc29a4-a260-4381-9c01-618dfc819b63,C7017,43.74,GBP,Delta,Shopping,2026-05-17 10:26:06.374483,failed,E003,US,mobile,True
94b47ba9-4845-4281-8102-51194424b8bb,C5322,422.22,JPY,Apple,Shopping,2025-11-28 10:26:06.374487,pending,NONE,FR,web,False
b0633fe4-e182-4454-a398-973e43133123,C8774,302.66,GBP,Apple,Electronics,2026-05-25 10:26:06.374492,pending,NONE,UK,mobile,False
94a2b0ab-b71f-49a2-88c7-ba59816e87d5,C4545,212.84,JPY,Delta,Utilities,2026-07-30 10:26:06.374496,pending,NONE,CA,mobile,False
5f0e9425-5b7b-41db-ab3e-5bddfc7a677b,C7983,488.45,GBP,Walmart,Travel,2026-02-20 10:26:06.374500,pending,NONE,UK,tablet,False
5eec0fc8-89a7-40e3-a960-afb374364463,C8091,484.29,EUR,Amazon,Dining,2026-02-23 10:26:06.374505,failed,E002,UK,web,True
785438ed-91b7-49d0-95ea-c1304724678c,C7725,294.08,EUR,Target,Electronics,2025-10-26 10:26:06.374509,failed,E001,US,web,True
56f15e04-830d-4fce-bb6d-48ce1cc11025,C4663,126.39,USD,Costco,Electronics,2026-01-02 10:26:06.374513,pending,NONE,FR,web,False
cfee099f-7fed-45b4-b3b1-be4d073b9409,C1907,330.56,EUR,Amazon,Utilities,2026-04-09 10:26:06.374516,success,NONE,US,web,False
9b2ae4ce-e8b2-401d-87e4-18ccaa1d6885,C5496,431.79,USD,Amazon,Shopping,2026-02-20 10:26:06.374520,failed,E001,FR,mobile,True
bc579a61-5056-49db-869d-2d45f9e1d833,C9977,234.77,USD,Amazon,Shopping,2026-08-10 10:26:06.374524,pending,NONE,UK,tablet,False
0103fada-d0d4-48dd-a3cc-c89e4594cf5a,C9258,166.59,USD,Uber,Electronics,2025-09-08 10:26:06.374528,pending,NONE,DE,mobile,False
6fc63530-6c80-496e-9f92-5a77c9872569,C3547,29.35,JPY,Apple,Groceries,2025-11-11 10:26:06.374545,success,NONE,FR,tablet,False
2c6a2008-621e-47dd-a162-5fa791c8d6ea,C2320,236.32,USD,Amazon,Utilities,2026-03-11 10:26:06.374562,pending,NONE,DE,web,False
891b80fc-56ba-4ac6-8285-74047df56ced,C8410,390.83,USD,Amazon,Utilities,2026-07-21 10:26:06.374569,success,NONE,CA,tablet,False
984fb9db-be06-4121-817f-f202e1cb7a56,C2662,469.34,JPY,Costco,Groceries,2025-12-27 10:26:06.374574,failed,E001,UK,mobile,True
017b81b1-c0d0-410f-843f-ee36716ff40b,C2242,49.26,JPY,Delta,Dining,2026-01-21 10:26:06.374579,pending,NONE,DE,mobile,False
c09a4360-7e8b-433c-a67f-4130b291697a,C6418,332.48,JPY,Amazon,Groceries,2026-02-04 10:26:06.374583,pending,NONE,JP,tablet,False
907c6c83-7db2-4176-b5e5-21b76e3d3dcf,C4990,386.53,JPY,Costco,Electronics,2025-11-21 10:26:06.374587,pending,NONE,CA,mobile,False
6ffbfc64-9248-464a-ac83-5cc21e9279c9,C6883,132.22,JPY,Starbucks,Electronics,2026-05-04 10:26:06.374594,pending,NONE,UK,tablet,False
b689cc52-f271-41c1-a2fc-b3aefa272db5,C6438,98.89,EUR,Uber,Shopping,2026-01-13 10:26:06.374599,failed,E002,CA,mobile,True
18c105b2-926d-4d07-a921-ec91265feccd,C9411,242.83,JPY,Walmart,Electronics,2025-10-10 10:26:06.374604,failed,NONE,DE,web,True
84d1f88e-420a-4485-844c-9f2cf6c6d6e3,C8001,77.18,JPY,Starbucks,Electronics,2025-10-14 10:26:06.374608,failed,NONE,JP,web,True
34445abe-1548-4098-98e6-c4c670381ded,C5271,68.45,GBP,Apple,Groceries,2026-03-02 10:26:06.374617,success,NONE,FR,tablet,False
7c057d02-4e5e-4a1b-8155-6bbaa585ce5e,C3867,15.94,JPY,Delta,Utilities,2025-12-25 10:26:06.374638,failed,NONE,US,tablet,True
b3adf96c-9a1f-4f9f-a9a7-5b6c02eb6dc5,C2188,464.31,USD,Uber,Shopping,2026-01-22 10:26:06.374678,success,NONE,CA,web,False
a2ade827-e469-4064-b35e-755364a43365,C7015,340.97,USD,Walmart,Groceries,2026-03-07 10:26:06.374689,failed,E003,US,mobile,True
e0b757e0-b5de-4e32-8f9d-eaad2abf1660,C7403,325.15,GBP,Uber,Travel,2026-05-20 10:26:06.374694,success,NONE,UK,mobile,False
a54fae28-6abb-4201-accf-10bc461e5c74,C3559,467.0,EUR,Walmart,Dining,2025-11-25 10:26:06.374699,success,NONE,US,web,False
a6b84464-7f2c-49df-953d-b38229a6110a,C6973,362.65,EUR,Apple,Travel,2025-09-26 10:26:06.374703,pending,NONE,CA,tablet,False
269aab77-aac7-4780-879c-e1a9cb3d6159,C2702,53.46,GBP,Starbucks,Utilities,2025-11-08 10:26:06.374707,success,NONE,FR,mobile,False
9e150b2e-6a52-41df-8133-879361904bfc,C7983,236.91,GBP,Amazon,Travel,2026-01-28 10:26:06.374712,failed,NONE,US,tablet,True
a031a1db-409b-4a7d-8dee-77198275c7bd,C1245,122.25,EUR,Amazon,Shopping,2026-04-27 10:26:06.374716,success,NONE,UK,tablet,False
d52e016f-c193-4b43-a75d-4836d31b9e55,C5977,92.93,JPY,Amazon,Utilities,2026-02-28 10:26:06.374720,success,NONE,US,tablet,False
d9d858a0-8596-457d-91e8-179ca53c8d3b,C9060,57.24,EUR,Apple,Shopping,2025-12-25 10:26:06.374724,pending,NONE,JP,mobile,False
52acd9a9-caec-491c-86c8-5f5a2b63ab8b,C3134,362.9,EUR,Starbucks,Travel,2026-01-23 10:26:06.374728,failed,E002,JP,web,True
59aaac20-1607-4063-92e1-c01bf8d1e39f,C9129,114.2,GBP,Walmart,Electronics,2026-04-07 10:26:06.374732,success,NONE,DE,tablet,False
0a7f9c42-e0a7-42b4-8092-19606fe00609,C7202,33.55,GBP,Target,Groceries,2025-10-26 10:26:06.374736,failed,E003,JP,web,True
e4232c47-b363-4372-aefa-275074929f49,C2910,460.78,USD,Target,Electronics,2026-01-11 10:26:06.374740,pending,NONE,JP,web,False
de1a36e9-7d41-4f55-a588-07fd624affb7,C5147,400.96,JPY,Uber,Electronics,2025-12-09 10:26:06.374744,failed,E003,FR,web,True
79139d4f-2061-440a-b195-fbc6a8c9d9e7,C8768,474.48,EUR,Amazon,Dining,2025-11-14 10:26:06.374748,pending,NONE,US,web,False
a93a8479-7ee4-4ab5-b469-0457e7a70d63,C5201,31.26,GBP,Uber,Dining,2026-07-31 10:26:06.374752,failed,E002,JP,tablet,True
259f33a9-b989-4575-b7dc-1c4b29214c99,C9929,383.14,JPY,Starbucks,Utilities,2025-10-30 10:26:06.374758,success,NONE,DE,tablet,False
ca298907-b86d-4960-85b0-5588fb1345e6,C8917,22.17,USD,Amazon,Electronics,2026-08-15 10:26:06.374762,pending,NONE,DE,mobile,False
f8ac7a60-9fca-454a-98ea-d34330e58aa1,C5064,176.9,USD,Delta,Shopping,2025-09-07 10:26:06.374766,success,NONE,UK,mobile,False
65468b5d-9ee1-4c90-ae22-ec4493c1546b,C3685,63.45,GBP,Apple,Groceries,2025-11-08 10:26:06.374770,failed,NONE,US,tablet,True
80039410-80f4-4cb8-a0c4-b094d3ec2835,C9517,263.18,USD,Walmart,Utilities,2025-12-13 10:26:06.374774,success,NONE,UK,tablet,False
3c355329-7733-4ca4-9c71-00f18eb4723e,C9559,147.59,GBP,Costco,Shopping,2026-04-15 10:26:06.374778,pending,NONE,UK,web,False
782ff458-c090-4102-bfca-1bba49d4d770,C9508,149.08,EUR,Costco,Travel,2026-07-14 10:26:06.374782,failed,E003,FR,web,True
22ab4c99-595a-48d5-98d0-ccfec3adcc73,C8972,385.39,EUR,Amazon,Dining,2025-10-26 10:26:06.374785,failed,E001,FR,web,True
b5bfdff7-a48e-4582-99b1-7a182316baff,C5004,29.79,USD,Delta,Utilities,2025-11-18 10:26:06.374789,failed,E001,CA,web,True
47657141-1fe6-4991-94cd-dfdfae52b1fa,C4582,28.56,EUR,Apple,Travel,2025-12-01 10:26:06.374793,failed,E002,FR,tablet,True
01d270f4-a6a8-46b2-8082-d3370f923123,C2421,393.34,JPY,Amazon,Utilities,2026-08-31 10:26:06.374797,failed,E002,CA,web,True
f1e3c147-1585-479f-a2c2-1a339ff8b9d6,C3923,482.34,JPY,Starbucks,Electronics,2026-01-16 10:26:06.374803,pending,NONE,DE,web,False
e708479f-bf8a-4041-8803-643d1762e94e,C3354,36.41,EUR,Target,Electronics,2026-08-15 10:26:06.374808,pending,NONE,JP,tablet,False
7963903b-0fdf-4532-aeb0-fe6551780544,C8523,72.09,JPY,Delta,Dining,2025-10-05 10:26:06.374812,failed,E001,DE,mobile,True
390b5dee-84f7-4e2b-81a3-d9c6f076d686,C9165,121.86,GBP,Amazon,Utilities,2025-10-18 10:26:06.374816,pending,NONE,CA,web,False
fdd9259f-75f6-402a-b167-217c6d23eb1e,C6963,429.49,JPY,Apple,Travel,2026-07-27 10:26:06.374820,success,NONE,US,tablet,False
9b0c759a-e888-4a38-97e5-3b215ab74111,C2263,452.88,JPY,Delta,Dining,2026-05-11 10:26:06.374824,pending,NONE,FR,web,False
0204eaad-b125-476a-a821-1e44a7cea2c5,C3503,112.91,EUR,Target,Shopping,2026-08-05 10:26:06.374828,failed,E001,DE,web,True
c13d2f82-ceea-4089-a45a-2b576ebdf1d4,C1884,353.14,EUR,Amazon,Groceries,2025-09-20 10:26:06.374832,pending,NONE,UK,tablet,False
7c23bf50-481f-4eb8-bf14-b6a7a5feb820,C9123,237.96,EUR,Costco,Travel,2025-11-27 10:26:06.374836,pending,NONE,DE,mobile,False
05c7f420-280f-49eb-b109-485ce93101cb,C6236,167.19,GBP,Walmart,Utilities,2026-05-31 10:26:06.374840,pending,NONE,JP,mobile,False
b1ff1e7a-7977-4c88-bdac-85731d3fcfb4,C4336,180.38,GBP,Starbucks,Utilities,2026-07-01 10:26:06.374844,success,NONE,FR,tablet,False
aad970d0-94a4-4171-9c1d-e2e53363e9cf,C6138,9.0,JPY,Starbucks,Dining,2025-10-26 10:26:06.374848,failed,NONE,DE,tablet,True
8ff5c0a7-7a8b-4f15-9e1e-a9af499f487f,C7401,339.29,JPY,Amazon,Travel,2026-09-02 10:26:06.374851,success,NONE,DE,mobile,False
cf3d6c25-0591-4c0f-8a42-7ac41aa9f641,C7509,11.7,USD,Target,Utilities,2026-06-28 10:26:06.374855,success,NONE,JP,tablet,False
397f5e7f-0160-4b68-afde-027b06e37c24,C4692,485.67,GBP,Costco,Shopping,2026-08-28 10:26:06.374859,success,NONE,FR,web,False
60b5302b-eecd-4def-8dd8-e1eeb591cd35,C4829,228.45,GBP,Uber,Dining,2025-09-18 10:26:06.374863,success,NONE,DE,mobile,False
d5d519c7-a891-4ab9-8cd6-09ea56df6620,C2670,202.31,GBP,Delta,Dining,2026-05-28 10:26:06.374867,pending,NONE,UK,mobile,False
8e38bfa6-8084-416e-8be0-1043b5808055,C3987,135.3,USD,Delta,Travel,2026-05-23 10:26:06.374870,pending,NONE,JP,mobile,False
38c61e4b-e319-4cfe-8d8f-b142a9cea569,C5025,10.97,USD,Starbucks,Dining,2026-01-16 10:26:06.374874,failed,E002,UK,tablet,True
7efcec29-4373-4b3d-b72d-4db6ee4a859f,C9923,257.96,EUR,Starbucks,Utilities,2026-01-11 10:26:06.374878,failed,NONE,FR,tablet,True
1826e619-bdb7-411b-b78a-b2e7d4179575,C2101,5.55,JPY,Costco,Dining,2026-07-28 10:26:06.374882,failed,NONE,JP,web,True
a978c60d-02d7-49e1-8baf-ebc9fafbc888,C8485,322.54,GBP,Starbucks,Shopping,2025-09-12 10:26:06.374886,success,NONE,FR,tablet,False
5f1584e4-0409-4469-8429-e0a02fd75190,C8482,73.73,JPY,Starbucks,Electronics,2025-12-15 10:26:06.374890,success,NONE,JP,mobile,False
98254b52-d9a3-4748-b940-37c84ebc88cf,C4754,70.9,GBP,Amazon,Shopping,2026-05-06 10:26:06.374893,success,NONE,UK,mobile,False
53f4654f-7066-475f-af73-708862bf44e2,C8228,19.08,JPY,Walmart,Utilities,2026-04-29 10:26:06.374897,pending,NONE,CA,mobile,False
e8cc6df7-d179-48ad-ae19-7b98d0662266,C7851,211.65,GBP,Uber,Dining,2025-10-12 10:26:06.374901,failed,E002,CA,mobile,True
7aad7df9-ee65-4c80-b34f-6cea721ba8c7,C1582,297.72,JPY,Amazon,Groceries,2025-12-13 10:26:06.374905,failed,E003,CA,mobile,True
a4be7142-cd07-4eb8-b839-6cb69fdfb264,C4088,221.48,EUR,Amazon,Dining,2026-03-04 10:26:06.374909,success,NONE,JP,web,False
737cafb4-6e8e-416c-a5d4-4f63412e076d,C7789,27.01,USD,Target,Electronics,2026-08-13 10:26:06.374913,success,NONE,CA,tablet,False
35f4fd95-0809-491c-aef9-6edaac96e49e,C5087,104.23,EUR,Walmart,Utilities,2026-01-16 10:26:06.374918,pending,NONE,CA,tablet,False
a3ffe955-a885-437f-b911-6eb2d5647d3d,C7471,58.88,GBP,Target,Electronics,2026-01-29 10:26:06.374922,failed,NONE,US,mobile,True
43cef00b-1354-49a5-b87b-ccf8d662ccb1,C1304,16.66,EUR,Walmart,Utilities,2026-08-09 10:26:06.374925,pending,NONE,US,tablet,False
1ac0c872-ab3f-496b-985d-aa5907eaf021,C6736,97.72,USD,Uber,Electronics,2026-07-06 10:26:06.374929,success,NONE,UK,tablet,False
8448e2e4-2887-490e-b161-63f217bef265,C9321,236.66,GBP,Uber,Electronics,2026-08-21 10:26:06.374933,success,NONE,US,web,False
a587bd18-471b-4d66-b3ce-ba05c0ff661a,C3860,15.03,GBP,Target,Shopping,2026-01-20 10:26:06.374937,failed,E001,JP,tablet,True
9997925b-5013-4542-af58-f1f7d98353d8,C9296,83.66,USD,Target,Electronics,2025-11-19 10:26:06.374941,success,NONE,UK,tablet,False
20908dff-500f-477e-a4d4-20008df89b01,C2846,38.98,JPY,Starbucks,Shopping,2026-02-28 10:26:06.374945,failed,E002,US,mobile,True
0abe096a-45cb-4aad-bf59-2d2bf05d2c08,C3993,50.35,JPY,Apple,Utilities,2026-01-03 10:26:06.374948,pending,NONE,CA,tablet,False
8af79b71-8dda-494b-8b71-03ab8ea2c14c,C3776,132.62,JPY,Delta,Travel,2026-02-27 10:26:06.374952,success,NONE,DE,web,False
c6b0dd7e-f505-449c-8fe2-4f2c0e29b912,C6629,400.85,GBP,Target,Electronics,2026-05-01 10:26:06.374956,failed,E003,JP,web,True
b460ecb2-5055-4e81-825d-da286eec8246,C4407,255.3,EUR,Apple,Groceries,2026-07-15 10:26:06.374960,success,NONE,CA,mobile,False
a6657c1c-0455-4339-b64d-b3f4e67910ac,C6449,212.4,USD,Apple,Groceries,2026-08-29 10:26:06.374963,pending,NONE,DE,tablet,False
348c92ea-fb89-4577-9569-b25b4090c6b2,C7180,423.73,JPY,Delta,Travel,2026-01-25 10:26:06.374967,success,NONE,FR,mobile,False
8d39498c-50de-4d43-b26c-549ff7740696,C2226,112.5,JPY,Costco,Dining,2026-06-08 10:26:06.374971,failed,NONE,US,web,True
6c8307d3-9cd5-4fd3-b98f-a2e35c91ae79,C7701,375.62,GBP,Apple,Utilities,2026-04-01 10:26:06.374974,failed,NONE,US,web,True
2f094d3b-c9d0-4984-b29d-3380e6c96c25,C3596,131.17,EUR,Amazon,Groceries,2026-03-13 10:26:06.374978,success,NONE,UK,web,False
2731cf8a-4f8e-40aa-8edf-aaae3d72378c,C9117,12.24,GBP,Target,Travel,2025-12-20 10:26:06.374982,success,NONE,US,tablet,False
ab87d342-57cc-4961-b024-203e2bd9d05d,C3732,465.28,JPY,Uber,Shopping,2025-12-13 10:26:06.374986,success,NONE,JP,mobile,False
ea401388-ec84-4fab-967e-cda90584fd61,C5889,494.37,JPY,Target,Utilities,2025-10-25 10:26:06.374990,failed,E001,US,tablet,True
fb461bf7-6841-454b-8d7c-cdcb3b37e5c4,C1010,261.64,JPY,Walmart,Shopping,2026-03-12 10:26:06.374994,pending,NONE,FR,tablet,False
e0ff1110-c299-497b-8542-0a0dc968ec7c,C9178,74.3,EUR,Starbucks,Electronics,2025-09-07 10:26:06.374997,failed,E003,UK,mobile,True
26250dd3-0250-4ed2-92ed-af3eae1990eb,C1159,250.23,USD,Starbucks,Dining,2026-03-09 10:26:06.375001,pending,NONE,DE,web,False
cbb4fc8e-7305-423c-9224-9b21dafb2e37,C7209,310.98,EUR,Walmart,Groceries,2026-08-09 10:26:06.375005,success,NONE,US,web,False
51a794c8-8d8f-45d8-80bd-e8b88b707bcb,C1807,379.09,EUR,Target,Utilities,2025-11-27 10:26:06.375008,success,NONE,DE,tablet,False
e440f6b4-614f-40c3-b8e7-bf3c1680b30e,C6116,236.97,USD,Costco,Groceries,2026-05-02 10:26:06.375012,failed,E002,CA,tablet,True
591f3a54-dd9b-4cc4-8647-4bbe3a98e5b0,C4196,370.05,JPY,Costco,Dining,2025-10-20 10:26:06.375016,success,NONE,CA,web,False
dc510b91-7f30-453a-ada5-fcb340f606db,C8436,88.37,GBP,Delta,Electronics,2025-11-05 10:26:06.375020,failed,E003,CA,tablet,True
01ae0898-743d-4771-8e91-fd4baeffdece,C6338,248.58,GBP,Costco,Travel,2026-06-13 10:26:06.375023,success,NONE,FR,mobile,False
6e0ca722-e4f7-4893-a7cc-f2ecf5e7bfb4,C9875,41.81,JPY,Starbucks,Electronics,2026-04-20 10:26:06.375027,pending,NONE,JP,tablet,False
6ff08d4a-6d6c-4370-9002-2b3cd0d54242,C1451,48.79,EUR,Walmart,Travel,2026-08-28 10:26:06.375031,success,NONE,CA,mobile,False
e0c54eaf-a603-4b99-a8d0-b6d38aa149bb,C4699,458.35,EUR,Uber,Dining,2025-10-21 10:26:06.375035,success,NONE,DE,tablet,False
e6d0e474-14c3-4ed8-b098-9760792cce74,C4502,360.36,EUR,Delta,Shopping,2025-10-02 10:26:06.375038,failed,NONE,UK,mobile,True
8dfd454b-5360-46e8-bb73-5364488931e8,C5114,276.79,USD,Amazon,Utilities,2026-08-27 10:26:06.375042,success,NONE,DE,mobile,False
44f1b53b-6241-4233-beac-de7c0abe2f81,C9327,326.71,USD,Uber,Utilities,2026-04-03 10:26:06.375046,failed,E002,DE,mobile,True
b277ac9f-ed3b-4250-b0a2-42fc11f4ddec,C2528,488.46,GBP,Walmart,Dining,2026-02-04 10:26:06.375050,failed,NONE,CA,tablet,True
5ec2ecac-3a2f-47ec-b94d-bc3a3032c66d,C1331,213.27,USD,Target,Electronics,2026-01-01 10:26:06.375053,success,NONE,CA,mobile,False
e2e8958c-8b56-4a09-8916-434464d04ad7,C6146,41.62,EUR,Starbucks,Groceries,2025-12-05 10:26:06.375057,success,NONE,US,tablet,False
d1a11c1c-cf22-493c-b1b9-d8e9d60cdfb6,C4979,76.39,EUR,Uber,Electronics,2026-02-24 10:26:06.375061,pending,NONE,UK,web,False
91311630-a788-440c-a04f-6daed00c6fce,C3027,451.39,JPY,Uber,Groceries,2026-04-05 10:26:06.375066,success,NONE,DE,mobile,False
f40c28ad-9b0e-4a5b-badd-380eb7b0ce0d,C6714,396.73,EUR,Starbucks,Utilities,2025-10-22 10:26:06.375071,success,NONE,CA,web,False
ae13aceb-df31-4b96-927c-9a606c23c2a4,C2966,189.81,JPY,Delta,Shopping,2026-08-19 10:26:06.375075,success,NONE,CA,mobile,False
73ad1a16-e9f6-401b-a0c5-c490bb24eb3b,C9764,107.9,JPY,Starbucks,Shopping,2026-07-02 10:26:06.375079,success,NONE,CA,web,False
aaeee7b8-5f83-4625-807f-0d3e4623cbc7,C9070,183.76,USD,Costco,Utilities,2026-04-02 10:26:06.375082,failed,E001,CA,web,True
3592f2a7-6790-4ec6-a460-cad3636385d9,C9134,80.08,GBP,Costco,Electronics,2026-03-04 10:26:06.375086,success,NONE,DE,tablet,False
f813a65e-ed0b-49e2-a0a8-28a472d663f9,C3552,274.42,JPY,Starbucks,Travel,2026-04-27 10:26:06.375090,success,NONE,JP,tablet,False
e9d22ab5-0680-4b73-a62c-03ee8a1c24f5,C8622,5.06,USD,Amazon,Groceries,2026-05-27 10:26:06.375094,failed,E002,UK,mobile,True
c67325bc-1512-4b2c-9e91-bcfc282c5267,C4300,379.65,EUR,Delta,Travel,2025-11-26 10:26:06.375097,success,NONE,CA,mobile,False
83ef80c5-0758-49e3-9bd2-69987bbf022a,C3303,233.42,GBP,Amazon,Groceries,2026-09-02 10:26:06.375101,success,NONE,JP,web,False
82a1fbc1-d8d3-412d-9840-6045cc4b2e62,C7303,303.58,JPY,Amazon,Electronics,2025-10-04 10:26:06.375105,pending,NONE,US,mobile,False
fe891866-866c-4a0d-bf21-0474a51ba1b7,C9916,360.22,EUR,Uber,Shopping,2026-07-31 10:26:06.375109,failed,E001,US,web,True
3cf13443-1e25-4354-b3b1-6fc47d3cad0f,C6961,35.4,EUR,Uber,Utilities,2025-09-16 10:26:06.375113,pending,NONE,DE,mobile,False
28443f14-7d3f-4a54-97af-96e7c2218630,C5704,51.6,JPY,Delta,Travel,2025-10-11 10:26:06.375116,failed,E003,FR,mobile,True
bdd21b04-4bfe-4385-a536-6fbcb0a7e8ef,C9632,136.71,JPY,Uber,Shopping,2025-10-15 10:26:06.375120,pending,NONE,US,mobile,False
5225869c-ad3e-4839-8ebf-5a6c80a2b929,C8076,266.86,EUR,Target,Dining,2025-12-24 10:26:06.375124,pending,NONE,FR,tablet,False
d53ab4ef-d7db-48c6-8e76-b330e9d3d1f4,C8999,97.15,USD,Starbucks,Groceries,2026-08-31 10:26:06.375128,pending,NONE,DE,web,False
48833064-bf76-470a-ad71-d1bf05199ca8,C2209,192.29,GBP,Costco,Dining,2025-11-04 10:26:06.375131,pending,NONE,JP,web,False
226da001-8c16-4337-956f-4059471f188d,C2699,393.68,USD,Apple,Groceries,2025-10-22 10:26:06.375135,failed,E001,JP,web,True
0d70fbc2-a837-42fe-aaf2-2fb06ef51ad6,C5307,460.01,USD,Uber,Dining,2026-07-14 10:26:06.375139,success,NONE,FR,web,False
d498c16c-3680-4c54-8968-fa816ad54409,C8158,141.71,GBP,Delta,Electronics,2025-12-23 10:26:06.375143,success,NONE,US,mobile,False
a4dc25e1-a945-4dfc-8bf6-18cac9c222cf,C3897,431.29,JPY,Walmart,Groceries,2025-11-28 10:26:06.375146,success,NONE,FR,tablet,False
82db9400-b414-4685-a306-d73bc924e5a4,C1510,270.92,EUR,Target,Dining,2025-09-19 10:26:06.375150,failed,NONE,UK,web,True
775e80cb-81da-4bdb-9a6c-47e4af8225b4,C4254,361.4,USD,Walmart,Travel,2026-02-17 10:26:06.375154,failed,NONE,CA,tablet,True
98fbfda0-02da-4aec-8c1d-454c2ff04a28,C2233,298.36,JPY,Amazon,Electronics,2026-02-16 10:26:06.375158,pending,NONE,UK,tablet,False
a9814ae9-7d68-4680-8b06-064ac3baef44,C5506,370.85,EUR,Amazon,Shopping,2025-11-23 10:26:06.375161,pending,NONE,US,web,False
62acf76a-242d-423c-bd3e-5cafbd38ff05,C1649,424.33,EUR,Delta,Travel,2026-05-17 10:26:06.375165,pending,NONE,FR,mobile,False
7bc483e2-e234-48b6-aa7f-3d1d828e5ae8,C4541,116.02,GBP,Delta,Utilities,2025-10-23 10:26:06.375169,pending,NONE,FR,web,False
7080f328-b3b6-4921-bd94-08b51a949600,C2023,219.63,EUR,Delta,Shopping,2025-09-12 10:26:06.375173,success,NONE,CA,web,False
42fb0698-af43-455c-9505-d34ac01473de,C2796,181.93,JPY,Costco,Utilities,2026-06-11 10:26:06.375176,success,NONE,FR,web,False
bc58b3d7-b1b4-404b-9cac-819e1f8ff648,C6165,219.95,EUR,Walmart,Travel,2026-02-28 10:26:06.375180,failed,E001,DE,web,True
637c058a-75ee-4564-92f4-e3cbb8921540,C2651,255.54,EUR,Costco,Electronics,2026-08-06 10:26:06.375184,success,NONE,UK,web,False
22cdcd79-eb41-401b-9052-ef653c7ad9f2,C8748,115.34,GBP,Delta,Dining,2026-02-03 10:26:06.375188,failed,E003,FR,mobile,True
835a5436-6f80-4bc3-a5ce-f6a64d62a499,C5565,316.05,USD,Amazon,Shopping,2025-09-05 10:26:06.375191,pending,NONE,FR,mobile,False
a2d66355-7ee7-4ffe-824d-5ace2ab615b0,C3743,83.32,GBP,Costco,Groceries,2025-10-22 10:26:06.375195,failed,E003,FR,web,True
330211c1-969a-4ca0-9fd2-9be9d6bcd4ba,C5570,251.52,USD,Delta,Electronics,2026-07-17 10:26:06.375199,failed,E003,FR,tablet,True
4bbb292f-f41a-4533-a5b5-45da23f5d1e5,C9415,47.31,GBP,Amazon,Utilities,2026-06-21 10:26:06.375203,pending,NONE,CA,tablet,False
dd067274-a814-4f47-b095-33f598c8a825,C4147,350.53,USD,Amazon,Groceries,2026-05-07 10:26:06.375207,failed,E002,US,tablet,True
2856c7dc-429d-4795-bd61-67122dceb195,C4192,122.47,USD,Apple,Utilities,2026-08-15 10:26:06.375210,success,NONE,FR,mobile,False
32d23635-042c-46d4-b13c-a9094dcc9d78,C4509,443.77,USD,Walmart,Groceries,2026-04-17 10:26:06.375214,success,NONE,FR,mobile,False
f4889833-0975-4ae0-8fa5-4dba7f7273a7,C2634,346.35,EUR,Delta,Dining,2026-05-03 10:26:06.375218,failed,NONE,FR,web,True
3b93da3e-947f-4271-adf8-b97cf21239e1,C7826,386.55,GBP,Uber,Utilities,2026-03-27 10:26:06.375223,pending,NONE,CA,mobile,False
72cf0023-2bae-476e-be15-95843d3f9b66,C8826,344.81,EUR,Apple,Travel,2026-03-26 10:26:06.375227,failed,NONE,CA,tablet,True
f6e4b96d-8ca5-4aba-9088-0ecca4c571c0,C9726,58.49,GBP,Walmart,Utilities,2025-11-27 10:26:06.375231,success,NONE,CA,web,False
a36f32e9-e39f-4908-957e-ac85869f8886,C8038,449.72,JPY,Uber,Travel,2026-03-09 10:26:06.375235,pending,NONE,JP,tablet,False
3b2b05c4-0879-4c83-b2c7-7291daabcb08,C6290,395.91,EUR,Amazon,Utilities,2025-10-07 10:26:06.375238,failed,NONE,FR,web,True
8d99fb5b-d7c8-4fd4-8cc0-ecc039d7f482,C2821,329.05,EUR,Apple,Shopping,2026-07-26 10:26:06.375242,failed,E002,FR,tablet,True
61c221a6-aeb7-4f87-a1cf-69b4cc179a62,C8444,385.22,USD,Target,Utilities,2026-07-28 10:26:06.375246,failed,E003,FR,mobile,True
905224bc-74d5-4466-9773-227390601493,C4992,32.97,USD,Delta,Shopping,2026-02-16 10:26:06.375250,success,NONE,CA,web,False
7cd5b4a8-b90e-41e0-b8d1-04c309bb5680,C5874,251.66,USD,Starbucks,Shopping,2025-12-02 10:26:06.375254,success,NONE,US,tablet,False
e50c4e90-7be5-442b-93f3-f637fc605659,C5780,100.75,EUR,Amazon,Shopping,2026-03-07 10:26:06.375258,failed,NONE,US,web,True
0b0569e5-47be-469a-a6c9-8940f204e1c1,C1126,45.43,EUR,Walmart,Groceries,2026-08-26 10:26:06.375261,pending,NONE,JP,web,False
3c367f34-94a3-4e34-83b9-2f7cf0a11e44,C3225,277.92,EUR,Amazon,Groceries,2026-04-28 10:26:06.375265,success,NONE,US,tablet,False
3b70aeb8-384d-4c13-99d0-b0ce837c7ff0,C7171,420.14,EUR,Uber,Dining,2026-08-14 10:26:06.375269,failed,NONE,FR,tablet,True
45ad6279-5964-4ede-911e-f514fb175ca4,C3658,475.59,JPY,Costco,Groceries,2026-01-02 10:26:06.375274,failed,NONE,FR,tablet,True
9b0789b3-58e9-4a94-949f-5d884d98ea3e,C6791,372.34,JPY,Apple,Electronics,2025-12-21 10:26:06.375278,failed,E002,FR,tablet,True
dd796169-db19-481f-9f0c-63c9ca1188bd,C4279,364.1,EUR,Delta,Electronics,2025-10-29 10:26:06.375282,failed,E002,US,mobile,True
4fc5cbcc-5fcf-409d-b415-8039ca581edb,C4527,321.02,EUR,Apple,Dining,2026-07-05 10:26:06.375285,success,NONE,UK,tablet,False
71f57e71-e537-4ffc-9fd2-dc28fac02c07,C3997,247.66,EUR,Starbucks,Shopping,2026-03-25 10:26:06.375289,failed,E001,UK,mobile,True
79f5f252-44ff-49c4-a5c2-fd7021d06ed6,C4403,16.89,GBP,Target,Dining,2026-01-14 10:26:06.375293,failed,E001,CA,mobile,True
ab865c56-37da-42c9-b8dd-c38f45a07d9d,C6501,84.5,GBP,Uber,Utilities,2025-11-28 10:26:06.375296,pending,NONE,UK,mobile,False
cd9b08e3-b799-4d0d-9353-78e498d96a23,C2400,162.31,GBP,Costco,Utilities,2026-08-17 10:26:06.375300,failed,E003,CA,mobile,True
b1286ef0-ce75-4e66-942b-b0e14a7ca575,C2728,25.08,GBP,Uber,Shopping,2026-06-09 10:26:06.375304,success,NONE,FR,tablet,False
a38b6dbe-0072-4396-bc97-08809fc6fa45,C4479,487.01,EUR,Apple,Electronics,2025-10-06 10:26:06.375308,success,NONE,DE,tablet,False
1905cf92-3a88-4f01-9b3d-5922926470c7,C7307,404.26,JPY,Apple,Travel,2026-06-20 10:26:06.375312,success,NONE,JP,web,False
82470c16-316c-4854-9f1b-727d62f90bd6,C8292,420.11,JPY,Delta,Dining,2025-09-25 10:26:06.375316,failed,E003,US,mobile,True
df03c87d-8b95-45dd-8f96-feec8211d492,C4293,15.48,JPY,Target,Electronics,2025-11-30 10:26:06.375319,failed,NONE,CA,tablet,True
4fd3ac80-dd56-4037-93e9-2e7d5530cbf2,C9662,441.77,JPY,Apple,Travel,2025-10-08 10:26:06.375324,failed,E002,US,tablet,True
d83a3216-2172-4530-9c96-6e4e2cc428f5,C2323,329.22,JPY,Uber,Travel,2026-09-02 10:26:06.375328,pending,NONE,US,tablet,False
09ecf5b8-a1a9-470c-bd75-573f6df8ec03,C3728,354.8,JPY,Amazon,Dining,2025-09-06 10:26:06.375332,success,NONE,JP,tablet,False
f94cc4f0-c07d-4d62-b29e-24391460b205,C2439,252.32,JPY,Delta,Electronics,2026-01-22 10:26:06.375336,failed,E002,UK,tablet,True
f57165f7-4781-4802-ab65-8ea8b38e54ff,C8280,314.92,EUR,Amazon,Travel,2026-03-23 10:26:06.375340,failed,NONE,UK,tablet,True
4ee98c2a-4155-4ea4-b018-3247d6c07ab7,C5832,91.61,USD,Delta,Utilities,2026-03-06 10:26:06.375344,success,NONE,FR,web,False
15f416b6-954e-4945-bd57-1c3bec0dfa42,C3527,35.19,GBP,Target,Electronics,2026-04-20 10:26:06.375348,success,NONE,DE,web,False
c80dd43e-1c30-4591-a597-ccbd7da9fde9,C3805,39.21,JPY,Apple,Shopping,2026-05-06 10:26:06.375352,failed,NONE,CA,mobile,True
a2d9ac8a-4a8d-4f0a-af78-688855773e19,C7964,104.97,EUR,Delta,Travel,2026-07-24 10:26:06.375356,failed,E001,DE,mobile,True
44490e94-ccd1-4753-b731-bab4df2c993e,C2304,120.8,GBP,Amazon,Electronics,2025-12-13 10:26:06.375359,pending,NONE,UK,web,False
d89930d4-a99b-42f9-84e6-f09e97bb5f6e,C9713,404.21,USD,Starbucks,Utilities,2026-03-17 10:26:06.375363,failed,E002,DE,web,True
f66e5ea9-6426-41ac-9b5f-c423749bd79f,C5157,471.15,JPY,Costco,Utilities,2025-11-13 10:26:06.375367,pending,NONE,DE,tablet,False
940d4038-81bd-40df-9038-f53f5105d87f,C6764,238.76,JPY,Costco,Utilities,2026-01-20 10:26:06.375371,success,NONE,US,mobile,False
c8a8434a-1afb-4c0d-b6bb-5772adaf762f,C2462,254.13,GBP,Target,Shopping,2025-12-26 10:26:06.375375,success,NONE,JP,tablet,False
48ab4a65-535c-46b4-948f-f0cb5da70142,C4095,486.47,GBP,Amazon,Dining,2026-03-26 10:26:06.375379,failed,NONE,US,mobile,True
1976e5a5-2761-4a26-8ab4-43047108fce6,C3197,123.7,USD,Apple,Shopping,2025-10-22 10:26:06.375383,success,NONE,FR,web,False
8bc5be08-4a5b-49dc-af66-ea0f1b54d034,C4013,120.76,GBP,Starbucks,Utilities,2025-10-09 10:26:06.375387,success,NONE,CA,web,False
9b3d0938-4653-40d0-a58f-1ff45cfc8453,C5329,403.53,GBP,Walmart,Utilities,2026-08-12 10:26:06.375391,failed,NONE,FR,tablet,True
6550a3d7-cada-4aba-ad00-b61bf0972785,C1466,186.64,EUR,Starbucks,Shopping,2026-08-02 10:26:06.375395,success,NONE,UK,web,False
dc87bb52-bd0d-455a-990c-16addcc10aa8,C3746,320.66,GBP,Costco,Travel,2025-10-24 10:26:06.375398,pending,NONE,FR,mobile,False
988b393c-817f-4a0d-8fbc-48ab2829c27b,C3005,240.63,USD,Delta,Travel,2025-12-30 10:26:06.375402,pending,NONE,UK,mobile,False
df3cbdd8-f67c-4d38-aba1-833355a40b54,C3754,279.74,JPY,Starbucks,Travel,2025-11-11 10:26:06.375406,failed,E003,DE,web,True
c4998c57-29ca-4874-8b57-8b247781fcb4,C2788,102.2,JPY,Apple,Utilities,2025-12-28 10:26:06.375409,pending,NONE,US,tablet,False
1d0f2f2c-91b6-45a6-93ad-7e59085f5520,C6454,286.11,GBP,Starbucks,Groceries,2026-07-17 10:26:06.375413,pending,NONE,DE,tablet,False
7364cfbe-89ac-4dc9-a4c6-18529af7e0ed,C7889,112.69,USD,Apple,Travel,2026-03-28 10:26:06.375417,pending,NONE,FR,web,False
d7a43dae-600e-4441-bf24-25b505dc1115,C7016,431.85,USD,Starbucks,Shopping,2025-11-09 10:26:06.375420,failed,E003,UK,mobile,True
9f882375-39e4-4a5c-868b-8370982bcb7d,C2474,61.24,GBP,Delta,Shopping,2025-12-27 10:26:06.375424,failed,E002,US,mobile,True
0cd318fe-d9fb-476e-a83b-b2791a26aeae,C8372,359.68,GBP,Uber,Dining,2026-01-27 10:26:06.375428,pending,NONE,DE,web,False
509103a2-8599-42f8-8316-d5bd915be3a8,C5709,88.47,GBP,Walmart,Groceries,2026-07-09 10:26:06.375432,pending,NONE,DE,mobile,False
319e0db7-3ec3-4fe9-b41f-5e386863a44b,C3071,75.4,EUR,Amazon,Utilities,2026-04-23 10:26:06.375435,pending,NONE,DE,mobile,False
a5b6ba92-53fe-41fd-a435-4b09e6b55bb6,C5214,163.88,GBP,Starbucks,Groceries,2026-06-12 10:26:06.375439,failed,E001,FR,web,True
0baa3f75-335a-46bf-b7e0-d0e89af9db87,C1789,119.29,GBP,Starbucks,Travel,2026-02-24 10:26:06.375443,success,NONE,DE,mobile,False
05fd73e3-75e6-40ff-b5a0-84cb368e40f2,C1701,63.98,JPY,Costco,Dining,2026-02-25 10:26:06.375448,success,NONE,DE,web,False
60d0c7d3-68ca-4378-9d3f-940a1765e119,C5394,365.0,EUR,Walmart,Shopping,2025-12-02 10:26:06.375452,failed,E001,US,tablet,True
e6e48da5-9083-4397-85ef-8f29a25a9899,C8549,356.1,USD,Costco,Utilities,2025-09-08 10:26:06.375456,pending,NONE,CA,web,False
729d3c39-2e4b-4231-9007-ff834d5a3cc7,C6691,498.83,USD,Starbucks,Travel,2026-02-27 10:26:06.375461,success,NONE,DE,web,False
ceb18495-e71e-4e3d-abcd-f1c10312e47c,C3421,152.95,JPY,Apple,Travel,2026-07-06 10:26:06.375465,failed,NONE,US,tablet,True
5df1e9b8-3f6b-4874-b9b4-eeb62e11b69d,C8205,114.69,JPY,Target,Groceries,2026-04-13 10:26:06.375469,pending,NONE,FR,tablet,False
bdfabe31-fdad-4070-b91b-7ec6b87f62bf,C9893,483.93,JPY,Costco,Groceries,2026-06-28 10:26:06.375472,pending,NONE,CA,mobile,False
21088cb6-1f82-4e01-be33-94b65d5a9bfc,C7112,372.86,GBP,Costco,Electronics,2026-03-01 10:26:06.375476,failed,E001,CA,mobile,True
b493a139-5aa6-4af6-ae83-e98c9f51f1b6,C8979,299.09,JPY,Uber,Shopping,2026-02-18 10:26:06.375480,pending,NONE,UK,mobile,False
83a877b0-8b6a-4260-af43-f577dae21ffb,C2385,155.85,USD,Amazon,Travel,2026-05-26 10:26:06.375483,failed,E003,FR,web,True
f8d9fcf8-3e10-4649-a114-d6e8c605d36b,C3880,426.92,JPY,Delta,Travel,2025-11-28 10:26:06.375487,success,NONE,DE,tablet,False
a625c348-cb8c-43c9-8819-d2d7871fe51e,C2084,325.0,EUR,Amazon,Shopping,2025-09-04 10:26:06.375491,success,NONE,US,web,False
151849e8-0116-4ecd-b29f-f1c8c868ebac,C4080,406.36,JPY,Target,Shopping,2025-09-18 10:26:06.375494,pending,NONE,JP,tablet,False
e19b1362-a62c-4d2e-af7f-e7d99982fddf,C2653,99.45,GBP,Target,Electronics,2026-03-20 10:26:06.375498,failed,NONE,UK,tablet,True
969f7c2e-bb76-40c2-be0a-89fea1a3babc,C4559,62.12,JPY,Costco,Travel,2026-01-09 10:26:06.375502,success,NONE,CA,tablet,False
6f2a2f32-337a-4991-8623-a85831755315,C8046,366.61,USD,Target,Utilities,2025-11-26 10:26:06.375505,success,NONE,UK,mobile,False
8aa65f61-3536-4f00-b6ef-f152b2da59b3,C3484,252.7,GBP,Amazon,Travel,2026-03-09 10:26:06.375509,success,NONE,US,web,False
69593927-9e4d-4d85-ad50-b4ae20f47951,C7293,335.49,EUR,Uber,Travel,2025-11-06 10:26:06.375513,success,NONE,US,tablet,False
8a9712a8-6f1a-49ff-bed1-eff46afabcd1,C2004,456.79,EUR,Delta,Groceries,2026-04-09 10:26:06.375516,success,NONE,UK,tablet,False
3a8ba416-f69c-455e-bf09-5e4687c852a6,C1045,80.26,EUR,Apple,Dining,2026-05-23 10:26:06.375520,pending,NONE,DE,mobile,False
35f55033-aae5-4b35-8248-7d62bd2125ff,C7218,429.58,USD,Costco,Utilities,2026-02-14 10:26:06.375524,failed,E002,FR,web,True
1b0567c1-898e-490f-abbf-af3bd94d4d07,C6667,437.98,EUR,Apple,Utilities,2026-02-15 10:26:06.375528,pending,NONE,CA,mobile,False
1550a659-7fa9-4911-a599-eb61e92d15f7,C9725,290.96,USD,Apple,Electronics,2026-02-01 10:26:06.375533,failed,E001,US,web,True
9b377051-6129-4cc8-ba0a-2cc6b3117ef0,C3475,370.34,JPY,Starbucks,Electronics,2026-06-21 10:26:06.375536,failed,E001,JP,web,True
d7e29c4d-9de7-4852-b4a7-142791c68fb0,C6398,385.86,EUR,Starbucks,Groceries,2025-11-04 10:26:06.375540,pending,NONE,US,mobile,False
1b7feea4-9a69-4eb8-a0ef-6425a3bf1163,C3136,499.84,GBP,Costco,Electronics,2026-08-14 10:26:06.375544,failed,E003,JP,tablet,True
33ec3969-115f-482c-a6fc-179197f222a9,C7625,434.24,USD,Apple,Electronics,2026-06-28 10:26:06.375548,pending,NONE,JP,tablet,False
8b652b37-a0b7-470f-9adb-813b04de1605,C6378,315.45,EUR,Starbucks,Utilities,2025-11-20 10:26:06.375551,failed,E001,FR,mobile,True
47cf27b0-7317-4b85-9181-f7524736d910,C8844,17.45,GBP,Target,Dining,2026-06-15 10:26:06.375555,failed,E002,FR,tablet,True
b9dee70e-8dfd-44e2-9cdd-ba4124f0820f,C1319,230.21,JPY,Amazon,Groceries,2026-07-30 10:26:06.375559,failed,NONE,DE,tablet,True
a318140e-b485-46b6-90cb-5866156fd910,C9118,403.64,EUR,Target,Travel,2026-03-07 10:26:06.375563,failed,E001,UK,tablet,True
2623221a-73ee-484c-bbb2-38fdd60f36b9,C9815,108.91,USD,Walmart,Shopping,2026-03-11 10:26:06.375567,failed,E001,DE,tablet,True
07e682e8-c8dc-4bc3-a92c-6130aa1e7382,C9240,382.54,EUR,Apple,Utilities,2025-10-12 10:26:06.375570,failed,E001,FR,web,True
47596d80-9864-4eb7-915e-40a9e6609088,C4500,208.75,EUR,Delta,Groceries,2026-01-13 10:26:06.375574,failed,NONE,DE,mobile,True
2a08a9b0-1530-44a8-a68a-3051bb8cf6bb,C4481,26.82,JPY,Walmart,Shopping,2026-05-05 10:26:06.375578,failed,E003,US,tablet,True
eee55cb7-a33e-46cf-a16e-bc1de92f3b8e,C2557,366.23,JPY,Uber,Shopping,2026-02-10 10:26:06.375582,failed,E003,US,mobile,True
ff02bfa3-4e7a-4a3c-9165-680610145205,C5041,285.73,USD,Delta,Utilities,2025-09-09 10:26:06.375585,pending,NONE,US,web,False
a075ca1c-1087-4787-99ad-41e090ea0ce7,C3390,169.98,GBP,Amazon,Dining,2026-01-27 10:26:06.375589,success,NONE,US,web,False
c370b876-bbd5-4620-b4b2-d78d0208ed45,C3218,278.35,JPY,Starbucks,Travel,2026-08-16 10:26:06.375593,failed,NONE,CA,web,True
6fecb33e-f504-44bc-a3b6-c661a7e5a7e7,C7700,209.57,EUR,Target,Shopping,2025-12-12 10:26:06.375597,success,NONE,US,tablet,False
1f745572-f8f3-42ff-a741-5bf77a27a6ec,C5945,468.59,USD,Starbucks,Groceries,2025-11-20 10:26:06.375600,failed,E002,US,mobile,True
e158219f-65d8-4ae1-9005-187f0bafedd3,C6761,211.59,USD,Walmart,Groceries,2026-03-01 10:26:06.375604,success,NONE,FR,web,False
66c97df6-c3c6-4a0d-af84-2baa96ef083b,C1932,345.98,EUR,Starbucks,Shopping,2026-05-21 10:26:06.375608,success,NONE,UK,tablet,False
fd8083d1-7917-4a66-b23f-c1924f6e495c,C7043,431.15,JPY,Walmart,Dining,2026-01-01 10:26:06.375611,failed,E003,CA,mobile,True
87ec3575-6a35-4339-a0f3-ac315003c290,C8443,126.23,GBP,Walmart,Travel,2026-04-14 10:26:06.375615,failed,E003,UK,tablet,True
5a82f141-aeb2-4984-9085-3fc23fb8244d,C1056,428.97,EUR,Starbucks,Groceries,2025-10-31 10:26:06.375619,pending,NONE,FR,tablet,False
86803a87-d16f-4b76-9933-85f70b88ae1a,C3747,295.11,JPY,Apple,Groceries,2025-12-24 10:26:06.375623,failed,NONE,UK,web,True
609e4ba1-13d6-45e8-8abc-e3890a130bcc,C1562,475.29,EUR,Uber,Utilities,2026-09-02 10:26:06.375626,success,NONE,FR,tablet,False
0829fea2-40f0-445d-bf0c-02c647cb0f89,C8756,269.96,EUR,Apple,Shopping,2026-06-14 10:26:06.375630,success,NONE,JP,tablet,False
8879acf6-3ddf-41b5-b897-a6d78d927e6d,C1207,306.7,EUR,Delta,Utilities,2026-05-25 10:26:06.375634,success,NONE,JP,mobile,False
70f3c9ed-7437-4057-8bde-9b91ed0669d8,C8394,336.53,GBP,Walmart,Electronics,2026-02-22 10:26:06.375637,success,NONE,JP,mobile,False
0fff4703-909c-4279-ab24-d80633e6e50b,C4670,215.42,EUR,Delta,Dining,2025-11-10 10:26:06.375641,success,NONE,UK,mobile,False
e0532925-ef98-47c8-ae41-e353c6b4624e,C9570,212.43,GBP,Costco,Travel,2025-12-08 10:26:06.375645,success,NONE,UK,mobile,False
e1fbc876-70a6-4137-bc6b-b0fc75e758a8,C8160,371.86,GBP,Walmart,Electronics,2025-11-02 10:26:06.375648,failed,E001,FR,mobile,True
4a8a6ffa-b160-4920-af7d-45607f752516,C2921,247.79,EUR,Apple,Shopping,2025-12-14 10:26:06.375652,pending,NONE,UK,tablet,False
e39952ec-7296-41a7-8418-6f6c261f2750,C6240,415.5,GBP,Walmart,Groceries,2026-03-08 10:26:06.375657,success,NONE,FR,tablet,False
f0d81d98-4e80-483e-aaaf-315f87d0a210,C7439,220.65,EUR,Apple,Electronics,2026-07-13 10:26:06.375660,success,NONE,JP,mobile,False
9477d428-c980-446e-8580-fd185e831591,C6124,397.85,EUR,Target,Electronics,2026-02-08 10:26:06.375664,success,NONE,CA,tablet,False
22119daf-ca3c-4349-ab3a-1224b3699ccf,C2768,364.13,GBP,Starbucks,Utilities,2026-03-27 10:26:06.375667,success,NONE,DE,web,False
ed2aeb83-c82c-4d08-a42c-2c90b7ce38a8,C6437,318.78,USD,Amazon,Travel,2026-01-31 10:26:06.375671,failed,E001,UK,web,True
1cbebb6f-63a1-4fc5-b342-e22cf7d6a66e,C8679,231.48,GBP,Starbucks,Utilities,2026-06-05 10:26:06.375675,failed,E002,JP,tablet,True
1c4ba16a-6e51-46d1-82e7-184991e003f6,C1023,486.31,USD,Delta,Electronics,2025-12-07 10:26:06.375679,failed,E002,US,mobile,True
6e3380b0-83d1-4054-9424-c6fd8e201c1d,C6808,279.42,USD,Delta,Utilities,2026-05-13 10:26:06.375684,failed,NONE,UK,mobile,True
3d5bbb23-51e7-48fb-8373-130a8d71aea6,C9570,151.09,EUR,Costco,Travel,2026-01-18 10:26:06.375688,success,NONE,US,web,False
d5aaef01-2353-4dc9-9436-03989e44948d,C9564,63.58,GBP,Uber,Shopping,2025-10-29 10:26:06.375691,pending,NONE,US,mobile,False
d599bd6f-5866-4f34-a4e9-8204e844ee9c,C3011,208.95,EUR,Target,Groceries,2025-10-30 10:26:06.375695,failed,E002,US,web,True
27a5ec78-0b43-4cbb-bb56-e1936a6ae61c,C2034,161.2,JPY,Apple,Shopping,2025-09-19 10:26:06.375699,success,NONE,JP,mobile,False
1d4ba288-8784-427f-9d1e-2739efdf55af,C2509,77.55,GBP,Apple,Shopping,2025-09-09 10:26:06.375702,success,NONE,US,mobile,False
1bfa2c03-9d30-4012-b028-89d26a4a11f9,C7408,188.25,USD,Walmart,Travel,2025-09-04 10:26:06.375706,pending,NONE,US,web,False
0123dbc5-5c3a-45cb-8c89-77ea98a48bdb,C4536,425.1,GBP,Target,Electronics,2026-06-16 10:26:06.375710,pending,NONE,UK,tablet,False
49618f0c-0388-4a14-938c-4809cda24887,C8894,379.89,GBP,Uber,Shopping,2025-12-27 10:26:06.375713,success,NONE,DE,tablet,False
8d8595c9-490c-4d51-b892-7c01e285d4a3,C3199,206.76,EUR,Target,Electronics,2026-02-15 10:26:06.375717,failed,E001,DE,tablet,True
39ca6375-053a-4f46-93fe-83500793a23e,C8839,377.95,EUR,Amazon,Groceries,2025-11-22 10:26:06.375721,failed,E003,DE,web,True
f59912d4-0f72-4b17-b335-13b38fe14912,C5466,473.89,JPY,Uber,Electronics,2025-09-11 10:26:06.375724,success,NONE,CA,mobile,False
cd47f657-6c38-4907-8157-be40e223c53f,C5211,457.18,GBP,Costco,Electronics,2025-12-06 10:26:06.375728,pending,NONE,US,mobile,False
a0b92ac6-ae78-4eaa-8e2b-a098aa52bce0,C1399,143.02,EUR,Delta,Electronics,2026-02-08 10:26:06.375732,failed,E002,US,web,True
4ae05b55-a5bb-4d6f-9637-3329b8782cbc,C6063,368.37,EUR,Costco,Groceries,2026-02-10 10:26:06.375735,pending,NONE,CA,web,False
dbfd7d5a-9757-4f0d-a077-b1b1fe9762a8,C5207,57.84,USD,Apple,Shopping,2026-07-05 10:26:06.375739,pending,NONE,JP,mobile,False
4a1ecd8d-f9de-433d-8d58-7dbfffbf8b25,C2324,250.78,GBP,Target,Groceries,2026-02-25 10:26:06.375742,success,NONE,US,web,False
62e947ab-ba35-4f17-9eff-c4316d9d3f16,C1795,20.94,EUR,Costco,Dining,2026-07-14 10:26:06.375746,failed,NONE,JP,web,True
190db584-20ef-403b-871e-f61c13b4b773,C2982,350.42,EUR,Costco,Shopping,2025-12-17 10:26:06.375750,failed,E003,US,tablet,True
d894a31b-6752-4033-a7a5-7cfb33c12024,C1282,38.0,JPY,Apple,Dining,2025-12-06 10:26:06.375754,pending,NONE,FR,mobile,False
e1613860-0120-43bb-a137-35e5231d492a,C2391,79.62,JPY,Amazon,Dining,2026-01-26 10:26:06.375757,success,NONE,US,mobile,False
d96355b9-92ad-450c-82d2-704daedab2ed,C8480,221.27,JPY,Target,Utilities,2026-03-17 10:26:06.375761,failed,E002,FR,mobile,True
01c1ba4e-3a43-4ad9-b9e7-21bb65cff3d7,C1385,117.03,JPY,Starbucks,Dining,2026-09-02 10:26:06.375765,failed,E002,CA,web,True
3e398475-a2f6-44a6-8ce8-eb599fc0525f,C9590,490.21,JPY,Uber,Electronics,2026-03-04 10:26:06.375769,failed,E003,UK,mobile,True
705dcc63-4cad-4f27-b3ca-558031a80ec6,C3479,133.87,EUR,Walmart,Shopping,2026-07-29 10:26:06.375772,failed,E003,US,web,True
67987791-95b8-44b4-ad9b-369ead0f68e1,C8538,452.35,JPY,Amazon,Shopping,2026-02-16 10:26:06.375776,pending,NONE,JP,tablet,False
f4dcecf6-8690-465c-b556-910a9b9d593b,C3708,92.06,GBP,Uber,Groceries,2026-05-21 10:26:06.375780,success,NONE,US,mobile,False
74281e0f-1e9d-4056-ac9b-fb34fe4c11a8,C6368,46.4,USD,Amazon,Electronics,2026-01-31 10:26:06.375784,pending,NONE,CA,mobile,False
6ae58af4-035f-43eb-a794-35060e162d70,C8772,496.75,JPY,Target,Dining,2026-05-20 10:26:06.375787,pending,NONE,FR,mobile,False
68a243e2-d40e-423a-a4b9-6544fc7f8b75,C4927,442.7,EUR,Target,Dining,2026-05-13 10:26:06.375791,success,NONE,JP,web,False
8f0e33b2-aac0-4889-b873-03112a1f0e31,C4747,477.69,JPY,Target,Dining,2026-05-20 10:26:06.375795,success,NONE,US,mobile,False
71491456-8370-4c94-b8ed-a86a7a299590,C6810,144.33,USD,Delta,Groceries,2025-09-19 10:26:06.375798,pending,NONE,UK,tablet,False
4bb84f0c-91a1-418d-bfe3-de44fbe6f1dc,C5846,111.07,JPY,Delta,Groceries,2026-03-15 10:26:06.375802,failed,E001,CA,tablet,True
f74cd9d3-4664-4b67-9d80-c2f2d58f8d06,C5285,333.03,USD,Apple,Electronics,2026-02-18 10:26:06.375806,pending,NONE,FR,web,False
384c8649-2113-4414-b221-ca4931dda5d3,C8406,339.08,GBP,Delta,Groceries,2025-10-07 10:26:06.375809,success,NONE,UK,mobile,False
4a4bba67-13ed-45b0-beb6-9df7c199b9d4,C3655,327.76,GBP,Uber,Dining,2026-08-03 10:26:06.375813,success,NONE,US,web,False
aa6d41ac-01f4-405c-862e-71c45555f30f,C1182,37.07,EUR,Starbucks,Groceries,2026-02-28 10:26:06.375816,pending,NONE,UK,mobile,False
bfdcfc86-0a53-43d7-be3a-089e5c81853d,C6520,260.78,JPY,Costco,Travel,2026-08-07 10:26:06.375820,success,NONE,JP,web,False
25b9aeee-cd06-4bf9-8014-d137ccd3cb87,C4243,5.78,JPY,Apple,Shopping,2025-12-02 10:26:06.375824,success,NONE,JP,mobile,False
2f3e7a3e-8c2a-4399-a36c-2b7d027ccdd3,C8119,56.25,USD,Starbucks,Utilities,2026-06-30 10:26:06.375827,success,NONE,JP,tablet,False
d7edec70-a6a4-498d-87ed-b851a73cc204,C3249,155.74,GBP,Amazon,Utilities,2026-08-26 10:26:06.375832,success,NONE,CA,tablet,False
9f3eb0d6-7c14-4115-80f6-9916f15ae3c5,C6661,344.08,JPY,Costco,Travel,2025-12-16 10:26:06.375836,pending,NONE,US,mobile,False
0100f3c2-f149-48d8-9af0-f4ad3cb8e0a1,C4391,467.57,GBP,Starbucks,Dining,2026-05-22 10:26:06.375839,pending,NONE,US,tablet,False
fb937bc6-022f-4560-bdec-1f7f35cb259f,C8546,225.73,JPY,Apple,Groceries,2025-10-17 10:26:06.375844,success,NONE,JP,web,False
c9a18641-5f66-4da5-9fa9-71d1f2c57754,C6311,287.06,JPY,Costco,Travel,2026-03-16 10:26:06.375848,pending,NONE,FR,tablet,False
41c6110e-cebd-49b2-9ddc-b6c6a540fc0e,C8019,447.82,EUR,Amazon,Electronics,2026-08-30 10:26:06.375852,success,NONE,DE,mobile,False
6b5845a3-6633-471a-bf37-233a4341602d,C2322,83.08,USD,Costco,Groceries,2026-07-01 10:26:06.375855,pending,NONE,JP,mobile,False
0a86c625-d17e-41ae-b9aa-d664ecf1a85c,C4847,390.05,USD,Costco,Dining,2025-09-07 10:26:06.375859,success,NONE,JP,tablet,False
5e15ede3-3e96-4374-a583-05466d779f94,C3341,57.13,JPY,Amazon,Travel,2025-12-12 10:26:06.375863,failed,E002,DE,tablet,True
3c7fbd19-8143-4d6b-8337-1811203ce525,C9843,164.63,USD,Costco,Dining,2026-07-19 10:26:06.375866,pending,NONE,CA,tablet,False
41600bfe-4705-4ef4-a860-4d919fc67689,C5844,375.38,USD,Costco,Shopping,2026-07-05 10:26:06.375870,pending,NONE,JP,mobile,False
0dfe91a1-7825-48ef-9eff-538502bb6c2c,C2033,232.22,USD,Starbucks,Groceries,2025-10-16 10:26:06.375874,success,NONE,DE,web,False
1d62b1ad-d280-4079-9e82-701cd21e61c3,C2247,158.35,GBP,Starbucks,Utilities,2026-01-05 10:26:06.375877,success,NONE,DE,tablet,False
11d197dd-abf9-427b-bbd5-5c906e0dac88,C9243,341.17,EUR,Starbucks,Dining,2025-10-23 10:26:06.375881,pending,NONE,FR,mobile,False
3bbef0dd-efd8-4733-8c5e-a6745bb4e1a1,C4469,497.22,GBP,Uber,Dining,2026-07-11 10:26:06.375885,pending,NONE,CA,web,False
f683753e-9668-419f-acd4-01502e47f0d8,C3924,60.25,JPY,Target,Electronics,2026-05-21 10:26:06.375888,pending,NONE,DE,mobile,False
49d5d548-94f4-494b-9772-62d4f73d0b53,C5476,39.22,EUR,Uber,Dining,2026-02-01 10:26:06.375892,success,NONE,CA,web,False
8274d813-45ac-431b-b6a2-99dae6acd22b,C7472,173.79,USD,Delta,Shopping,2026-05-01 10:26:06.375896,failed,E001,US,web,True
e4ea1333-c10b-4e52-9c19-4dcfb9c2db04,C4414,389.57,USD,Delta,Travel,2026-07-07 10:26:06.375899,success,NONE,JP,mobile,False
bce69d1f-7e07-4e3b-bc35-758c5e33acf7,C5649,126.2,JPY,Amazon,Utilities,2026-03-12 10:26:06.375903,pending,NONE,JP,tablet,False
95589920-914b-4177-a838-0b96a4eaec84,C4622,488.65,EUR,Uber,Utilities,2026-03-04 10:26:06.375907,failed,E003,CA,mobile,True
092fa62e-d6e7-4bdd-a32a-881e64a0e2de,C7541,472.55,JPY,Uber,Groceries,2025-10-12 10:26:06.375911,failed,E003,US,mobile,True
dad995f7-edee-4f70-aa04-c6b2e460b0e9,C2115,383.08,GBP,Uber,Travel,2026-03-13 10:26:06.375915,pending,NONE,US,mobile,False
a9e049a2-a000-4a60-bb6e-de9ace08aedb,C8424,18.75,EUR,Uber,Groceries,2026-06-29 10:26:06.375918,pending,NONE,UK,mobile,False
281f3e59-c4b5-4d62-bd1c-6b7b06e16c8b,C5563,198.37,EUR,Apple,Shopping,2025-10-06 10:26:06.375922,pending,NONE,JP,mobile,False
938e6195-53ff-4fc3-b0a1-d30a4327ee19,C2459,127.16,USD,Delta,Electronics,2026-05-02 10:26:06.375926,pending,NONE,CA,web,False
c4de4920-32f3-43b2-8c40-a5783474a687,C6551,180.35,JPY,Costco,Groceries,2025-12-14 10:26:06.375929,success,NONE,US,web,False
473186e6-7969-4e1e-be85-411bfb93e2b3,C1909,126.94,GBP,Delta,Utilities,2025-10-10 10:26:06.375933,success,NONE,CA,web,False
dc66f157-eb39-4c77-ad73-ae07b5f291ea,C5432,296.43,USD,Target,Electronics,2026-07-21 10:26:06.375937,failed,E003,JP,tablet,True
d5ebe1c2-7c53-4abc-aabb-d4dde1837314,C6285,163.11,GBP,Uber,Electronics,2025-11-25 10:26:06.375941,success,NONE,UK,tablet,False
17fc8328-4848-4ada-a1e8-724a9a5f2613,C6999,112.82,EUR,Delta,Shopping,2025-09-22 10:26:06.375944,pending,NONE,JP,mobile,False
cfa2edd0-2dcb-435f-abf8-ecc470721777,C1113,163.99,USD,Target,Utilities,2026-04-03 10:26:06.375948,pending,NONE,US,mobile,False
f0957f46-520c-4020-b08d-4f496fc477e5,C7965,188.03,JPY,Delta,Electronics,2026-03-29 10:26:06.375952,success,NONE,FR,tablet,False
6f771ca5-68e4-40c1-833f-716af52a00ae,C8084,347.3,USD,Costco,Groceries,2026-08-20 10:26:06.375955,pending,NONE,CA,tablet,False
24628aa1-ff23-445d-9eed-61646b6cf7d6,C9480,180.62,JPY,Apple,Travel,2026-05-18 10:26:06.375959,success,NONE,UK,mobile,False
6ab42a5c-e85f-4b0f-91bc-b9b243ccd98f,C2903,376.0,GBP,Target,Shopping,2026-05-30 10:26:06.375963,success,NONE,CA,tablet,False
f4aea510-074b-41c7-9d17-4f978c36d7d8,C2853,207.42,GBP,Starbucks,Utilities,2026-04-16 10:26:06.375966,pending,NONE,FR,tablet,False
d060a622-6ca8-4ea4-a691-c37b0f8c2a9b,C1413,367.84,EUR,Target,Shopping,2026-06-27 10:26:06.375970,failed,E002,FR,mobile,True
23872a70-6245-4946-94ae-af6bdd3c11cb,C5589,495.21,USD,Target,Travel,2025-12-09 10:26:06.375974,failed,E002,US,mobile,True
48041842-2d3a-4859-8233-8553d166f777,C3222,430.9,GBP,Costco,Travel,2025-10-22 10:26:06.375978,failed,E001,DE,tablet,True
b6239b33-2911-4159-8d4c-eda3ae7402eb,C5417,391.69,EUR,Walmart,Utilities,2026-06-30 10:26:06.375982,success,NONE,DE,mobile,False
30241a87-1716-427a-990b-f0c3b1033ef6,C9055,289.66,JPY,Starbucks,Shopping,2026-04-27 10:26:06.375986,pending,NONE,UK,mobile,False
33c97509-64a3-4309-b25d-44e666b951d4,C9382,201.64,GBP,Delta,Electronics,2025-11-19 10:26:06.375990,pending,NONE,CA,tablet,False
65ac874b-d155-4393-9c8b-c947e485c6e8,C6796,166.13,JPY,Costco,Travel,2026-08-19 10:26:06.375993,success,NONE,US,web,False
6c1dfa44-7411-45b5-9c12-102ef6cb7fde,C6914,180.77,GBP,Delta,Electronics,2026-03-24 10:26:06.375997,success,NONE,US,web,False
264bdea5-b7b4-416c-9da3-14dcddc2f542,C8369,369.99,EUR,Target,Shopping,2026-01-24 10:26:06.376001,success,NONE,UK,web,False
74a49ab6-2ea3-4250-bc72-b6b08a161849,C8147,216.01,EUR,Target,Utilities,2025-12-30 10:26:06.376004,pending,NONE,US,web,False
2394eb48-bf05-4978-a3fc-f0838b64b2d7,C4836,153.0,GBP,Amazon,Groceries,2026-03-20 10:26:06.376008,success,NONE,UK,mobile,False
45f0580c-cff8-446e-b6f7-e1a379aefde0,C1013,209.35,USD,Walmart,Shopping,2025-11-24 10:26:06.376012,pending,NONE,CA,tablet,False
33b00cb4-d7a0-4bea-aee7-8007dca71f8c,C9513,408.63,JPY,Uber,Electronics,2025-10-17 10:26:06.376015,success,NONE,FR,tablet,False
9977836b-62cc-4ed2-a069-4bedd1f25bf5,C1742,190.98,EUR,Uber,Shopping,2025-10-10 10:26:06.376019,pending,NONE,UK,tablet,False
31b6830a-a972-443f-b34e-4a9696d3f344,C5426,11.53,EUR,Target,Shopping,2026-07-29 10:26:06.376023,pending,NONE,DE,tablet,False
d3e6d3f6-126d-461e-b450-e656d09b8bac,C7478,458.31,EUR,Uber,Dining,2025-11-19 10:26:06.376026,success,NONE,DE,tablet,False
ef6ff76d-f999-460d-988c-b9d89ad06cc4,C5506,444.86,JPY,Delta,Travel,2026-06-22 10:26:06.376030,success,NONE,FR,mobile,False
f4bb6d2d-1df3-4da0-aa00-d4f6a1797a4a,C8505,137.48,JPY,Amazon,Groceries,2026-05-01 10:26:06.376034,success,NONE,JP,mobile,False
8aab470a-c5fa-4b64-a039-9a848ecf13b9,C5935,353.57,EUR,Target,Travel,2026-01-28 10:26:06.376037,pending,NONE,DE,web,False
100dceea-a7bd-4570-b718-ab45eaba05b2,C2525,102.06,EUR,Uber,Electronics,2025-11-17 10:26:06.376041,pending,NONE,CA,mobile,False
b4fb302b-07a2-4b29-8220-5c3f89e7f9cd,C5182,380.96,JPY,Amazon,Shopping,2026-05-09 10:26:06.376045,failed,E001,CA,tablet,True
36187a8d-c32f-4484-9d4f-b827f472eeb6,C1303,170.97,EUR,Apple,Dining,2026-07-22 10:26:06.376048,pending,NONE,FR,tablet,False
9693833d-a6df-4191-97cc-d0e331415b04,C2301,99.55,GBP,Costco,Dining,2026-06-25 10:26:06.376052,pending,NONE,DE,tablet,False
24106fff-295d-4fda-8fdb-677ddb037998,C1963,280.14,GBP,Costco,Travel,2026-05-23 10:26:06.376055,success,NONE,UK,tablet,False
33b2bbed-d952-4319-960c-a6080cc6e593,C3390,36.46,JPY,Delta,Shopping,2026-01-17 10:26:06.376059,success,NONE,DE,web,False
65cebc51-8457-43e5-adf1-20028f1b5c35,C6085,472.5,USD,Target,Utilities,2026-08-29 10:26:06.376062,pending,NONE,FR,web,False
427c7fde-7f4f-4aab-916e-d39a9f86d50a,C2701,385.77,EUR,Starbucks,Electronics,2026-03-14 10:26:06.376066,pending,NONE,CA,tablet,False
e42a4d2a-1132-47cb-92e2-17b291c720db,C1625,304.69,USD,Apple,Shopping,2026-07-23 10:26:06.376070,pending,NONE,CA,mobile,False
77c35e3a-f30e-4476-9bc5-8f381ee04a06,C8710,154.33,JPY,Starbucks,Shopping,2025-11-20 10:26:06.376078,pending,NONE,CA,web,False
3c75a554-fd8f-4312-b959-6e06af73ac89,C7383,70.78,GBP,Amazon,Shopping,2026-07-19 10:26:06.376082,success,NONE,CA,web,False
f98667e7-9125-424a-8dc2-9bdc406f36f1,C1912,198.29,USD,Starbucks,Travel,2025-09-28 10:26:06.376085,success,NONE,JP,mobile,False
2ae3526a-c029-4b2f-8424-60b7a1fadd7a,C8668,227.23,USD,Starbucks,Utilities,2026-01-05 10:26:06.376089,pending,NONE,JP,tablet,False
b0751a0a-b51c-4f85-993b-390af68693b9,C6627,284.15,EUR,Apple,Travel,2025-09-05 10:26:06.376093,success,NONE,CA,tablet,False
0274a788-d8b5-4327-8783-cca633dd1813,C3848,170.69,JPY,Apple,Travel,2025-09-30 10:26:06.376097,success,NONE,DE,tablet,False
cafcc1b7-7df0-4ede-843b-5f0b32454d4b,C3062,374.13,USD,Delta,Travel,2026-05-21 10:26:06.376102,pending,NONE,UK,web,False
5d8c3b75-68ec-47d5-92a5-51f0dde65144,C1247,486.65,GBP,Target,Shopping,2026-02-03 10:26:06.376106,pending,NONE,JP,tablet,False
10873767-987d-4ea9-a479-d2a620e0f118,C1489,234.62,GBP,Amazon,Travel,2026-03-26 10:26:06.376110,pending,NONE,CA,tablet,False
e898009e-2d40-4e65-9e94-36c361c4e2b1,C8035,405.2,EUR,Walmart,Electronics,2026-05-06 10:26:06.376113,success,NONE,UK,web,False
89c5d63b-322f-451c-9206-3e6fe8bd018e,C5349,448.82,EUR,Walmart,Shopping,2026-04-16 10:26:06.376117,pending,NONE,CA,web,False
388d95f5-eb25-41c8-9dfe-a6d2adc0c48f,C7808,62.6,GBP,Apple,Dining,2025-10-31 10:26:06.376121,pending,NONE,CA,tablet,False
fe437589-13a4-4cab-a4c2-1a6eac6d25b9,C9624,201.0,EUR,Delta,Utilities,2026-03-02 10:26:06.376124,pending,NONE,UK,mobile,False
4a3c316a-75cd-4065-87a2-2bb9b455663f,C6107,91.83,GBP,Delta,Groceries,2026-04-24 10:26:06.376128,success,NONE,US,mobile,False
349198e2-42ae-4478-92d7-dfaf7945f828,C8457,308.04,JPY,Uber,Travel,2026-01-21 10:26:06.376132,success,NONE,UK,mobile,False
7130d752-f884-4778-9cbc-49f96dad3e9c,C1743,39.33,EUR,Apple,Travel,2026-04-11 10:26:06.376136,success,NONE,FR,web,False
af2fedb7-5f08-46b9-bd45-561a05d3eed7,C9318,135.23,JPY,Walmart,Electronics,2025-10-22 10:26:06.376140,failed,E002,JP,web,True
50b65e7e-d3e2-4d79-8e47-169b17c52d5f,C4901,334.74,USD,Uber,Dining,2026-08-06 10:26:06.376144,pending,NONE,DE,web,False
8a3638c5-378d-472a-bb1b-4552fa78cf1f,C7268,181.2,GBP,Target,Travel,2026-02-11 10:26:06.376147,pending,NONE,DE,mobile,False
3d8c33e4-800b-44f1-9440-4fd9e491e31f,C2491,421.69,EUR,Amazon,Electronics,2025-11-21 10:26:06.376151,pending,NONE,US,tablet,False
e795f179-e9b8-4a1b-afb8-be3a112409d9,C4670,453.18,USD,Target,Electronics,2025-09-22 10:26:06.376155,failed,E002,UK,tablet,True
06eeca3a-b812-4b8d-82c1-0175f638a443,C6312,206.18,EUR,Amazon,Shopping,2026-06-27 10:26:06.376159,failed,E001,US,mobile,True
e49a4131-1bbe-4d8a-bc21-e8eb221d500c,C1312,280.29,EUR,Amazon,Shopping,2026-01-18 10:26:06.376162,success,NONE,CA,mobile,False
259cc8cf-953e-4c4c-9ac6-e5d88b7ee85e,C8118,260.25,JPY,Amazon,Shopping,2025-12-20 10:26:06.376166,failed,E003,JP,mobile,True
7c0c04b2-a692-4690-bfce-127d733d6271,C1770,99.66,JPY,Target,Groceries,2025-09-02 10:26:06.376170,failed,E002,DE,web,True
1d40705e-b736-4434-b581-510591d6d67f,C5637,387.09,USD,Target,Shopping,2025-12-28 10:26:06.376174,failed,NONE,CA,mobile,True
bffa50d6-574f-4874-99c6-311beabb7084,C2657,498.73,JPY,Uber,Shopping,2025-11-28 10:26:06.376178,pending,NONE,FR,mobile,False
0880a61b-65be-464f-b41f-8517ec12d79c,C6181,308.8,USD,Target,Groceries,2026-05-24 10:26:06.376181,success,NONE,FR,tablet,False
b4d13fd8-f712-4551-88d4-40ede4232144,C4332,379.66,GBP,Delta,Electronics,2025-12-12 10:26:06.376185,pending,NONE,JP,web,False
614c6866-e172-4539-a772-34c55aa5209d,C1725,269.17,EUR,Apple,Dining,2026-07-28 10:26:06.376189,pending,NONE,US,tablet,False
aa509808-1fe1-4ffc-91e4-4f02d3966e4b,C4747,493.54,JPY,Apple,Shopping,2025-12-04 10:26:06.376192,failed,NONE,CA,tablet,True
420c2c4d-d870-4e6a-a2ec-10f89b2c90af,C6173,59.23,USD,Starbucks,Electronics,2026-04-08 10:26:06.376196,failed,NONE,UK,mobile,True
40412fc8-e891-4289-a545-c1dde909cfc3,C8409,472.47,JPY,Uber,Groceries,2026-06-12 10:26:06.376200,success,NONE,US,tablet,False
2a5823c9-dcab-47da-91be-7a697c75361f,C9278,406.14,USD,Apple,Dining,2026-02-15 10:26:06.376204,failed,E003,US,mobile,True
312975e0-28ff-4193-b51a-e3a704e53823,C7651,326.36,USD,Apple,Utilities,2026-06-05 10:26:06.376207,success,NONE,UK,web,False
46dd64d3-5b2e-47e4-b55d-792c8a0be58d,C3566,135.07,EUR,Delta,Travel,2026-07-31 10:26:06.376211,failed,E001,US,web,True
b9704cb7-f279-48b1-ad6e-60b5d915a0cd,C1034,265.19,GBP,Target,Electronics,2026-03-27 10:26:06.376215,success,NONE,JP,tablet,False
1ed157db-c80a-43d2-abb1-19861a20a64f,C7105,207.12,EUR,Starbucks,Travel,2026-05-23 10:26:06.376219,failed,E003,FR,mobile,True
16ddd0bb-49be-4c8f-8076-3112ffc78f5e,C5600,458.83,EUR,Amazon,Groceries,2026-06-09 10:26:06.376222,success,NONE,US,web,False
2f560ef1-69f9-4031-ab29-ef11cd8d42f5,C9693,284.13,EUR,Walmart,Groceries,2026-08-19 10:26:06.376226,failed,NONE,CA,tablet,True
cb83a4f7-3668-447a-80ea-072e0fd749e2,C8799,327.47,USD,Walmart,Shopping,2025-09-26 10:26:06.376232,failed,E001,FR,mobile,True
4332ac38-2f43-4c25-a8fb-42a6223fcc27,C8893,293.18,EUR,Apple,Electronics,2026-01-22 10:26:06.376236,failed,E001,FR,mobile,True
9e970d0f-b632-45f4-ab2e-dcf3220f8b8c,C1379,452.81,GBP,Apple,Shopping,2026-03-28 10:26:06.376239,pending,NONE,CA,mobile,False
a8797b52-4bfe-4f25-b50a-ea91e667f071,C1435,214.5,GBP,Apple,Shopping,2026-03-22 10:26:06.376243,pending,NONE,DE,tablet,False
5c39f99e-f780-471e-9e21-1e7651a98537,C2230,132.14,EUR,Target,Groceries,2026-04-11 10:26:06.376247,pending,NONE,FR,tablet,False
061a35e9-d502-4f7c-8c1f-749b4ca83690,C8722,307.24,USD,Apple,Groceries,2026-06-10 10:26:06.376250,pending,NONE,US,web,False
6426f3d2-297e-4848-90ce-b0b73b8631d8,C5173,423.68,USD,Uber,Travel,2025-10-16 10:26:06.376254,pending,NONE,JP,mobile,False
b185ebd8-69b5-4317-b5d5-86a866312803,C7393,204.13,USD,Costco,Shopping,2025-10-05 10:26:06.376258,failed,E001,DE,web,True
9139cbdc-ecf1-4f54-9b2b-3918885a1f65,C2988,343.78,EUR,Apple,Dining,2026-02-04 10:26:06.376262,failed,E002,JP,mobile,True
d4103129-0633-4e58-9b51-d2c7f30f8887,C4738,88.93,USD,Walmart,Groceries,2025-12-21 10:26:06.376266,success,NONE,FR,web,False
d1dec8b6-94bc-40cc-9897-82f0f97a75bd,C6562,67.91,JPY,Amazon,Utilities,2026-05-16 10:26:06.376269,pending,NONE,FR,web,False
f8f708d9-f0e5-40d8-b548-510d643f6c10,C6926,156.08,GBP,Amazon,Groceries,2025-10-23 10:26:06.376273,pending,NONE,US,tablet,False
edf1cf49-a74d-4cb9-823f-52a75a9faa97,C9706,44.93,JPY,Delta,Electronics,2026-06-10 10:26:06.376276,success,NONE,UK,mobile,False
1b18e227-345d-42ce-a0b7-511b86d271e8,C3403,186.05,USD,Walmart,Shopping,2026-07-13 10:26:06.376280,pending,NONE,US,tablet,False
1fa27c7b-a8cd-4b42-a5f2-5d7585f27446,C7722,379.42,EUR,Amazon,Groceries,2026-06-06 10:26:06.376284,pending,NONE,US,mobile,False
05aaa1c6-6ec9-4d45-b2ae-729435324f5b,C2216,331.09,USD,Uber,Electronics,2026-06-04 10:26:06.376289,success,NONE,US,web,False
56d5c28b-ad3d-4a55-ba58-66b90e103dd3,C2473,216.63,GBP,Uber,Dining,2026-03-27 10:26:06.376292,failed,E002,JP,mobile,True
655159e3-b32b-4765-afb7-45b26fc934ae,C7376,434.34,GBP,Starbucks,Utilities,2025-10-02 10:26:06.376296,failed,E001,FR,mobile,True
73cc0b6f-995f-4116-9b99-8565033eb74c,C9349,461.07,JPY,Starbucks,Electronics,2026-06-10 10:26:06.376300,pending,NONE,JP,tablet,False
019bdff6-9425-4184-9189-559d34610744,C3096,128.36,USD,Uber,Shopping,2026-06-14 10:26:06.376304,success,NONE,CA,web,False
18ce3ce3-b805-42f4-bcb1-56fc6eb91eea,C7770,123.39,USD,Apple,Shopping,2026-06-07 10:26:06.376307,pending,NONE,FR,mobile,False
257450d1-8ca2-48e2-bda3-1e95442aadde,C5904,313.96,USD,Target,Shopping,2026-01-19 10:26:06.376311,failed,E002,DE,mobile,True
37af468b-13ba-4aa1-a289-4e9fa2c1f16b,C7643,78.9,EUR,Delta,Travel,2026-05-30 10:26:06.376315,failed,E003,JP,mobile,True
ac61196b-4cae-44f9-aa59-8b29420ab156,C4423,252.23,GBP,Costco,Utilities,2025-09-24 10:26:06.376318,pending,NONE,UK,tablet,False
ae7903fa-63a1-4129-8513-ebb4559a1955,C8748,434.45,JPY,Walmart,Utilities,2026-05-15 10:26:06.376322,failed,NONE,JP,mobile,True
c2e183c6-0fcb-46e1-b786-ccf4ea0c0a8b,C8300,34.87,EUR,Uber,Dining,2026-05-30 10:26:06.376326,pending,NONE,FR,tablet,False
24a7798b-b711-4088-893f-c0c90b6155c3,C3420,26.14,USD,Target,Electronics,2025-11-23 10:26:06.376330,failed,NONE,DE,web,True
26d28e22-8810-44cc-b5e6-c01473807d80,C9993,306.89,EUR,Target,Groceries,2025-12-20 10:26:06.376333,failed,E003,US,web,True
3ea2caa1-3e31-4e63-a6ea-4589ae6b6bbf,C8382,289.57,JPY,Apple,Shopping,2025-10-03 10:26:06.376337,success,NONE,JP,web,False
842a7c5d-90a6-4bb2-ba1b-ad9145d3f3b6,C1346,227.1,GBP,Target,Travel,2026-01-10 10:26:06.376341,pending,NONE,CA,web,False
27a5ff40-9a81-47c4-94bb-129138a4c882,C2689,110.37,JPY,Apple,Utilities,2025-09-03 10:26:06.376344,pending,NONE,US,tablet,False
5e381d90-3e72-45f3-adb4-f7ff0b9000d2,C8796,119.87,USD,Target,Groceries,2026-08-07 10:26:06.376348,failed,E002,UK,web,True
fb0c3ac8-2515-4794-a86b-85c5b1e090e1,C3938,307.15,USD,Uber,Travel,2026-07-16 10:26:06.376352,pending,NONE,FR,mobile,False
d177779b-65f8-4941-ae51-a9e9e3ada68d,C6078,271.22,EUR,Target,Electronics,2026-08-22 10:26:06.376356,success,NONE,US,web,False
ffa97dba-e10d-4cc3-9cdc-8564b32fbbd0,C9111,327.43,USD,Uber,Groceries,2026-08-16 10:26:06.376359,pending,NONE,DE,mobile,False
fcac7cc1-de01-4d61-ac4b-953360cb0fda,C6796,295.8,USD,Starbucks,Groceries,2025-11-15 10:26:06.376363,failed,E001,US,tablet,True
1ed2409c-a3ff-483a-a1ab-ff5606dff099,C7754,492.49,EUR,Uber,Utilities,2026-04-02 10:26:06.376366,success,NONE,UK,web,False
cfc5b600-2057-4ce4-94da-f6c39991ca9c,C9269,83.67,JPY,Costco,Shopping,2026-01-26 10:26:06.376370,pending,NONE,JP,tablet,False
9b273e21-1a65-4344-b176-edc9cb9f6add,C2805,390.62,EUR,Apple,Shopping,2025-11-21 10:26:06.376374,pending,NONE,FR,mobile,False
59dd2fc4-2efe-41d5-ad00-de1fbbf8546e,C5313,352.38,GBP,Walmart,Shopping,2025-12-11 10:26:06.376377,success,NONE,UK,web,False
bc6a3a6e-d72f-430d-b396-d024daf9e5de,C3706,121.6,USD,Target,Dining,2026-01-25 10:26:06.376381,pending,NONE,UK,tablet,False
a29e8561-f191-4424-9927-8cb64cd47e6b,C8798,131.7,JPY,Delta,Shopping,2025-11-04 10:26:06.376385,success,NONE,DE,tablet,False
cf4cda8b-2ca7-4b9f-8d5b-da8b9b10ee40,C1859,246.55,GBP,Amazon,Dining,2025-09-14 10:26:06.376389,failed,E001,JP,web,True
7d32926e-2e3c-4920-af9a-36bf706f07fd,C9598,249.2,EUR,Costco,Electronics,2026-02-13 10:26:06.376392,failed,E001,DE,web,True
a524767d-bfae-4899-bfb1-7dda33bdfd3b,C1258,422.24,JPY,Apple,Utilities,2026-05-13 10:26:06.376396,failed,NONE,JP,web,True
d17a6eb5-4be9-476b-aa27-149aff5b5431,C5630,144.19,JPY,Amazon,Travel,2026-06-25 10:26:06.376400,failed,NONE,FR,tablet,True
818f4cb1-c18e-4010-b9e3-f3672582d1a8,C8294,226.06,JPY,Target,Travel,2025-11-09 10:26:06.376404,success,NONE,US,web,False
e8f68ef9-ba31-4108-88f7-0820c6e0e03c,C5862,262.87,GBP,Apple,Dining,2026-03-29 10:26:06.376408,pending,NONE,JP,tablet,False
00e968b9-176b-403a-879a-9e2ee1686292,C3935,365.72,EUR,Delta,Electronics,2026-03-12 10:26:06.376413,success,NONE,CA,web,False
557327ef-a108-48d7-819b-bcf52417306c,C6690,67.06,GBP,Uber,Dining,2025-12-21 10:26:06.376417,failed,E001,DE,tablet,True
3ffdaa83-f574-4c0d-bdc0-cf6dd84b453b,C6014,126.66,USD,Uber,Electronics,2025-11-27 10:26:06.376421,failed,E002,US,mobile,True
552fae5d-94c8-400f-a2e1-020c305623c5,C3653,67.21,EUR,Starbucks,Utilities,2026-02-22 10:26:06.376424,success,NONE,US,mobile,False
9afb52f7-7433-4107-a232-f5ec7537fd61,C1471,103.5,EUR,Amazon,Shopping,2026-07-08 10:26:06.376428,success,NONE,CA,mobile,False
76af44f4-1729-4c6e-813c-0f4758bb1583,C7909,380.66,USD,Delta,Travel,2025-12-22 10:26:06.376432,success,NONE,UK,web,False
eb693b3a-e843-4740-80e2-9ff538dc046c,C7720,11.12,USD,Uber,Groceries,2026-07-08 10:26:06.376435,pending,NONE,JP,mobile,False
4dddc583-34f1-4eac-86f4-e66eb9d46125,C1144,258.64,GBP,Apple,Electronics,2026-02-25 10:26:06.376440,success,NONE,CA,tablet,False
6bbc1758-1cc2-417c-b298-20e54f7cde4f,C6785,109.91,GBP,Amazon,Groceries,2026-02-20 10:26:06.376443,pending,NONE,FR,web,False
a9af24ac-0cd1-4eb2-b133-96b669b0128d,C9659,345.93,USD,Starbucks,Utilities,2025-09-22 10:26:06.376447,success,NONE,UK,mobile,False
d0162807-2a22-45cc-bec9-e375fac9cd3f,C2627,197.42,GBP,Amazon,Groceries,2025-12-29 10:26:06.376451,success,NONE,CA,web,False
95694ca3-72db-48fe-8cc4-0ed684868019,C2593,177.36,JPY,Starbucks,Shopping,2026-03-13 10:26:06.376455,pending,NONE,US,tablet,False
931c1d8b-00c1-47eb-9867-ebeda95c06ac,C4942,331.36,JPY,Amazon,Utilities,2026-04-13 10:26:06.376458,failed,E001,US,web,True
426bf8d0-8cfa-470d-949d-936f99d16770,C3475,37.86,GBP,Apple,Travel,2025-11-20 10:26:06.376462,pending,NONE,DE,mobile,False
33b3cc46-7ec1-43de-b875-f4843aa9caaf,C6436,277.86,JPY,Amazon,Groceries,2026-08-11 10:26:06.376466,pending,NONE,US,tablet,False
efa6d741-8a7b-4896-8717-b9d6e8806dcb,C3728,24.72,GBP,Costco,Electronics,2026-04-23 10:26:06.376469,pending,NONE,FR,tablet,False
85384fdb-6297-4301-92fa-25edf04b5af4,C5859,336.75,JPY,Costco,Groceries,2025-09-09 10:26:06.376473,failed,NONE,UK,mobile,True
fdd944b3-cafb-445c-9ac6-23402582916c,C1694,389.21,GBP,Walmart,Dining,2026-05-31 10:26:06.376477,success,NONE,US,tablet,False
a5887604-d2f6-4076-83be-9841f8528f77,C5168,70.2,GBP,Target,Shopping,2026-03-24 10:26:06.376481,pending,NONE,CA,mobile,False
138ef87c-0d0b-45d8-bc47-f613a43598ea,C3484,454.17,USD,Delta,Utilities,2026-04-09 10:26:06.376484,success,NONE,DE,tablet,False
90e9a101-832a-4ea5-84ed-c0a255402f92,C3739,161.78,USD,Delta,Travel,2025-10-02 10:26:06.376488,pending,NONE,FR,mobile,False
d74e9f36-d82c-4cdd-bdbe-94cac6c96c13,C1294,200.81,JPY,Delta,Shopping,2026-09-02 10:26:06.376492,pending,NONE,JP,mobile,False
e993fdf5-980b-4e16-8af4-a3a9a0151f50,C9462,377.44,USD,Target,Dining,2026-06-21 10:26:06.376495,pending,NONE,FR,tablet,False
ebea2d6f-a44b-46d8-a718-684e7c142438,C4422,329.27,USD,Amazon,Electronics,2026-01-09 10:26:06.376499,success,NONE,DE,tablet,False
aab5d4c3-74ab-439b-b682-bc9fa35cc8d2,C6639,72.97,EUR,Target,Shopping,2026-06-05 10:26:06.376503,failed,E001,DE,mobile,True
abb16a08-6fea-44fb-ba9f-c03437b93348,C2075,391.64,GBP,Apple,Dining,2026-06-09 10:26:06.376506,success,NONE,DE,mobile,False
ea5fb5ed-f96e-4f03-b938-8cf182947487,C4329,187.42,USD,Starbucks,Shopping,2026-05-21 10:26:06.376510,success,NONE,US,mobile,False
a8c0c394-1951-47d8-8ae2-1495497c05bf,C1731,344.87,EUR,Costco,Travel,2026-03-20 10:26:06.376513,success,NONE,JP,mobile,False
3b252f89-462e-46e3-806c-33f8fada67ce,C8180,277.33,USD,Target,Electronics,2026-04-06 10:26:06.376517,pending,NONE,CA,tablet,False
8f9333b2-82aa-462b-b929-c2480d1784ac,C5009,119.02,JPY,Amazon,Groceries,2026-06-05 10:26:06.376521,success,NONE,FR,mobile,False
ccbb0119-8c38-4a94-8275-b01c47fc7b85,C2435,469.5,USD,Uber,Shopping,2025-11-13 10:26:06.376524,failed,NONE,UK,mobile,True
fdc315ec-772b-48d0-86ca-0a41f0747e85,C1628,201.94,JPY,Apple,Electronics,2026-02-24 10:26:06.376528,pending,NONE,JP,tablet,False
2ea65054-2217-4f25-be94-76d39a96736b,C4062,377.61,GBP,Target,Electronics,2026-06-08 10:26:06.376532,success,NONE,FR,tablet,False
95203eb4-d3bb-48e5-badb-2add144f50b8,C9382,297.16,EUR,Costco,Electronics,2025-12-10 10:26:06.376535,pending,NONE,CA,mobile,False
2b3219b2-7d83-4695-81ab-d878a9b0bff0,C2005,394.29,EUR,Target,Utilities,2025-12-09 10:26:06.376539,success,NONE,CA,mobile,False
6574e81f-90a4-490a-8ab0-019ca6b94114,C3923,142.24,JPY,Starbucks,Groceries,2026-05-05 10:26:06.376543,pending,NONE,UK,tablet,False
af57cf7a-a78f-4004-a4d6-f5430c45abe3,C3126,409.73,EUR,Walmart,Dining,2025-11-22 10:26:06.376547,pending,NONE,CA,web,False
e79a312d-2195-41bf-aea3-5533f419e6c2,C3845,435.03,EUR,Apple,Electronics,2026-08-28 10:26:06.376550,success,NONE,DE,web,False
fce8246c-87d6-4223-85bb-201ffdb35feb,C7114,479.02,EUR,Walmart,Electronics,2026-02-11 10:26:06.376554,pending,NONE,JP,tablet,False
d902fe58-833c-46fd-a10e-e5c6d18e1ce1,C8248,16.35,EUR,Target,Shopping,2026-03-27 10:26:06.376558,success,NONE,US,mobile,False
acb2b54b-6116-4abf-9377-e5901e06f651,C1177,427.63,USD,Walmart,Shopping,2025-10-31 10:26:06.376562,success,NONE,JP,tablet,False
5fca865c-cfdf-484f-82c1-dd1841fedbff,C9021,194.74,EUR,Delta,Dining,2025-11-18 10:26:06.376565,pending,NONE,US,web,False
60321337-a194-42c6-9f78-dd281d45128c,C4411,236.79,GBP,Target,Electronics,2026-05-06 10:26:06.376569,pending,NONE,JP,web,False
5649a527-4540-45f4-a074-85c3537008dc,C4098,288.78,USD,Starbucks,Utilities,2026-01-30 10:26:06.376573,failed,NONE,US,web,True
8033d42e-120e-4901-bafe-289118aab2da,C6802,205.2,GBP,Apple,Shopping,2026-08-05 10:26:06.376577,failed,E003,US,mobile,True
4e844771-0a9f-4708-bde5-d3a0a29972c0,C4048,380.9,GBP,Starbucks,Dining,2026-02-19 10:26:06.376581,pending,NONE,FR,tablet,False
6dcdc7b3-f370-4dff-9619-174f23446947,C3817,116.07,USD,Delta,Electronics,2025-10-03 10:26:06.376586,failed,E003,US,web,True
1d579bca-3208-4e0d-9d91-8c8a894490bc,C8839,363.91,EUR,Target,Dining,2026-06-06 10:26:06.376592,pending,NONE,FR,tablet,False
9781bdf6-3ffc-4162-9809-4046d012245d,C5512,297.75,USD,Costco,Electronics,2026-02-12 10:26:06.376595,pending,NONE,CA,web,False
67277337-c778-44cd-9428-285aa0f5a54b,C9759,133.53,GBP,Starbucks,Groceries,2025-09-19 10:26:06.376599,pending,NONE,JP,web,False
da4e427b-1d1c-461d-ad3d-28a1bf740bb0,C5228,180.42,JPY,Starbucks,Electronics,2026-03-28 10:26:06.376603,failed,E003,FR,web,True
4fb4b593-1cb2-4d7d-89a5-13e9cb2b0447,C4605,301.64,GBP,Starbucks,Groceries,2026-02-15 10:26:06.376606,failed,E003,DE,tablet,True
e74251ed-7b49-45ae-82db-8b0ab7209d56,C5495,361.85,GBP,Walmart,Shopping,2026-05-12 10:26:06.376610,failed,E001,US,tablet,True
020b8ac5-9c75-4b3a-a5ee-09bafb76c827,C5376,283.21,JPY,Walmart,Electronics,2025-11-28 10:26:06.376614,success,NONE,DE,tablet,False
d219e77b-2b85-4b52-8097-161d3d07e7da,C3158,241.59,JPY,Amazon,Travel,2026-04-28 10:26:06.376619,failed,E002,DE,web,True
f70b25bc-60f7-4aea-b90a-da71396ae656,C9286,115.22,EUR,Uber,Groceries,2025-10-18 10:26:06.376623,pending,NONE,DE,web,False
ca6c17de-7bb5-4a40-adc9-d8ff291ad3bf,C4961,478.75,JPY,Delta,Dining,2026-02-23 10:26:06.376627,success,NONE,FR,tablet,False
c2716b70-cefb-4294-8fcd-0892bea6ff66,C7725,245.44,USD,Target,Travel,2026-05-29 10:26:06.376630,failed,E002,JP,web,True
99dcb658-b372-499f-8ea8-a59c16347541,C2443,497.25,USD,Starbucks,Dining,2026-05-12 10:26:06.376634,pending,NONE,JP,mobile,False
4d39dd98-bc0f-4e03-8b7f-1b27acaef54c,C7058,499.7,JPY,Amazon,Groceries,2026-05-27 10:26:06.376637,pending,NONE,FR,tablet,False
f8bd5eef-a166-4d4e-aa17-d072bb2eb192,C1576,401.86,EUR,Costco,Travel,2026-05-05 10:26:06.376641,success,NONE,FR,web,False
094d0b6e-0231-4bd6-a169-48b9fc884a5a,C1252,122.49,JPY,Amazon,Groceries,2025-10-08 10:26:06.376645,success,NONE,DE,mobile,False
770ec480-a49d-4188-9bf1-4ed897fe1299,C9489,394.96,EUR,Amazon,Dining,2026-05-03 10:26:06.376649,pending,NONE,US,mobile,False
62a6b878-17eb-4b3f-a46b-4bdf23d7bdc1,C4238,397.92,GBP,Amazon,Dining,2026-06-17 10:26:06.376653,failed,E001,US,mobile,True
5b0d825f-7364-4197-b5df-d9b7e59e8ec4,C3132,397.24,EUR,Target,Utilities,2026-02-20 10:26:06.376656,pending,NONE,JP,mobile,False
449d3cf0-ef06-4640-93c2-3c332cbaceeb,C2137,154.57,JPY,Target,Electronics,2025-12-22 10:26:06.376660,pending,NONE,DE,tablet,False
0d23f34d-5041-4b2f-97e1-8205d5d91332,C1066,372.68,GBP,Delta,Utilities,2025-09-06 10:26:06.376664,success,NONE,DE,tablet,False
f87dbacb-bd67-4ed5-8c84-a7e1755f41bc,C8204,215.93,EUR,Walmart,Travel,2025-09-25 10:26:06.376667,failed,E003,FR,web,True
052459a0-ec4c-476b-a9b5-a1c9725c92a6,C2481,397.62,JPY,Amazon,Shopping,2026-06-06 10:26:06.376671,failed,E003,US,tablet,True
4711c4df-ab41-4c96-942f-89d2d74e4fc0,C4679,454.45,EUR,Uber,Groceries,2025-09-05 10:26:06.376675,success,NONE,US,web,False
b4f063f5-ebc3-4122-b346-67efd61e8e83,C4322,384.76,GBP,Starbucks,Electronics,2025-11-23 10:26:06.376678,pending,NONE,CA,web,False
c45f30fb-748a-4a02-baab-47ce7deea07f,C9915,363.1,EUR,Walmart,Electronics,2026-02-27 10:26:06.376682,failed,E001,DE,tablet,True
a32806c2-b8a8-42f3-b3cf-aedc9e73c2d1,C4748,299.11,USD,Uber,Utilities,2026-07-03 10:26:06.376686,success,NONE,JP,tablet,False
3955b7e5-7e01-4362-94ee-6471849739cf,C5465,330.77,JPY,Costco,Shopping,2026-08-25 10:26:06.376689,success,NONE,DE,mobile,False
55f6ee90-993e-48d9-91f8-37e1cf8b44f9,C8261,421.42,EUR,Starbucks,Electronics,2026-06-04 10:26:06.376693,failed,NONE,CA,web,True
a7ea25a7-ceef-45d6-bb02-74d5cce7f7fb,C1125,89.96,USD,Amazon,Utilities,2026-07-29 10:26:06.376697,pending,NONE,US,tablet,False
15562b73-016b-42a9-ac6d-f2151ca6cba0,C2682,33.94,USD,Walmart,Groceries,2026-04-19 10:26:06.376701,success,NONE,UK,mobile,False
5fab2e6c-bc9c-40f0-9ae3-07c6a3f4756f,C6847,457.79,JPY,Uber,Dining,2026-05-25 10:26:06.376704,success,NONE,CA,tablet,False
b5465db0-9eb7-4165-9265-8597a4850bef,C5635,315.54,EUR,Costco,Dining,2025-09-25 10:26:06.376708,pending,NONE,UK,web,False
75f300ec-a142-465c-ba9a-93cc35b15c75,C5689,119.61,USD,Starbucks,Utilities,2026-01-10 10:26:06.376712,failed,E002,JP,tablet,True
b19498b4-dca1-44b1-bdf1-008a04bd7ea6,C4080,167.28,USD,Walmart,Electronics,2025-09-08 10:26:06.376716,failed,E001,JP,web,True
a9070fa2-9bc1-46ab-b0d0-7c07a1259356,C2210,362.27,USD,Walmart,Groceries,2026-01-07 10:26:06.376719,failed,E002,DE,mobile,True
e655d074-c6be-4a7c-a92a-a71b3db23432,C2845,474.03,USD,Target,Travel,2026-02-04 10:26:06.376723,pending,NONE,FR,web,False
35820e9a-de7e-4607-ae3d-013353fce2ff,C6325,480.83,EUR,Apple,Electronics,2026-08-07 10:26:06.376727,success,NONE,US,mobile,False
ed5c8f93-0134-4308-b754-c3040144c2dc,C7000,39.36,GBP,Walmart,Travel,2026-04-07 10:26:06.376730,pending,NONE,UK,mobile,False
6cf97684-deaf-4007-a254-5fa7feb2f8a8,C4199,81.96,JPY,Starbucks,Dining,2026-07-22 10:26:06.376734,failed,E002,DE,tablet,True
10fe7aeb-2804-4159-b93a-380975d88e86,C2248,440.28,GBP,Uber,Dining,2026-01-15 10:26:06.376738,success,NONE,FR,tablet,False
4cb41e01-13b4-4bc6-be1d-8999dce96123,C6295,78.83,JPY,Target,Utilities,2026-06-24 10:26:06.376745,pending,NONE,JP,mobile,False
6969a22c-cc1c-4eb4-b63a-c7ac32a456e2,C5291,353.35,USD,Costco,Shopping,2025-12-24 10:26:06.376749,failed,E002,JP,tablet,True
800177d3-12e1-4b63-bbbe-4f48ece14a7e,C5018,181.38,JPY,Costco,Utilities,2025-09-04 10:26:06.376753,failed,E002,JP,mobile,True
4ab28c90-8963-4baf-8073-828c0cf409ff,C8541,210.46,JPY,Amazon,Utilities,2026-04-16 10:26:06.376757,pending,NONE,US,web,False
b46f2933-2efb-44fc-b1a1-e701e957f3da,C3451,364.27,EUR,Apple,Groceries,2026-02-11 10:26:06.376760,failed,E003,FR,mobile,True
5764f9ce-70e9-4144-bb76-1c49ca54b0cd,C5372,320.07,JPY,Walmart,Shopping,2026-06-12 10:26:06.376764,failed,E001,CA,tablet,True
0a91e294-95d2-42fb-bf82-2b84bf86ccab,C2695,14.09,JPY,Delta,Groceries,2025-09-13 10:26:06.376768,failed,E001,DE,mobile,True
b907a4a6-b3dd-47dd-8da8-ef0d362138a2,C1905,234.97,JPY,Target,Utilities,2025-11-06 10:26:06.376772,failed,E003,UK,tablet,True
c65b36ff-1fcc-45b3-ba33-325a7ed8a57f,C3771,374.02,USD,Delta,Electronics,2025-11-09 10:26:06.376776,pending,NONE,JP,web,False
c2871127-5f15-41c2-9276-a079529ed909,C7196,412.72,JPY,Amazon,Travel,2025-12-24 10:26:06.376780,success,NONE,DE,mobile,False
3ccc62b6-f757-445a-b4ff-49790f5abc81,C5193,166.11,GBP,Uber,Dining,2025-11-01 10:26:06.376783,pending,NONE,JP,web,False
e5ef1234-caf7-48a9-b368-76d9aba1b3bc,C1207,419.97,GBP,Amazon,Shopping,2025-12-21 10:26:06.376787,failed,E001,DE,web,True
7a43bf9e-6ffb-424f-8488-e9497cdec404,C7119,325.89,USD,Amazon,Dining,2026-06-16 10:26:06.376791,pending,NONE,FR,web,False
1eabe7f9-b69f-4f47-8798-345c352a1d8b,C5732,121.79,EUR,Walmart,Groceries,2026-02-19 10:26:06.376794,success,NONE,DE,web,False
34a24bec-cf4c-4a87-9d51-e29c2498e0e5,C7627,333.54,USD,Costco,Groceries,2025-11-17 10:26:06.376798,failed,E003,CA,web,True
ee19ca76-3c87-42b4-9690-789f6d65ad0a,C7700,320.19,USD,Target,Shopping,2026-04-10 10:26:06.376802,success,NONE,US,web,False
90561255-646e-4e26-aceb-417a0d466405,C3643,197.36,JPY,Uber,Utilities,2026-02-04 10:26:06.376805,pending,NONE,FR,web,False
d376dea8-82f4-4db6-b0b6-8ea24e219714,C8279,170.47,JPY,Apple,Shopping,2026-06-07 10:26:06.376809,failed,E002,JP,web,True
379ef4b2-3a92-4a7b-9406-a66eb98728ac,C8554,184.78,USD,Starbucks,Groceries,2026-08-14 10:26:06.376813,failed,E003,JP,web,True
20657b15-3d82-4859-a199-ac9be1d4d4dd,C7501,92.82,JPY,Target,Travel,2026-06-12 10:26:06.376817,failed,E001,DE,mobile,True
dea13772-5d30-45ed-bab3-fb965118e38f,C3543,499.97,USD,Costco,Groceries,2025-11-06 10:26:06.376820,success,NONE,CA,web,False
c977ad5a-a504-4ff5-bfaa-d40be40712de,C3622,45.59,JPY,Delta,Electronics,2026-04-06 10:26:06.376824,failed,NONE,CA,mobile,True
7317169f-d797-449c-8264-c023f73482c7,C3712,287.71,JPY,Walmart,Shopping,2026-02-19 10:26:06.376828,failed,NONE,DE,web,True
ecf0f0b0-94bb-49e1-bc35-c1732b7e2a89,C1062,175.52,GBP,Delta,Travel,2025-11-04 10:26:06.376832,pending,NONE,FR,web,False
2db11279-0433-409c-944a-86c170eeaa27,C6696,441.06,EUR,Amazon,Electronics,2026-06-03 10:26:06.376836,success,NONE,JP,tablet,False
debfada4-84fe-4a3c-89a4-6d1c6178ef66,C6194,301.87,USD,Amazon,Utilities,2026-06-29 10:26:06.376839,pending,NONE,UK,mobile,False
78111cbe-aad5-4a28-a726-7d41b02c75d1,C8088,384.87,USD,Apple,Travel,2025-09-25 10:26:06.376843,failed,NONE,CA,tablet,True
4faba6f8-3e48-4f67-8e66-a83f2e30e847,C6264,350.86,JPY,Amazon,Shopping,2026-02-21 10:26:06.376847,success,NONE,UK,web,False
ddcdb300-0ae3-46a4-bff4-299ba158f81b,C7103,112.26,USD,Starbucks,Shopping,2026-06-14 10:26:06.376850,pending,NONE,UK,mobile,False
2e0a22ee-d3e2-4566-8207-f177f125cfeb,C7339,140.87,JPY,Amazon,Groceries,2026-01-09 10:26:06.376854,failed,E001,DE,tablet,True
65fbce95-cd81-4d06-9968-1ce16952edb4,C5676,318.07,JPY,Apple,Utilities,2025-09-09 10:26:06.376858,failed,E002,CA,tablet,True
9ebfa83f-a176-477c-83a9-63c7dd27bd75,C1029,262.59,EUR,Amazon,Dining,2025-10-27 10:26:06.376862,failed,E003,FR,web,True
598b5d72-28e6-4415-9286-87525b6fa738,C6014,426.31,GBP,Target,Utilities,2025-10-03 10:26:06.376865,failed,E003,US,tablet,True
ac0983bd-37d8-47db-8912-c2cf9cd3953f,C9551,468.76,GBP,Delta,Travel,2026-02-22 10:26:06.376869,pending,NONE,FR,web,False
cda06d09-97e0-4618-bbf6-8e401c524a63,C1275,214.76,USD,Delta,Dining,2025-12-30 10:26:06.376873,failed,NONE,JP,tablet,True
90143d85-962d-4a87-8a93-3f13408b2476,C4331,205.92,USD,Costco,Groceries,2026-07-27 10:26:06.376876,success,NONE,DE,tablet,False
af983c3d-29ec-402e-91ae-1fda8b75cdcd,C1170,311.95,GBP,Starbucks,Travel,2026-04-19 10:26:06.376880,success,NONE,CA,tablet,False
199574a1-5f69-4a51-b407-22ab07e975ca,C4612,437.06,JPY,Apple,Travel,2026-07-12 10:26:06.376884,success,NONE,DE,mobile,False
5349a0e7-61b2-4093-a219-faae86c8e4a8,C9607,36.68,EUR,Target,Dining,2026-02-02 10:26:06.376887,pending,NONE,UK,mobile,False
fdcb1cb1-d7ce-492a-9fd2-d1b536f37c49,C6381,212.27,USD,Uber,Groceries,2025-09-25 10:26:06.376891,pending,NONE,FR,tablet,False
34a02583-d04c-4a6f-88cc-a5116223ff9a,C5126,113.51,GBP,Target,Dining,2026-03-08 10:26:06.376895,success,NONE,DE,mobile,False
d6f150aa-8425-46dd-a602-92223eb80a10,C3637,461.19,JPY,Delta,Shopping,2026-09-02 10:26:06.376899,success,NONE,DE,web,False
cfdea07e-7f42-4921-960e-b12fa2cab5fd,C2269,252.99,GBP,Amazon,Shopping,2026-07-19 10:26:06.376903,pending,NONE,UK,web,False
49f214a9-6247-45df-8268-a92d3bf5f01b,C2059,81.85,GBP,Starbucks,Electronics,2026-07-20 10:26:06.376906,pending,NONE,CA,mobile,False
28963b1a-f849-4b3f-a23d-e8d0a7a2cdd7,C1268,377.0,GBP,Apple,Electronics,2026-03-30 10:26:06.376910,failed,E002,UK,tablet,True
881ddfb1-4715-4e56-94c1-5d7cadee6265,C7918,343.23,EUR,Apple,Utilities,2026-02-18 10:26:06.377278,failed,E003,CA,web,True
4fd58083-274f-4ffb-a0a8-eab94ac4ad49,C3005,391.39,USD,Apple,Groceries,2025-11-25 10:26:06.377287,failed,E001,DE,mobile,True
57bf0461-884d-4416-b980-ae46c91ad352,C6249,396.57,EUR,Apple,Dining,2025-12-24 10:26:06.377296,failed,NONE,FR,web,True
c5e16e7b-ce99-4758-97bf-5a5215ec8f95,C5451,308.76,JPY,Costco,Dining,2025-09-27 10:26:06.377300,pending,NONE,US,tablet,False
48f564b4-8526-44cb-a65a-8a50d50c6b36,C7726,467.59,USD,Starbucks,Utilities,2026-05-14 10:26:06.377304,failed,E001,DE,mobile,True
8dc0a6fe-9536-430a-9f5b-979b45728b18,C2313,343.4,GBP,Starbucks,Utilities,2026-01-07 10:26:06.377307,success,NONE,JP,web,False
f5187d80-10f4-47f1-99a7-8fb014287313,C7780,209.66,USD,Amazon,Groceries,2026-01-14 10:26:06.377311,failed,E003,DE,web,True
4d55072b-72e5-4f9e-adb2-0bac3e50406c,C1731,480.56,EUR,Amazon,Travel,2025-10-24 10:26:06.377315,failed,E003,US,web,True
a4324689-fe06-48a5-85cc-9125e78162b9,C8223,471.75,GBP,Delta,Shopping,2026-05-08 10:26:06.377319,success,NONE,JP,web,False
96039537-cad1-4d41-b9bd-bd32581ee6c9,C1158,46.22,JPY,Apple,Groceries,2026-08-31 10:26:06.377322,success,NONE,JP,web,False
69828f67-5f63-45d8-a3b0-aee931e175e8,C2019,343.47,EUR,Walmart,Electronics,2026-02-06 10:26:06.377326,failed,NONE,JP,mobile,True
0a644f9c-924e-4a13-a5bd-8ad49dc9d097,C6209,428.84,USD,Uber,Shopping,2025-12-09 10:26:06.377330,success,NONE,CA,tablet,False
fda1d444-f15e-497b-aa3f-a24275b4c20f,C1500,160.29,EUR,Walmart,Utilities,2026-04-22 10:26:06.377333,pending,NONE,FR,web,False
85d38db3-57cd-45fd-b918-c56ff8d7a808,C9629,65.74,GBP,Target,Utilities,2026-02-05 10:26:06.377337,success,NONE,FR,web,False
ad999dcf-7635-4f5c-8766-59d0e1f43e1f,C1637,149.16,EUR,Apple,Utilities,2026-03-04 10:26:06.377341,pending,NONE,FR,web,False
acb9ac87-bebb-4cdf-8c91-eb7259bd73ba,C2756,273.35,GBP,Apple,Travel,2025-09-15 10:26:06.377344,failed,NONE,CA,tablet,True
d7c6de07-8d24-4460-b1f8-8d9ead47f180,C7770,494.38,GBP,Uber,Electronics,2025-12-17 10:26:06.377348,failed,E001,UK,web,True
7dea9676-b1f6-4e9d-974b-31185e499685,C2076,65.05,JPY,Amazon,Shopping,2025-10-17 10:26:06.377352,pending,NONE,CA,mobile,False
4a65aa54-6233-4901-bdf8-e80e87282e9d,C6160,299.33,EUR,Costco,Groceries,2026-08-14 10:26:06.377355,failed,NONE,CA,mobile,True
671bc866-db9a-44bb-b3a9-359736f66c92,C6271,298.74,GBP,Amazon,Electronics,2025-12-04 10:26:06.377359,success,NONE,DE,tablet,False
79df1985-5026-479e-af7c-5d61d63bbc61,C3713,224.31,GBP,Delta,Utilities,2025-10-30 10:26:06.377362,pending,NONE,UK,mobile,False
c75b37e9-89f6-4b1b-be88-4b3114f49db3,C3055,475.38,USD,Amazon,Electronics,2026-03-06 10:26:06.377366,success,NONE,UK,tablet,False
3816cb2d-c984-4425-b1be-626eaef89c55,C3461,495.49,JPY,Delta,Shopping,2025-11-21 10:26:06.377370,success,NONE,DE,tablet,False
c0aee735-fcd7-465e-9507-bdbb5620bc7e,C6642,135.26,EUR,Delta,Shopping,2026-01-27 10:26:06.377373,success,NONE,UK,mobile,False
4118f758-1fc4-4dac-8ca8-eea567de5fa0,C4506,453.82,USD,Amazon,Electronics,2026-06-20 10:26:06.377380,failed,E003,FR,tablet,True
f67a7665-9149-4259-b9a3-804055a83cac,C5940,491.89,EUR,Amazon,Travel,2025-09-19 10:26:06.377384,success,NONE,FR,mobile,False
9be413ca-8073-45c8-9e11-6479a7d4d848,C5125,479.01,GBP,Amazon,Groceries,2026-02-17 10:26:06.377388,success,NONE,FR,tablet,False
c7e45816-7fcf-4753-8a9f-5c730ff3523b,C4880,332.39,USD,Starbucks,Electronics,2026-05-14 10:26:06.377392,pending,NONE,CA,mobile,False
6daf3845-eee1-44db-82e8-58775c30db12,C2653,65.85,EUR,Uber,Utilities,2026-07-14 10:26:06.377395,failed,NONE,DE,mobile,True
8a4ed335-f97a-492e-adad-cede885e5797,C5229,333.85,GBP,Starbucks,Groceries,2025-10-05 10:26:06.377399,failed,E002,JP,tablet,True
41ac3ca1-665b-435d-ade1-e0a8c7b82fe9,C3997,114.73,EUR,Walmart,Electronics,2026-08-10 10:26:06.377403,failed,E002,US,tablet,True
bf490de3-5955-4824-8ae9-68972e61dca8,C6806,141.27,USD,Starbucks,Electronics,2026-05-25 10:26:06.377407,failed,NONE,DE,mobile,True
799fc45d-d74b-4941-a49f-1d9d0708c7f2,C1857,345.68,USD,Delta,Electronics,2026-06-01 10:26:06.377410,pending,NONE,FR,web,False
7f5366f7-672d-4ede-9330-e846bd08393e,C7554,261.22,GBP,Costco,Electronics,2025-10-31 10:26:06.377414,failed,NONE,FR,tablet,True
517617ac-2ef9-47d4-a0e7-8c468e49861f,C7989,402.26,GBP,Starbucks,Utilities,2026-05-18 10:26:06.377418,failed,E001,CA,web,True
df51760c-36c5-4834-b537-d7f9c8a962b3,C2652,317.45,JPY,Costco,Electronics,2025-11-27 10:26:06.377422,pending,NONE,DE,web,False
14f85c14-d2dd-4927-9f45-379250ce590e,C9651,154.41,USD,Costco,Dining,2025-12-28 10:26:06.377426,pending,NONE,US,mobile,False
dffd0a64-2fb4-4bfe-960a-3deed7f80f91,C3853,7.16,JPY,Walmart,Dining,2025-11-11 10:26:06.377430,failed,NONE,US,mobile,True
d4bc9c48-f7dd-414f-ba6b-f01c0709e60c,C4208,169.03,GBP,Apple,Utilities,2026-05-08 10:26:06.377433,pending,NONE,JP,tablet,False
0563e02c-7cdd-4074-a584-f20b315ffadf,C9596,130.18,EUR,Walmart,Groceries,2025-09-06 10:26:06.377437,success,NONE,CA,tablet,False
ce56d286-bf7a-4820-94be-b7fb2c8198f4,C6413,371.98,EUR,Starbucks,Groceries,2025-09-20 10:26:06.377441,success,NONE,JP,mobile,False
5f35e7a5-fe7d-4847-8bc0-3a90eaa5a8bd,C6916,40.34,JPY,Costco,Electronics,2025-10-19 10:26:06.377444,success,NONE,CA,mobile,False
5b6f18cc-87f3-43f8-baf4-e0211206fb0c,C2430,229.12,JPY,Starbucks,Groceries,2026-01-07 10:26:06.377448,pending,NONE,JP,tablet,False
2c1b0d63-047c-4c81-bb7a-4943864c09a2,C5344,108.54,JPY,Apple,Groceries,2025-10-09 10:26:06.377452,success,NONE,JP,mobile,False
9d95bfd5-0a48-4074-8586-0d23bc6156cb,C2996,291.09,EUR,Walmart,Groceries,2025-12-10 10:26:06.377455,pending,NONE,JP,web,False
63b1ef69-a09f-4641-9393-8148c90fa3d7,C3225,66.74,JPY,Walmart,Shopping,2026-05-31 10:26:06.377459,success,NONE,FR,tablet,False
f74535fc-98af-4612-80d1-9eae42ade1e0,C6506,357.48,JPY,Apple,Groceries,2026-08-11 10:26:06.377463,failed,E001,JP,mobile,True
9dc32454-8c59-45ca-9b18-d5bf308ccf1e,C2451,304.58,JPY,Delta,Electronics,2025-12-10 10:26:06.377466,pending,NONE,US,mobile,False
482bc34a-17d1-41d3-a8f1-0d9ee115759a,C5871,280.85,USD,Target,Utilities,2026-04-07 10:26:06.377470,pending,NONE,DE,web,False
896b4dc5-fd79-432a-b14f-80c14bc25335,C2748,256.36,JPY,Apple,Shopping,2026-05-15 10:26:06.377473,pending,NONE,CA,tablet,False
997d6062-10a3-440a-a55b-65221a6d16b9,C7054,488.87,JPY,Starbucks,Electronics,2026-02-20 10:26:06.377477,pending,NONE,FR,mobile,False
5b4966e5-17b9-4a8e-ab79-d0f975f6d35b,C7731,163.59,GBP,Amazon,Shopping,2026-04-30 10:26:06.377480,success,NONE,FR,tablet,False
7eb85e38-d464-4219-a691-348dbadfe570,C4491,72.49,USD,Costco,Utilities,2025-12-15 10:26:06.377487,failed,E003,UK,tablet,True
033939a8-f773-42db-b0e7-643560141054,C3654,348.52,EUR,Delta,Utilities,2026-06-11 10:26:06.377490,success,NONE,DE,mobile,False
5ebb3a5e-e075-4f63-9920-04f4e29a1f1e,C9758,289.0,GBP,Walmart,Shopping,2026-04-24 10:26:06.377494,success,NONE,US,web,False
d06b02b4-e0fc-4e78-819d-865e9b228b04,C5318,461.04,GBP,Walmart,Shopping,2025-09-05 10:26:06.377498,failed,E001,US,mobile,True
4353b154-82c5-4832-a3fb-a198e59f4c7d,C2424,185.71,EUR,Starbucks,Dining,2026-06-25 10:26:06.377502,failed,NONE,UK,tablet,True
6ba68bea-74d3-46b1-8ef4-7fea1a2071e4,C1951,23.3,EUR,Apple,Shopping,2025-09-30 10:26:06.377505,failed,E002,FR,mobile,True
14177995-6896-4824-abf9-b5ceb7a6acdc,C7517,209.05,EUR,Target,Shopping,2026-01-17 10:26:06.377509,pending,NONE,UK,mobile,False
d474f69f-f02b-4f52-99dc-af9cb62bbec2,C5331,430.68,USD,Target,Utilities,2026-01-18 10:26:06.377512,pending,NONE,US,tablet,False
70262d89-6303-4556-a279-53f231eca0ab,C2467,97.18,JPY,Costco,Electronics,2026-02-12 10:26:06.377516,failed,E003,JP,web,True
13cf23c8-54fb-4247-8193-cdb7d4b929a9,C3818,183.71,EUR,Uber,Electronics,2026-06-13 10:26:06.377520,pending,NONE,JP,mobile,False
8f75ea92-395d-449e-ab40-487677dfc1f1,C2188,423.48,EUR,Costco,Electronics,2026-05-26 10:26:06.377523,pending,NONE,FR,web,False
e44ac9a6-1839-4848-89c7-cdb5eb990d43,C5707,108.64,EUR,Starbucks,Dining,2026-06-19 10:26:06.377527,pending,NONE,JP,mobile,False
b1c0e542-2ffd-4d0b-b96f-e2baa13766f2,C7308,197.88,EUR,Target,Electronics,2025-09-21 10:26:06.377531,pending,NONE,FR,tablet,False
dfc4d314-98b1-4c54-8100-850c909f9633,C3466,111.25,EUR,Amazon,Electronics,2026-06-27 10:26:06.377535,failed,E001,JP,mobile,True
e6338671-0cf2-44d4-a770-016fa74e73e0,C2998,462.97,GBP,Amazon,Shopping,2026-05-25 10:26:06.377538,failed,NONE,UK,mobile,True
7c164d2f-6cde-4fcd-9321-cfe3afb6480e,C4293,372.58,JPY,Target,Utilities,2026-07-04 10:26:06.377542,success,NONE,JP,web,False
3c4dbb0d-780d-47e0-b29f-e49129f8d375,C1070,394.65,EUR,Walmart,Travel,2026-07-01 10:26:06.377546,pending,NONE,FR,mobile,False
10d0d64e-3304-46c2-aa93-869b98233c3a,C7709,442.83,GBP,Costco,Electronics,2025-11-08 10:26:06.377549,success,NONE,DE,mobile,False
42ae7505-59ba-4fda-bd0a-be0c572057e5,C8935,347.49,JPY,Amazon,Shopping,2025-12-20 10:26:06.377553,success,NONE,CA,tablet,False
b35d89eb-d1ec-43d9-8b91-ae7eb14a3183,C5633,279.11,GBP,Walmart,Electronics,2026-08-18 10:26:06.377556,pending,NONE,US,web,False
a86ef668-d879-44f4-96ff-e99faf4a0fd4,C9087,432.88,GBP,Amazon,Groceries,2026-02-23 10:26:06.377560,success,NONE,CA,tablet,False
ebdafeaa-a5ca-4da2-896c-fc821011cb1d,C7777,335.18,JPY,Target,Groceries,2026-08-08 10:26:06.377564,failed,E001,JP,mobile,True
8f946864-b84f-4e7e-8b33-27d180496b1d,C1029,256.02,EUR,Apple,Utilities,2025-10-21 10:26:06.377567,success,NONE,UK,mobile,False
7dc90558-8fc8-43d6-a504-3279769bc081,C1812,24.84,GBP,Uber,Utilities,2026-08-30 10:26:06.377572,success,NONE,JP,tablet,False
61d7648c-02fd-40fd-8ace-7d68983e52d1,C8035,353.77,GBP,Amazon,Groceries,2026-04-07 10:26:06.377576,success,NONE,UK,web,False
02709e74-b006-4b0d-a59f-bd4a20dba8ed,C1155,118.49,EUR,Starbucks,Electronics,2025-11-09 10:26:06.377579,pending,NONE,JP,mobile,False
bee8e0f5-551b-4db4-8e39-c61d80cfa08d,C6927,415.49,JPY,Starbucks,Electronics,2025-12-04 10:26:06.377583,pending,NONE,JP,web,False
bc6d9d4c-79c3-46b5-b92d-250c2c9004bc,C3304,486.26,JPY,Target,Shopping,2026-05-22 10:26:06.377587,pending,NONE,JP,web,False
8a2ce3db-33d0-490e-b671-a133020ea99e,C7685,274.59,EUR,Apple,Groceries,2025-09-06 10:26:06.377590,pending,NONE,US,web,False
650c9517-f3b1-4c85-a125-96a892d12512,C7075,193.95,JPY,Target,Utilities,2025-10-29 10:26:06.377594,failed,E001,FR,tablet,True
e156f534-db54-47ee-ae44-2badc8b45e98,C4137,220.19,GBP,Target,Dining,2025-09-03 10:26:06.377598,pending,NONE,FR,web,False
1a59dae5-c306-4ccd-9d44-add28c1326a8,C1416,92.32,USD,Apple,Groceries,2025-10-04 10:26:06.377601,success,NONE,FR,web,False
50402053-c16b-4802-8c23-5f3f1ccb75cc,C7790,459.62,EUR,Amazon,Utilities,2026-06-24 10:26:06.377605,pending,NONE,UK,mobile,False
5da9a141-ba32-4a64-9fa8-3e596f54a284,C1070,251.33,JPY,Starbucks,Electronics,2025-10-06 10:26:06.377608,success,NONE,UK,mobile,False
9df57b85-55dc-4204-9961-d43e9132f988,C3676,126.28,GBP,Apple,Travel,2026-04-13 10:26:06.377612,pending,NONE,DE,web,False
b013afd0-5941-4b37-bdc3-72670afd3a1c,C9606,498.77,USD,Target,Groceries,2026-08-14 10:26:06.377615,pending,NONE,FR,mobile,False
43006f59-74b2-4fc3-ae49-95cd52bcc217,C7509,76.4,EUR,Uber,Shopping,2026-09-01 10:26:06.377619,failed,NONE,JP,mobile,True
3921fcc0-98a3-49ab-9a31-d034ce063f6a,C6958,155.5,GBP,Starbucks,Utilities,2026-08-30 10:26:06.377623,success,NONE,DE,web,False
ead9274d-6cc7-486b-b038-1b32583d60ec,C9216,270.14,USD,Target,Dining,2025-09-06 10:26:06.377626,success,NONE,US,mobile,False
dba9f936-8e07-40e8-b1a6-7264fd4575cb,C6182,467.35,USD,Walmart,Shopping,2025-12-30 10:26:06.377631,failed,E001,DE,tablet,True
9d73d2e8-e123-4fa5-abba-ec5279d432f4,C9579,256.71,JPY,Walmart,Utilities,2025-10-02 10:26:06.377635,failed,NONE,CA,tablet,True
6e45f060-504b-4351-abbe-5dd4914a4be2,C1108,464.34,EUR,Target,Dining,2025-10-24 10:26:06.377640,failed,E001,FR,web,True
275fa511-84df-4acb-b8c5-be200d65e12d,C4208,344.83,JPY,Uber,Shopping,2025-10-22 10:26:06.377643,success,NONE,US,web,False
322ec65c-33ce-4659-aa31-dddb4830247e,C1551,425.83,GBP,Uber,Utilities,2026-01-15 10:26:06.377647,failed,NONE,US,tablet,True
54c4da75-8d43-4b9d-bb73-d1aa919aeb20,C8338,278.28,JPY,Delta,Groceries,2026-06-20 10:26:06.377651,pending,NONE,JP,tablet,False
c6a6bb3a-5cb3-4a6d-ab52-cbde68c88cf0,C6117,330.27,USD,Apple,Travel,2025-11-06 10:26:06.377654,pending,NONE,US,web,False
9ff952f2-f4b2-4eec-af7f-5f929aea646e,C8181,215.83,JPY,Walmart,Shopping,2026-08-29 10:26:06.377658,success,NONE,DE,tablet,False
d770b1cb-8472-492a-aab1-dd7ac132729f,C9436,172.19,EUR,Starbucks,Utilities,2025-11-08 10:26:06.377662,failed,E001,FR,tablet,True
7c78b16f-30b0-4e98-acb8-32d08a2f3f00,C5239,18.12,EUR,Uber,Electronics,2026-01-05 10:26:06.377666,failed,E002,DE,web,True
99b45cf9-67d6-4bca-8ec8-503f89c227f9,C9993,59.01,EUR,Apple,Utilities,2026-04-03 10:26:06.377669,success,NONE,DE,tablet,False
368c3849-0b01-4821-a12c-a4233de1fe8c,C3710,96.44,GBP,Costco,Dining,2025-10-30 10:26:06.377673,failed,E003,CA,tablet,True
30ce68b2-3c6f-4ecf-b011-e4958adab722,C5228,235.08,USD,Target,Utilities,2026-01-23 10:26:06.377677,pending,NONE,UK,web,False
cb099581-eee6-4953-831e-d1ff705a7e7d,C8874,344.35,JPY,Delta,Groceries,2025-10-23 10:26:06.377680,failed,E002,UK,mobile,True
311e6ea5-34ae-4352-ba0d-d2f92f18e91e,C9689,113.81,JPY,Target,Electronics,2026-07-08 10:26:06.377684,success,NONE,CA,mobile,False
a3cf4896-e9ae-41d3-a1ac-c9f2fd71ebd1,C9191,27.68,USD,Delta,Dining,2025-10-05 10:26:06.377688,failed,E002,FR,web,True
85d3a6b8-1bcb-4dc2-b465-00f8080666ed,C3739,127.01,GBP,Walmart,Shopping,2026-05-20 10:26:06.377691,pending,NONE,CA,web,False
ee7727fe-52ed-4a42-a31b-d13ecb7a8b96,C7416,279.29,EUR,Apple,Dining,2026-01-26 10:26:06.377695,pending,NONE,DE,mobile,False
abe8346d-2647-473d-827d-3d26aee2f344,C7261,345.86,EUR,Walmart,Utilities,2026-03-23 10:26:06.377699,failed,E002,FR,tablet,True
4ca357be-5111-4f46-885e-6d05ec609da7,C7980,117.66,USD,Target,Groceries,2026-07-03 10:26:06.377702,success,NONE,CA,tablet,False
46a88af9-e8c4-4a5b-a65a-b6ba2155e8c9,C3046,147.87,USD,Target,Dining,2026-05-09 10:26:06.377706,success,NONE,US,mobile,False
865c8e72-c578-4564-8a32-0f2259ae02eb,C5377,149.64,JPY,Apple,Groceries,2025-10-28 10:26:06.377709,success,NONE,FR,mobile,False
054f24a6-8e49-4b5a-ba35-3fa0dcf42462,C4357,146.15,EUR,Apple,Dining,2025-09-04 10:26:06.377713,success,NONE,DE,tablet,False
f6bfd655-665d-47be-bf5b-38ec747a17b0,C5694,52.52,GBP,Amazon,Travel,2026-08-08 10:26:06.377716,failed,E001,UK,tablet,True
20400ad2-e477-4cbf-8264-a18605ab6558,C3305,88.03,USD,Amazon,Shopping,2026-01-26 10:26:06.377721,success,NONE,DE,mobile,False
a0b00065-3f35-4c93-b82a-b0fd7c8d3caf,C7540,96.91,JPY,Target,Groceries,2026-04-19 10:26:06.377725,pending,NONE,DE,web,False
4177cf07-b879-4852-8ea6-4d6d991e2367,C5613,163.26,USD,Costco,Travel,2025-10-10 10:26:06.377728,failed,E003,UK,web,True
a8540daf-cc84-47af-a702-19d96d78d883,C2328,462.25,GBP,Amazon,Groceries,2025-09-21 10:26:06.377732,failed,E003,JP,mobile,True
016d5cf9-ebb7-45f7-9e33-b463034c5988,C9672,305.04,USD,Walmart,Electronics,2026-03-09 10:26:06.377736,failed,NONE,US,mobile,True
55321cc0-1153-4d12-a1f5-8012ee5cf5fa,C9035,310.99,JPY,Apple,Travel,2026-04-12 10:26:06.377740,pending,NONE,UK,tablet,False
feed696a-8340-42dc-9c33-30b6fa2e3b14,C7070,34.9,USD,Delta,Groceries,2026-08-02 10:26:06.377743,pending,NONE,US,web,False
0d5a2b97-ad54-4de4-8bb3-c83c22def75b,C1207,203.12,GBP,Walmart,Shopping,2025-12-12 10:26:06.377747,pending,NONE,DE,tablet,False
b06c54ae-e317-4122-8998-e7cea919c978,C6907,251.65,EUR,Uber,Travel,2026-07-11 10:26:06.377752,pending,NONE,CA,tablet,False
5fd2d345-79e0-43bb-bdeb-63e06c522799,C8154,100.0,GBP,Amazon,Shopping,2026-03-22 10:26:06.377755,pending,NONE,US,tablet,False
cf6484d2-dc9c-4aa0-9c95-0d4a82cb4e8c,C2010,112.87,USD,Uber,Groceries,2026-07-31 10:26:06.377759,failed,E001,US,tablet,True
da9fb038-4818-480c-ae40-597c86916bad,C2471,92.16,JPY,Target,Utilities,2026-04-01 10:26:06.377766,failed,E003,FR,tablet,True
9730a72e-0f7a-4499-a865-31b2f55ad109,C8903,499.08,JPY,Costco,Travel,2025-09-14 10:26:06.377770,failed,NONE,FR,tablet,True
e45879c0-6e10-49c1-9140-6412d27e3d2f,C1498,267.78,USD,Uber,Travel,2025-09-08 10:26:06.377774,failed,NONE,DE,tablet,True
1eb8de6a-829e-4ef9-9954-6105d7bd142e,C5212,242.38,EUR,Starbucks,Electronics,2026-06-08 10:26:06.377777,failed,E001,US,tablet,True
c0e776a8-c590-4088-83b3-a66165ed3cba,C6266,187.95,USD,Amazon,Travel,2025-12-01 10:26:06.377781,pending,NONE,UK,mobile,False
006bdc6a-eab2-4dde-9fd4-7e2cc0033c86,C5715,27.09,USD,Costco,Electronics,2026-05-19 10:26:06.377785,pending,NONE,FR,tablet,False
38bca667-e106-42b0-acd9-d2746bc0f601,C2788,493.72,JPY,Costco,Travel,2026-02-03 10:26:06.377789,success,NONE,US,web,False
81ece43a-f1e0-401a-a37d-ad4ebeb87bf1,C1743,11.13,JPY,Costco,Dining,2026-08-16 10:26:06.377792,pending,NONE,CA,web,False
141d2321-5289-4b57-b6da-031b5aafbd3c,C4182,237.54,GBP,Costco,Dining,2026-07-15 10:26:06.377796,failed,E003,DE,tablet,True
3060a1f1-6538-46f6-b5e8-50e27a6ac459,C2400,235.3,USD,Walmart,Electronics,2026-07-31 10:26:06.377799,failed,E003,UK,mobile,True
c8748682-b2a9-44f5-9ba2-49a53a02f0c0,C6954,105.26,EUR,Costco,Travel,2026-05-20 10:26:06.377803,failed,E003,UK,mobile,True
815f7240-3a2e-4a65-9332-07930c8938dd,C1132,111.55,EUR,Delta,Travel,2026-04-29 10:26:06.377807,pending,NONE,FR,mobile,False
328daaaa-1fd3-4d91-b754-914715af63e8,C4092,89.93,JPY,Walmart,Travel,2025-09-13 10:26:06.377811,failed,E001,JP,tablet,True
e83a837b-86ba-4b74-8286-3fccb094e726,C1414,329.28,USD,Starbucks,Electronics,2026-03-08 10:26:06.377814,pending,NONE,DE,mobile,False
4e71ab91-3726-4710-beb6-d8915f61b57e,C8996,421.28,USD,Amazon,Travel,2026-01-09 10:26:06.377818,pending,NONE,FR,tablet,False
91bed793-ff4f-4899-9229-8d38e2983562,C7511,214.08,USD,Walmart,Utilities,2025-10-02 10:26:06.377822,success,NONE,JP,mobile,False
bb145d5f-ed37-4077-8a2c-271ac8f69687,C5786,467.75,JPY,Apple,Groceries,2026-07-21 10:26:06.377825,pending,NONE,FR,tablet,False
11b30e65-624c-4e3b-b6c0-8ad8a656f81e,C6683,355.58,JPY,Costco,Shopping,2026-05-11 10:26:06.377829,pending,NONE,JP,tablet,False
4d691dea-92bd-4553-ab74-a7d59ea2d8d3,C1211,71.96,EUR,Uber,Groceries,2026-05-19 10:26:06.377832,pending,NONE,CA,mobile,False
bcdf07c2-a4c2-409a-9ec6-a94a75fd2187,C9991,153.66,GBP,Starbucks,Dining,2026-02-11 10:26:06.377836,pending,NONE,FR,tablet,False
a6b22691-e67f-41de-8839-0fe636742110,C9970,435.69,EUR,Apple,Electronics,2026-08-09 10:26:06.377839,failed,E001,DE,web,True
b065bbe3-b024-4062-a29a-d877b71c005a,C3454,120.01,JPY,Costco,Travel,2025-12-06 10:26:06.377843,pending,NONE,UK,tablet,False
73f14619-a58d-4a50-a54a-80988dd94b79,C6570,134.81,USD,Apple,Utilities,2025-12-25 10:26:06.377847,success,NONE,UK,mobile,False
0b724f01-5faf-4c50-bec4-9fea1e8ae512,C3868,471.53,JPY,Uber,Electronics,2026-05-24 10:26:06.377851,success,NONE,JP,tablet,False
cbd1a1b3-e10c-4f5e-ac15-d4b7ce6f6f21,C6738,499.72,GBP,Walmart,Travel,2026-07-28 10:26:06.377854,success,NONE,JP,web,False
38334f75-ff8c-444e-aef3-967fad1a9d81,C9073,424.71,EUR,Costco,Utilities,2025-11-25 10:26:06.377858,pending,NONE,CA,tablet,False
67dec37e-cc29-4248-b767-61b305227bac,C6271,498.79,EUR,Apple,Electronics,2026-01-20 10:26:06.377861,success,NONE,UK,mobile,False
7efd511b-379e-4cf3-9fb7-f57554fbe534,C7633,43.99,GBP,Costco,Travel,2026-03-26 10:26:06.377865,success,NONE,CA,web,False
ac517cf8-7930-45ec-9b9d-b530973450f6,C7935,428.79,JPY,Amazon,Dining,2025-09-04 10:26:06.377868,failed,E002,FR,tablet,True
78f4504c-231c-4720-9d8f-18d99b3dcfdd,C7124,465.0,USD,Starbucks,Electronics,2025-10-14 10:26:06.377873,pending,NONE,US,tablet,False
e906a7b1-e5dd-4de6-a1f2-dba9a5d6acca,C7074,288.06,GBP,Costco,Utilities,2026-07-27 10:26:06.377877,success,NONE,US,mobile,False
21d9ca41-3699-425a-b83b-7d3561536b28,C1987,368.0,GBP,Costco,Shopping,2026-07-27 10:26:06.377881,failed,E003,US,web,True
a128714e-8cc7-4f6d-8b33-c68ad08351b9,C3606,403.3,EUR,Uber,Dining,2026-01-16 10:26:06.377884,failed,E003,UK,tablet,True
1d204308-0b96-4b90-b7e4-2778be7a9aae,C9159,36.73,JPY,Uber,Travel,2026-07-05 10:26:06.377888,pending,NONE,JP,tablet,False
35d597ce-04a0-489e-90ec-d1d7d14834f3,C3822,283.08,GBP,Uber,Dining,2026-07-31 10:26:06.377892,success,NONE,FR,web,False
6340e541-bf76-42ea-b8b8-9659bebeb373,C7912,451.13,GBP,Uber,Dining,2026-05-17 10:26:06.377895,pending,NONE,DE,mobile,False
5eb1c9d0-b302-410c-93b0-e99c74dbf0c8,C4108,318.12,USD,Uber,Groceries,2026-06-24 10:26:06.377899,failed,E003,CA,mobile,True
1011032e-25f9-4df7-a299-f1683040e2e2,C2099,281.64,USD,Amazon,Dining,2025-09-22 10:26:06.377902,success,NONE,US,tablet,False
37254bad-039f-460d-9b5e-37d4caef60fc,C1019,120.64,JPY,Target,Groceries,2025-12-19 10:26:06.377906,failed,E002,DE,mobile,True
bc9474af-5de5-4636-9a2b-c232955f836c,C2878,417.96,EUR,Delta,Dining,2026-06-02 10:26:06.377910,pending,NONE,JP,mobile,False
145c1ee9-3840-48b0-a393-1e709fe86a65,C2185,43.83,GBP,Walmart,Electronics,2026-04-09 10:26:06.377914,pending,NONE,DE,tablet,False
3ee4aaea-018a-46e3-af71-834da6c434d1,C2438,439.93,GBP,Delta,Utilities,2026-08-14 10:26:06.377917,pending,NONE,UK,mobile,False
ba3ce514-0da9-4785-b878-b888fc5ee197,C9480,255.71,JPY,Apple,Shopping,2026-03-17 10:26:06.377921,failed,E001,DE,tablet,True
6399f6ca-def4-4901-91bf-5491613219b1,C7487,147.82,GBP,Delta,Utilities,2026-08-06 10:26:06.377924,failed,E003,FR,web,True
4b903dda-a33d-4f69-8412-cfd224d4e6f5,C4120,9.86,USD,Delta,Electronics,2026-05-31 10:26:06.377928,pending,NONE,CA,web,False
ea48f512-21ba-42f4-ba0e-b08aadc1e38f,C9755,292.92,JPY,Apple,Utilities,2026-09-02 10:26:06.377932,pending,NONE,CA,mobile,False
9b31de49-9c71-4345-82e1-e986b0f92b6b,C7550,221.09,EUR,Amazon,Dining,2025-09-18 10:26:06.377935,pending,NONE,FR,web,False
7ea4adcf-4ed6-4f1c-bce9-74e1444ee3e7,C2287,305.82,EUR,Target,Groceries,2026-02-01 10:26:06.377939,pending,NONE,FR,web,False
f51d01f9-7156-44cf-8bb2-94385bda0363,C8811,482.96,EUR,Apple,Groceries,2026-06-20 10:26:06.377943,success,NONE,FR,mobile,False
a2395ec2-c7ef-4064-8f54-fcfc2d9e8f61,C3022,141.63,JPY,Target,Dining,2026-04-29 10:26:06.377946,failed,E002,FR,tablet,True
724ae983-2931-4ba7-a85e-f5224a7c8c11,C3355,174.86,JPY,Starbucks,Travel,2025-09-17 10:26:06.377950,failed,E003,JP,web,True
088997f0-5940-493a-b7fe-b36691a584c2,C4954,71.04,USD,Amazon,Dining,2025-11-25 10:26:06.377953,pending,NONE,JP,web,False
c2f01db3-450f-4f2c-be7a-7e8942fe70f0,C5475,26.56,JPY,Amazon,Travel,2026-01-09 10:26:06.377957,failed,E001,UK,tablet,True
c79d7d5c-737b-426f-ae52-b267806f0d38,C8313,454.86,USD,Target,Shopping,2026-06-03 10:26:06.377961,failed,E001,US,mobile,True
d3afce0a-f0c8-40a2-98ee-ed0d8d0a9079,C1839,167.34,JPY,Apple,Electronics,2026-07-14 10:26:06.377965,failed,NONE,CA,web,True
009300fe-27eb-4cde-b717-e908da1baf0d,C2239,207.13,EUR,Uber,Dining,2026-05-24 10:26:06.377969,pending,NONE,DE,web,False
536697e2-a19d-4126-a2fa-6f9979daf287,C3861,265.41,GBP,Costco,Travel,2026-02-08 10:26:06.377972,failed,E003,CA,mobile,True
4b0cbaac-d7d0-4558-bb69-289df410a236,C5564,43.49,USD,Target,Utilities,2026-06-27 10:26:06.377976,failed,E002,DE,web,True
9f34f196-da11-469b-bc6f-68662f79ea5d,C1164,150.77,JPY,Uber,Dining,2025-12-04 10:26:06.377980,success,NONE,JP,web,False
06053146-7b0c-4208-831b-59729e97dbd5,C6446,145.4,EUR,Apple,Utilities,2026-03-07 10:26:06.377983,failed,E001,UK,tablet,True
a65d3943-c761-473a-bb0d-fbe87e9c6291,C5854,483.58,GBP,Apple,Travel,2026-08-30 10:26:06.377987,success,NONE,DE,tablet,False
3f442864-0055-43cb-b274-89eceb66bc4f,C2857,116.38,EUR,Apple,Dining,2026-04-22 10:26:06.377991,failed,NONE,US,mobile,True
268188eb-f83a-4fe9-b6ed-3aa481499de4,C2813,198.2,GBP,Walmart,Utilities,2026-01-14 10:26:06.377995,pending,NONE,JP,mobile,False
44cdb3da-9508-402e-9cac-2b1dbe192a93,C6134,459.49,EUR,Costco,Electronics,2026-06-03 10:26:06.377998,failed,NONE,FR,web,True
6ac232a0-bbc6-4dfd-8d85-04fc59e0ac2c,C1022,131.52,USD,Amazon,Utilities,2026-03-29 10:26:06.378002,pending,NONE,FR,web,False
fab33954-67ad-4684-8ba1-3adf190a95c8,C9048,284.92,EUR,Delta,Groceries,2026-07-03 10:26:06.378005,success,NONE,FR,tablet,False
9f45605e-2a12-4476-b7d6-bf129ae76e6f,C9500,234.94,JPY,Starbucks,Utilities,2025-11-13 10:26:06.378009,pending,NONE,JP,web,False
17cf2c89-7bba-4397-bdc2-0af0727ef287,C9073,321.4,GBP,Target,Travel,2026-02-08 10:26:06.378013,success,NONE,JP,tablet,False
5edef4b3-2574-4ba0-8199-db4f0232ab16,C3442,144.66,EUR,Amazon,Electronics,2026-07-09 10:26:06.378016,failed,NONE,US,web,True
252bc10f-6111-4230-b231-76a7b3d17a02,C8534,10.33,JPY,Amazon,Travel,2026-08-19 10:26:06.378021,success,NONE,CA,tablet,False
2eb217cf-47e9-47c8-b244-663326708886,C6353,147.02,GBP,Amazon,Shopping,2026-05-01 10:26:06.378024,success,NONE,CA,tablet,False
e929357c-eebe-4239-a962-5c28ba732821,C9956,222.6,EUR,Apple,Dining,2026-06-07 10:26:06.378028,pending,NONE,UK,mobile,False
e1b763be-84e4-4ae6-827c-223779f22eb2,C2711,17.68,JPY,Target,Groceries,2025-11-08 10:26:06.378031,success,NONE,CA,web,False
3fcce210-c44e-4435-bad0-6b52750c5316,C8379,319.77,USD,Starbucks,Electronics,2026-07-19 10:26:06.378035,success,NONE,JP,tablet,False
d84cdace-68e1-4e48-88ed-7b8086901a3a,C9170,8.28,USD,Uber,Dining,2026-07-14 10:26:06.378039,pending,NONE,CA,web,False
56093cde-9af1-4924-9df5-4ca619df64dd,C9711,258.84,USD,Target,Dining,2026-01-14 10:26:06.378042,failed,E003,DE,tablet,True
6a9c0147-e9ae-4472-9e27-c31e7bab4ce1,C4497,417.19,USD,Target,Groceries,2026-04-08 10:26:06.378046,failed,NONE,US,mobile,True
01cffa0b-79e0-4bd4-8686-d42bc5bf9107,C7848,37.07,GBP,Amazon,Travel,2025-09-02 10:26:06.378050,failed,NONE,FR,tablet,True
8b86b5d7-1a16-4ea4-931a-8eb4d5764d44,C2891,37.49,GBP,Uber,Shopping,2026-09-01 10:26:06.378053,pending,NONE,CA,mobile,False
414cb9af-b523-4d2c-ba97-4a05431df39d,C7537,206.77,EUR,Amazon,Travel,2026-08-23 10:26:06.378057,success,NONE,UK,web,False
d7b33659-1209-4c98-84cf-94a463d4fd0e,C6950,97.98,GBP,Walmart,Groceries,2025-12-29 10:26:06.378061,failed,NONE,UK,web,True
53231a37-f6e6-49c1-a2df-4b7fc32d7b53,C4991,59.15,USD,Uber,Shopping,2026-06-22 10:26:06.378064,pending,NONE,UK,web,False
30eea35d-5dda-4a02-a21e-e06694e6fa29,C3011,281.64,GBP,Delta,Travel,2025-12-30 10:26:06.378068,success,NONE,CA,mobile,False
d98548ce-08ea-4eb9-a83e-c528484d61cd,C9082,316.21,JPY,Starbucks,Dining,2025-11-28 10:26:06.378071,pending,NONE,US,tablet,False
096c4240-e623-449e-a7ec-cac0db51445b,C2342,403.84,JPY,Delta,Dining,2025-11-25 10:26:06.378075,pending,NONE,US,tablet,False
eb339386-42a1-4495-a779-74a62d162d09,C4275,21.28,EUR,Amazon,Electronics,2026-04-08 10:26:06.378078,success,NONE,JP,mobile,False
33670728-92b6-4e75-8f57-b3c160a23609,C9538,118.76,EUR,Apple,Dining,2025-10-18 10:26:06.378084,success,NONE,UK,web,False
32bc3401-4e60-41a6-a321-724e2029e463,C6082,369.66,USD,Costco,Utilities,2026-04-11 10:26:06.378088,pending,NONE,JP,mobile,False
e50fa482-c379-4505-90ab-b9bac98c73a7,C1380,132.72,EUR,Delta,Groceries,2025-11-16 10:26:06.378092,success,NONE,FR,web,False
3d8c817c-027a-450b-8a3e-bebbd4927e7b,C9364,493.22,USD,Walmart,Travel,2026-06-19 10:26:06.378096,failed,E001,JP,web,True
00d01300-6532-45d6-ab92-f4fa28e7fe96,C1891,240.82,JPY,Costco,Electronics,2026-08-07 10:26:06.378101,success,NONE,CA,web,False
25cd5394-2fcd-479e-80d5-62dd7f5874c8,C7176,346.57,GBP,Costco,Dining,2025-09-27 10:26:06.378105,pending,NONE,CA,web,False
eec8d2ce-b0c7-4091-9b17-30f1ab1044c9,C6448,39.83,EUR,Amazon,Groceries,2026-03-08 10:26:06.378108,success,NONE,CA,tablet,False
05a45d91-a4a4-41ed-828e-159107cab7a9,C4997,352.9,GBP,Costco,Electronics,2026-08-01 10:26:06.378112,failed,NONE,UK,tablet,True
4c7a97c9-d598-4587-9f1a-f6a8aaeabc4b,C7769,106.66,EUR,Delta,Groceries,2026-04-11 10:26:06.378116,success,NONE,JP,mobile,False
ada3aae1-c84a-4bc4-b761-d38f8d8adf01,C7335,132.45,USD,Costco,Utilities,2025-10-03 10:26:06.378120,pending,NONE,JP,mobile,False
19563708-0ccb-42d0-a8da-8556937377ad,C4420,415.14,JPY,Walmart,Groceries,2026-06-13 10:26:06.378123,pending,NONE,DE,web,False
3c614b70-c4d3-46fe-b219-654cf5093881,C3948,59.23,EUR,Apple,Shopping,2026-06-20 10:26:06.378127,success,NONE,JP,mobile,False
1bc33b36-347e-4e0a-9992-f8ca96b8a95a,C5741,78.39,JPY,Starbucks,Dining,2026-08-22 10:26:06.378131,success,NONE,FR,web,False
f2ba3fee-7fb9-4f41-aabc-9b601bdc34fd,C1510,424.26,EUR,Uber,Electronics,2026-04-01 10:26:06.378134,failed,NONE,CA,tablet,True
59682bb2-a567-4aad-a1ff-1d9356975ee6,C8912,105.96,EUR,Apple,Electronics,2025-10-18 10:26:06.378138,failed,NONE,UK,mobile,True
82bb3dc1-2d2d-4767-b7fe-27106f121558,C1239,115.78,JPY,Starbucks,Electronics,2026-08-26 10:26:06.378142,failed,E002,CA,web,True
603e5708-10a1-4bc7-9db4-c74e29a7e09d,C3493,460.92,GBP,Walmart,Electronics,2026-08-17 10:26:06.378147,pending,NONE,FR,web,False
8a4ca210-f03c-45cf-a2f8-c3e9f1491933,C9348,422.79,JPY,Amazon,Utilities,2026-01-16 10:26:06.378151,success,NONE,JP,web,False
d3b6d1c3-221c-46c5-8b98-8aeb67f756ef,C3954,183.72,USD,Target,Dining,2026-03-20 10:26:06.378154,success,NONE,UK,mobile,False
a0097d1d-c277-4071-8426-3ffe93052ff0,C6450,95.97,GBP,Amazon,Dining,2026-04-17 10:26:06.378158,pending,NONE,US,tablet,False
cb880021-cd3c-4579-9894-c90518b7d190,C8926,175.29,JPY,Starbucks,Utilities,2025-10-29 10:26:06.378161,success,NONE,US,tablet,False
502530aa-bb15-4e4a-b33e-fe5e7b43c940,C9056,15.6,EUR,Uber,Dining,2026-08-07 10:26:06.378165,failed,E002,DE,mobile,True
768fa0e8-9749-4ccf-99d5-1c276ebb4483,C9709,172.94,GBP,Starbucks,Travel,2025-10-25 10:26:06.378169,success,NONE,UK,web,False
9b8bfe5a-285e-4a84-bcb5-767c04d34f82,C5511,326.41,USD,Target,Groceries,2026-06-20 10:26:06.378174,success,NONE,FR,tablet,False
b7e883c2-1706-49b0-9bc8-359e5d376b57,C5339,393.71,GBP,Costco,Dining,2026-07-04 10:26:06.378177,pending,NONE,CA,web,False
2944cb66-1843-40ac-ad99-bcafaa820915,C7443,442.56,JPY,Starbucks,Utilities,2026-07-28 10:26:06.378181,success,NONE,FR,mobile,False
e5a9e869-2b61-43c2-badc-b2a938d4ef7b,C8762,468.1,JPY,Delta,Dining,2026-03-12 10:26:06.378184,success,NONE,FR,tablet,False
3aa2633b-5625-436d-a549-78de2c04a529,C7419,365.73,JPY,Starbucks,Electronics,2026-04-27 10:26:06.378188,pending,NONE,DE,mobile,False
afd2e5e3-37cd-4c84-82ca-c570419e25c8,C9064,246.86,JPY,Costco,Dining,2025-10-20 10:26:06.378192,failed,E003,US,tablet,True
86b99dc5-8467-4e73-ab63-b435624ce27b,C9804,451.69,JPY,Amazon,Electronics,2025-10-22 10:26:06.378195,pending,NONE,US,web,False
a86d759a-dcf8-4fa8-876e-eab07fff095e,C4293,122.59,JPY,Target,Electronics,2026-02-23 10:26:06.378199,success,NONE,FR,web,False
bea9daca-220e-4b56-a790-4b3389e2d768,C4730,309.08,EUR,Apple,Utilities,2026-02-04 10:26:06.378202,success,NONE,CA,web,False
d4b63262-d15a-42b6-b5f3-8017a2e0435a,C3845,336.83,USD,Costco,Travel,2025-09-08 10:26:06.378206,success,NONE,FR,web,False
16e3563d-9568-422e-988e-9af4bd9def83,C4788,441.49,USD,Amazon,Travel,2026-05-22 10:26:06.378210,pending,NONE,FR,tablet,False
efd5dbdb-8d9f-43dd-b345-55d8719a2905,C1121,123.82,EUR,Costco,Groceries,2026-05-21 10:26:06.378213,failed,E002,FR,tablet,True
9e4a7a01-df9e-466f-8837-5345e97cac61,C5992,395.61,GBP,Walmart,Travel,2025-12-13 10:26:06.378217,success,NONE,UK,tablet,False
33cb048b-755b-4a08-b711-e66755f8cf11,C1138,204.13,GBP,Starbucks,Utilities,2026-04-19 10:26:06.378221,pending,NONE,CA,mobile,False
3a757f8b-ece3-4f04-8db9-e889a121dab2,C2831,66.01,EUR,Costco,Utilities,2026-05-05 10:26:06.378224,success,NONE,DE,web,False
06bee205-771e-4ad9-a268-fd16610d9f91,C9937,197.27,JPY,Target,Travel,2026-08-24 10:26:06.378228,success,NONE,FR,web,False
63990226-f424-459f-98da-ab42031987c5,C1161,40.44,EUR,Uber,Dining,2026-07-14 10:26:06.378231,success,NONE,DE,tablet,False
5b9ae4a5-08ad-48d3-ae2d-f02897bed5f1,C5449,351.7,GBP,Apple,Shopping,2025-12-12 10:26:06.378235,pending,NONE,JP,tablet,False
863e4a2a-b704-4f28-be52-63c993e0334b,C7933,379.77,GBP,Apple,Utilities,2026-04-26 10:26:06.378238,failed,E003,JP,web,True
52252968-08e9-4d99-adf7-401d46f72146,C5827,87.55,JPY,Delta,Electronics,2025-12-23 10:26:06.378242,failed,E001,CA,web,True
e5bda4e6-2fa6-472d-b3b1-4f28fe34c3b5,C3944,148.69,JPY,Costco,Travel,2025-12-19 10:26:06.378246,success,NONE,DE,tablet,False
534f8d36-b7c1-4a22-a317-cdc549d4f640,C2223,391.35,JPY,Amazon,Shopping,2026-07-22 10:26:06.378249,pending,NONE,US,mobile,False
b65d07a1-12a6-4ed4-a2d8-8cae9b345a00,C5707,180.95,GBP,Delta,Dining,2025-10-29 10:26:06.378253,failed,NONE,JP,web,True
000d4242-57aa-417f-abd9-e93628316cdc,C5946,320.52,JPY,Target,Shopping,2026-04-01 10:26:06.378257,pending,NONE,JP,mobile,False
eeb2967b-db60-4efc-aac5-dfdd8d28b441,C8792,130.69,JPY,Walmart,Electronics,2026-07-16 10:26:06.378261,pending,NONE,JP,web,False
3690cfd4-595a-4138-a7cb-c86d5d7536a9,C2591,136.47,USD,Walmart,Utilities,2026-01-10 10:26:06.378264,success,NONE,FR,web,False
6e09b9af-6631-4d35-a618-872ba907b009,C8161,442.14,EUR,Costco,Electronics,2025-12-04 10:26:06.378268,failed,E003,DE,mobile,True
ad35f6fd-d1f5-4b9f-8276-d6f6e828ea6e,C9047,169.12,USD,Delta,Dining,2026-03-20 10:26:06.378272,success,NONE,US,mobile,False
0d1c5ab8-33cf-407b-b531-3a6e825e335a,C8319,386.08,GBP,Costco,Utilities,2025-12-10 10:26:06.378275,success,NONE,US,tablet,False
ce73c7ff-2155-4ea7-963c-087731842673,C5962,484.51,USD,Target,Dining,2026-06-07 10:26:06.378279,pending,NONE,DE,mobile,False
0c446a6f-d03d-4cbc-9233-399b26e0d0f7,C4325,14.63,USD,Starbucks,Utilities,2026-04-04 10:26:06.378283,pending,NONE,DE,web,False
52364dd3-1e99-4436-ba60-1158309d1381,C5722,437.45,USD,Uber,Groceries,2025-11-30 10:26:06.378286,success,NONE,JP,tablet,False
02a09961-d0d0-473c-a49b-f72a544e96b8,C9614,264.11,GBP,Delta,Utilities,2026-07-24 10:26:06.378290,success,NONE,FR,tablet,False
d16f7d01-a4e4-4223-8149-5e2770979c50,C6406,458.09,JPY,Target,Dining,2026-03-26 10:26:06.378294,pending,NONE,US,tablet,False
da30aecc-3c12-4bb6-9d14-11cd346a972d,C5424,292.66,USD,Uber,Electronics,2026-04-14 10:26:06.378297,success,NONE,FR,tablet,False
85452782-095a-4e2f-8b04-a1ce223a728c,C8367,301.02,EUR,Uber,Travel,2026-03-17 10:26:06.378301,failed,E001,JP,tablet,True
387116ad-9734-4afc-950c-2253b70bc4d2,C1402,333.48,GBP,Starbucks,Shopping,2026-06-09 10:26:06.378304,pending,NONE,UK,mobile,False
3ba58853-e37b-4682-9ac7-407e3fdc181a,C9315,440.67,GBP,Starbucks,Shopping,2026-04-18 10:26:06.378308,success,NONE,JP,tablet,False
b2342198-a3b0-45c8-850c-e9d4010d90e3,C6488,391.62,EUR,Delta,Shopping,2025-10-31 10:26:06.378312,pending,NONE,DE,web,False
3438cc03-3d7a-4c7f-8e9d-6dac8ddd8d06,C6018,399.16,USD,Target,Travel,2026-06-13 10:26:06.378315,success,NONE,UK,mobile,False
353c4f40-c828-4b75-87d8-bf8df60b78cf,C9644,380.5,EUR,Delta,Groceries,2026-04-09 10:26:06.378319,success,NONE,CA,mobile,False
034283e8-176d-4309-9ac3-5cddf4060ce8,C3868,289.84,JPY,Delta,Electronics,2026-01-14 10:26:06.378323,failed,E003,CA,mobile,True
afe2b1c9-1734-405f-8a04-24ae738ef6ff,C2555,337.34,GBP,Amazon,Electronics,2026-02-20 10:26:06.378327,failed,E003,JP,web,True
d21048ed-12d3-43b0-b917-46dee9efe806,C3650,410.0,EUR,Delta,Utilities,2026-03-07 10:26:06.378330,pending,NONE,US,mobile,False
58a40113-e60f-4651-9fa2-661686e925fb,C5816,425.54,GBP,Amazon,Groceries,2025-10-07 10:26:06.378334,pending,NONE,DE,tablet,False
c82056da-d58e-49d8-8a04-98f5e5f3dea2,C1634,498.83,EUR,Starbucks,Electronics,2025-11-21 10:26:06.378338,failed,NONE,FR,mobile,True
467a4164-4d1f-4884-8a96-459978151d41,C9184,486.99,GBP,Target,Travel,2025-09-24 10:26:06.378342,pending,NONE,DE,mobile,False
ef8b96da-5fd5-4202-8749-0791e725e49c,C9677,443.32,EUR,Delta,Travel,2025-11-01 10:26:06.378345,pending,NONE,US,mobile,False
a8e9ccf6-88a8-43fc-a1c2-366bfea0a6ed,C9425,472.01,GBP,Target,Travel,2026-04-05 10:26:06.378349,failed,NONE,DE,web,True
6bc4b308-07ff-4983-af12-41c824d986a8,C4494,80.41,GBP,Starbucks,Utilities,2025-10-31 10:26:06.378353,success,NONE,FR,web,False
b0f536f1-6c0c-46b5-b105-cb4b4e692ffe,C5047,101.64,USD,Amazon,Dining,2026-08-24 10:26:06.378356,success,NONE,UK,mobile,False
ff20ce1d-f486-4dc2-8fd0-9004b43842b9,C3791,355.12,USD,Delta,Groceries,2026-03-04 10:26:06.378360,failed,NONE,US,mobile,True
da14cfd5-b2c5-45c2-9643-694ecc8e96f2,C8055,66.09,JPY,Amazon,Electronics,2026-01-03 10:26:06.378363,pending,NONE,DE,mobile,False
3ef0a7a6-c295-46c2-916c-0012ce48d8e6,C8399,470.74,USD,Amazon,Travel,2025-11-02 10:26:06.378367,success,NONE,FR,web,False
298cbb0c-2bb4-4f27-b4c1-971a4cc52fa1,C6622,133.17,USD,Costco,Utilities,2026-03-20 10:26:06.378371,pending,NONE,FR,mobile,False
65a3c9e1-0795-49ef-bb03-52e22f8412da,C7654,112.54,GBP,Amazon,Dining,2026-03-16 10:26:06.378374,success,NONE,US,tablet,False
715d5cd3-f10e-45e8-b476-8d2ce90230d1,C7205,366.71,EUR,Starbucks,Groceries,2026-01-28 10:26:06.378378,success,NONE,JP,web,False
5d37bdd4-0477-4cd2-968b-93a61ab08203,C3223,244.31,EUR,Starbucks,Dining,2025-10-11 10:26:06.378381,pending,NONE,US,web,False
9efef198-c485-4e68-92a7-4a48619768a3,C6416,481.46,JPY,Costco,Shopping,2026-05-28 10:26:06.378385,success,NONE,UK,mobile,False
8b0791f3-1425-4a39-806f-2054958fe054,C7064,12.9,JPY,Amazon,Dining,2026-01-31 10:26:06.378388,success,NONE,DE,tablet,False
8b91513a-66e3-4342-99f1-d5e71e2dda1e,C4278,419.31,USD,Apple,Utilities,2026-05-01 10:26:06.378392,failed,E003,CA,mobile,True
fbac8080-bc79-48ad-870b-78311c1cdfa8,C4551,360.81,USD,Amazon,Travel,2026-08-14 10:26:06.378396,success,NONE,UK,mobile,False
5d914da0-ea95-47ec-a1ac-9cd37c5f14c2,C3656,413.97,EUR,Apple,Groceries,2026-07-06 10:26:06.378399,success,NONE,FR,mobile,False
05b2de64-4e0d-4a34-8afe-94e9e996ca0f,C5958,463.93,GBP,Costco,Travel,2026-08-25 10:26:06.378403,pending,NONE,JP,mobile,False
f4f05245-6283-4b27-85f8-483f05c2199f,C9351,215.86,GBP,Starbucks,Groceries,2026-07-23 10:26:06.378407,pending,NONE,CA,web,False
e144064e-b82e-41b9-a519-f4a972f028db,C3254,176.46,GBP,Walmart,Shopping,2026-02-28 10:26:06.378410,failed,E001,FR,web,True
49470e7a-4c3e-45ba-95ef-656b3c27f35c,C7623,52.2,JPY,Delta,Shopping,2025-11-08 10:26:06.378414,pending,NONE,US,tablet,False
ae25a0d1-18ca-4233-8209-1a359627beaf,C8011,411.06,USD,Target,Electronics,2026-07-01 10:26:06.378417,failed,E003,DE,tablet,True
2124998e-8bb2-4e69-ab1b-f4f9eac26a2c,C3157,13.56,USD,Walmart,Groceries,2026-04-09 10:26:06.378421,success,NONE,US,web,False
9eb90cd6-c291-4285-9b8f-d2ff3bc1c606,C8838,348.22,EUR,Starbucks,Groceries,2025-09-28 10:26:06.378424,pending,NONE,UK,web,False
051364a9-090b-4402-bb03-3edc354a497d,C2840,84.11,JPY,Apple,Electronics,2026-03-03 10:26:06.378428,pending,NONE,UK,tablet,False
36d8f5ec-c4e8-4cf6-b79b-720c3b6526f6,C8079,377.44,EUR,Costco,Groceries,2026-04-16 10:26:06.378432,success,NONE,DE,tablet,False
9b436c47-45ad-4953-8774-db492e9c3ebc,C5338,25.05,JPY,Target,Dining,2025-11-25 10:26:06.378435,pending,NONE,FR,mobile,False
3d87124e-62f9-486e-9202-5cb626564c89,C1938,98.14,EUR,Uber,Shopping,2026-06-13 10:26:06.378439,failed,E002,DE,tablet,True
6c6183ca-2626-4ded-a059-cb750118d1f4,C3386,436.51,GBP,Delta,Utilities,2026-02-09 10:26:06.378443,success,NONE,US,web,False
d64d145f-0a90-4433-a222-384d0d3ffa6a,C4539,231.47,USD,Walmart,Travel,2025-11-10 10:26:06.378447,failed,E003,FR,tablet,True
e55066f4-0b73-484f-83bd-b2144195e1bc,C2760,188.59,JPY,Walmart,Dining,2026-04-25 10:26:06.378450,pending,NONE,DE,web,False
5c06d515-be20-4b97-8799-9f2b11880bc6,C4196,126.91,USD,Amazon,Dining,2026-08-28 10:26:06.378454,pending,NONE,DE,mobile,False
c4ca6b93-7783-4947-8351-19a8eaa13638,C8432,494.35,JPY,Target,Groceries,2025-09-08 10:26:06.378458,success,NONE,UK,mobile,False
c6beebc3-a0b1-4534-a480-02e807780212,C7624,385.86,GBP,Amazon,Shopping,2025-11-12 10:26:06.378461,pending,NONE,FR,mobile,False
489b8be2-b34d-47d1-a24b-ae669f518067,C6940,8.72,EUR,Costco,Shopping,2025-10-13 10:26:06.378466,pending,NONE,UK,tablet,False
0b5605ba-3187-4830-b1f2-40f660dd1079,C6962,108.71,JPY,Apple,Groceries,2026-06-25 10:26:06.378470,success,NONE,FR,mobile,False
5ee830ac-47d6-4daf-9b62-4336f1715959,C4500,412.12,JPY,Walmart,Electronics,2026-01-25 10:26:06.378473,success,NONE,US,mobile,False
d56b80fe-767d-44a8-b381-01a8405de938,C1415,272.6,JPY,Apple,Electronics,2026-03-14 10:26:06.378477,pending,NONE,US,tablet,False
cb7aeb68-e481-417c-adef-2c07e90f9dbb,C6478,186.66,EUR,Walmart,Travel,2026-04-04 10:26:06.378481,success,NONE,DE,web,False
b454b0ac-4f7d-41c5-ae18-b7c264f54dc3,C3452,336.24,USD,Starbucks,Utilities,2025-12-25 10:26:06.378484,failed,E001,US,tablet,True
e61a262a-e6f9-410e-8bea-4f04953050bd,C6475,486.17,USD,Uber,Dining,2025-12-29 10:26:06.378488,success,NONE,FR,mobile,False
094781d7-867b-4a93-beeb-a954b1ba0e92,C9315,189.59,GBP,Apple,Travel,2026-03-11 10:26:06.378491,failed,NONE,FR,mobile,True
ae7eb74a-b9d3-4338-a8a5-bd35a3654d74,C7046,364.6,JPY,Uber,Groceries,2026-01-16 10:26:06.378495,pending,NONE,FR,mobile,False
8379543a-c8f6-4c66-9e22-22f9c9ddce6a,C5835,116.65,USD,Amazon,Utilities,2025-12-15 10:26:06.378499,failed,NONE,UK,web,True
2ead6b66-d40e-4b6c-8e6c-530717854b70,C6473,135.97,JPY,Delta,Electronics,2026-01-26 10:26:06.378502,success,NONE,US,mobile,False
cd83744e-63ff-465e-bd75-9f81e1949c99,C8142,446.14,EUR,Costco,Groceries,2025-10-06 10:26:06.378506,pending,NONE,DE,tablet,False
77e9c19a-1abe-4e70-bd76-bc8aa69e45a0,C4435,347.87,GBP,Costco,Groceries,2025-10-30 10:26:06.378509,pending,NONE,FR,tablet,False
ba2aea2d-1c2d-47ce-a9a6-36c7888fe5c2,C1848,149.12,GBP,Target,Groceries,2026-07-12 10:26:06.378513,success,NONE,DE,tablet,False
4ce73b3e-fab9-46e0-bb8e-5169b4cfca7d,C8670,94.19,EUR,Delta,Electronics,2026-05-30 10:26:06.378517,failed,E003,UK,tablet,True
de073db6-f6d4-41fd-a4f3-17223ac05031,C3424,224.89,EUR,Costco,Travel,2026-05-07 10:26:06.378521,pending,NONE,CA,tablet,False
c36bf728-40e5-4b23-aa8a-654cb2c51a4f,C1486,167.78,EUR,Apple,Utilities,2026-02-27 10:26:06.378525,pending,NONE,US,mobile,False
70ccc6f2-2b45-4642-a21c-42af113d9f35,C8403,474.21,USD,Apple,Groceries,2026-02-02 10:26:06.378529,pending,NONE,UK,web,False
838cdd85-b577-4021-ab74-59fca3f22153,C5799,20.99,JPY,Uber,Dining,2026-03-25 10:26:06.378532,pending,NONE,UK,mobile,False
c3b68dd0-05b3-4054-b0bb-937fca52ae04,C5904,14.59,EUR,Costco,Groceries,2026-04-20 10:26:06.378536,failed,E003,UK,web,True
4717293e-b4bb-4a48-98a2-da68da689abe,C4327,446.1,GBP,Walmart,Shopping,2026-02-07 10:26:06.378540,success,NONE,CA,web,False
7d9a7880-60de-439c-8309-b9251bad8bed,C5297,122.05,GBP,Target,Travel,2026-06-24 10:26:06.378543,pending,NONE,FR,mobile,False
c75afce3-9686-4031-b6ba-32d07a624734,C2135,354.85,EUR,Apple,Electronics,2026-06-01 10:26:06.378547,failed,NONE,CA,mobile,True
4b6a8550-8a41-45ef-abb2-f44657f2a013,C3240,93.81,USD,Apple,Dining,2026-06-11 10:26:06.378551,success,NONE,CA,tablet,False
53068e3e-d61e-4def-a3c2-dd952fa807b3,C4378,84.49,JPY,Starbucks,Shopping,2025-12-28 10:26:06.378554,failed,E003,FR,tablet,True
379d5837-3ce0-493e-81b0-b11525511912,C7289,125.51,EUR,Amazon,Dining,2026-02-03 10:26:06.378558,success,NONE,CA,mobile,False
c775209f-4274-4728-8a02-db4ee0561334,C9947,137.73,GBP,Apple,Groceries,2026-06-05 10:26:06.378561,success,NONE,DE,tablet,False
05c14abd-d694-43fc-8ebd-31612cb0b462,C3043,19.07,JPY,Target,Groceries,2026-01-25 10:26:06.378565,failed,E003,US,tablet,True
35c144a4-70e3-41c8-95dc-00d5949c7f80,C5213,85.5,USD,Starbucks,Shopping,2025-11-25 10:26:06.378568,pending,NONE,CA,web,False
b91e6cbc-4fe3-41e0-b917-e1f9cf4857dd,C6745,171.89,USD,Costco,Travel,2026-06-04 10:26:06.378572,pending,NONE,US,mobile,False
03538387-8a22-4974-bec0-85941d2c6290,C7302,286.5,USD,Target,Dining,2025-10-25 10:26:06.378576,success,NONE,US,mobile,False
8c3e62b5-f4d1-49ba-a35a-36e8de4c1295,C5444,491.69,JPY,Amazon,Shopping,2026-08-10 10:26:06.378579,failed,E002,FR,tablet,True
d9e9027e-b2c6-4780-aef8-1d0055616e93,C2144,364.87,USD,Amazon,Utilities,2026-04-27 10:26:06.378583,pending,NONE,CA,tablet,False
d99ebeaf-2545-464e-8b27-31f373ebed5b,C4686,468.53,JPY,Uber,Electronics,2026-03-19 10:26:06.378586,pending,NONE,US,tablet,False
569c8ac4-0cdf-4759-a9b8-1470fb43864a,C9860,42.05,JPY,Target,Groceries,2026-02-11 10:26:06.378590,pending,NONE,DE,web,False
687af45e-3fee-496f-ad5a-194d724226d7,C5948,235.98,JPY,Uber,Dining,2025-10-10 10:26:06.378594,success,NONE,JP,mobile,False
0195dc2c-55cf-4a35-b708-c20bbc167b45,C9346,194.39,EUR,Apple,Travel,2026-05-18 10:26:06.378598,success,NONE,US,tablet,False
fb1d2c17-ac7c-4e17-8c22-d05b84a77115,C4056,354.86,JPY,Apple,Groceries,2025-11-01 10:26:06.378601,failed,NONE,JP,mobile,True
9d845ee1-f4a8-4b45-a4b4-752a14c65750,C2936,116.3,USD,Apple,Shopping,2026-05-26 10:26:06.378605,failed,NONE,UK,tablet,True
26a4aa89-2c74-40a9-ade1-e3ae34be9a15,C2501,469.05,EUR,Amazon,Shopping,2025-09-20 10:26:06.378609,success,NONE,CA,tablet,False
2b781be5-fcea-4a94-a983-466840d81ae1,C2765,202.94,GBP,Amazon,Utilities,2026-06-10 10:26:06.378613,success,NONE,FR,tablet,False
0a8694c4-8dce-4db4-9a6e-09ca865d4c26,C4154,396.41,EUR,Costco,Utilities,2026-06-27 10:26:06.378617,pending,NONE,DE,mobile,False
c7213e31-ec83-478a-b690-e305e81f8f76,C9693,9.0,JPY,Walmart,Travel,2025-11-26 10:26:06.378621,failed,NONE,US,web,True
1b3ed6ec-7dbb-4ba2-b485-25540ef44e07,C8712,349.58,EUR,Delta,Utilities,2025-12-11 10:26:06.378624,success,NONE,FR,web,False
91a3bb50-897a-4481-84c2-de6f2d0854f2,C5817,24.76,GBP,Apple,Utilities,2026-03-18 10:26:06.378628,failed,E003,DE,mobile,True
661dc469-1819-408e-b3e7-2e74ef2a23bc,C8452,447.28,USD,Target,Dining,2025-11-26 10:26:06.378632,success,NONE,FR,web,False
644bf381-6026-4766-9650-ec4d6f005790,C7608,111.25,GBP,Uber,Utilities,2026-04-20 10:26:06.378636,pending,NONE,UK,tablet,False
7a430a93-b2b9-46c2-ba76-72af2d018e75,C8808,13.81,USD,Starbucks,Dining,2026-01-23 10:26:06.378639,pending,NONE,DE,mobile,False
38f18830-8ff8-4d72-b061-59c9d726abdd,C2485,356.19,JPY,Target,Dining,2026-08-09 10:26:06.378643,failed,E001,FR,tablet,True
d13c1e42-2f41-4ece-90ca-9095485b1bf0,C3732,52.24,JPY,Target,Dining,2026-04-03 10:26:06.378647,failed,E002,CA,mobile,True
f7315b8e-f09f-46e1-a71d-25035094a3ee,C1347,348.86,JPY,Target,Dining,2025-09-20 10:26:06.378650,failed,E001,FR,mobile,True
6a2be22f-0423-409d-826e-e50fc477a797,C1927,440.53,EUR,Delta,Travel,2026-08-25 10:26:06.378654,failed,E001,FR,tablet,True
4b4bf555-f73a-4841-94cb-fb8150d10f78,C8053,433.06,GBP,Costco,Dining,2026-08-07 10:26:06.378658,pending,NONE,CA,web,False
1a57b473-c930-4dc2-bc35-e77175679fd9,C4272,160.42,EUR,Apple,Electronics,2026-06-11 10:26:06.378662,pending,NONE,US,tablet,False
1db06717-f2c9-4c6e-b6f9-61ee9683848d,C1371,471.24,GBP,Uber,Groceries,2025-10-15 10:26:06.378665,pending,NONE,FR,mobile,False
d0a8a319-cdd0-4355-b86a-c804f31c1c3e,C6026,293.28,EUR,Target,Electronics,2025-11-17 10:26:06.378669,success,NONE,FR,tablet,False
14908c0b-482c-44a2-b461-97e21e3976a0,C8870,11.64,EUR,Uber,Electronics,2025-11-10 10:26:06.378673,success,NONE,US,mobile,False
43cbcd50-faa3-4d67-8721-77019d201a80,C5179,200.07,USD,Target,Dining,2026-06-07 10:26:06.378676,failed,E003,CA,web,True
816239ba-cd02-4e1f-9dd7-30cce42b93cf,C1595,421.41,EUR,Starbucks,Travel,2026-04-18 10:26:06.378680,success,NONE,US,web,False
4320dc2e-7af2-42d8-92a3-56c5c2971b37,C5324,428.33,JPY,Target,Travel,2026-08-23 10:26:06.378684,failed,NONE,DE,mobile,True
ec0d2678-2e50-4fca-aca0-07cc7cd79adc,C7894,201.53,EUR,Apple,Dining,2026-06-25 10:26:06.378688,failed,E003,DE,web,True
a4375bc9-437a-4ec2-b8e2-0c4b6bb9ca27,C1210,243.89,EUR,Walmart,Utilities,2026-03-10 10:26:06.378691,success,NONE,US,web,False
7849e452-ae85-4f30-b22d-d0cb51361a45,C2466,458.12,USD,Walmart,Utilities,2026-04-06 10:26:06.378695,failed,NONE,FR,tablet,True
b8c64c53-f18c-4083-83ee-d6ea84d91d3a,C6006,266.91,USD,Starbucks,Travel,2026-04-23 10:26:06.378705,pending,NONE,CA,tablet,False
c65728fe-7762-47bb-aebf-9023bdcf1b02,C8520,71.45,GBP,Delta,Utilities,2025-09-16 10:26:06.378709,failed,E001,FR,mobile,True
774e20ed-8e5e-4733-87aa-02e2e4bf4768,C8659,49.92,EUR,Target,Electronics,2026-04-07 10:26:06.378713,pending,NONE,CA,mobile,False
5abeda51-ec6e-496b-afca-6ab0ad790b08,C5941,214.37,USD,Starbucks,Dining,2025-09-06 10:26:06.378716,failed,E003,DE,web,True
b2cc7478-f894-4ebd-bdf4-066182b92eee,C2796,433.08,GBP,Uber,Travel,2025-11-16 10:26:06.378720,success,NONE,UK,tablet,False
750baca8-fa9a-4370-a0f7-fc23beb35a49,C9925,51.03,JPY,Amazon,Dining,2025-11-25 10:26:06.378724,pending,NONE,UK,mobile,False
e2bd897d-f54c-490a-8762-4b1f9a1c5a2c,C1897,482.15,GBP,Walmart,Utilities,2026-02-22 10:26:06.378727,pending,NONE,UK,mobile,False
c80ffbc9-b222-4a87-94e6-c2594d68a919,C8656,208.11,EUR,Costco,Utilities,2025-11-05 10:26:06.378731,success,NONE,UK,web,False
b5686789-2f5b-469b-95d3-242a67f2d722,C7381,303.99,JPY,Amazon,Electronics,2026-09-01 10:26:06.378735,failed,E003,US,tablet,True
61faf106-cbe3-4a1c-947b-be827e9d4a8f,C4702,109.16,EUR,Apple,Electronics,2026-03-30 10:26:06.378738,pending,NONE,FR,web,False
734e9eba-2c64-4cc0-850c-53b561522f26,C2074,338.27,GBP,Delta,Electronics,2025-10-31 10:26:06.378742,pending,NONE,US,web,False
0389892a-eeff-44af-ab3f-246146648873,C2365,28.9,GBP,Walmart,Groceries,2025-10-07 10:26:06.378745,pending,NONE,DE,web,False
94a8a082-14a5-4805-a232-1f5a895a3462,C4661,499.83,EUR,Delta,Electronics,2026-02-20 10:26:06.378749,success,NONE,CA,tablet,False
a8630463-aa9d-4aa4-b772-ad63776f1863,C2422,316.59,GBP,Apple,Groceries,2025-10-02 10:26:06.378753,pending,NONE,UK,mobile,False
ace905ae-a9c4-4778-b548-7789723c1df8,C2995,493.36,EUR,Delta,Travel,2026-01-30 10:26:06.378757,success,NONE,DE,web,False
69e94bd9-8b2d-46e9-86a4-6eb7ea76f3b8,C4403,242.98,USD,Apple,Shopping,2026-05-23 10:26:06.378760,success,NONE,DE,web,False
0a519585-6490-4e4e-b452-74753d026fb0,C9115,22.02,USD,Costco,Dining,2025-10-04 10:26:06.378764,pending,NONE,UK,mobile,False
bf06ed31-02c7-4933-b3c4-32af6cadf143,C3321,373.47,JPY,Delta,Utilities,2025-12-04 10:26:06.378769,success,NONE,FR,mobile,False
0e7e8b60-8c21-407a-b695-0e06a2a5f5f9,C2613,409.5,USD,Amazon,Dining,2026-03-26 10:26:06.378772,success,NONE,JP,mobile,False
831e9fec-ba09-424c-997b-30974535fb5c,C6360,112.63,JPY,Amazon,Groceries,2026-06-26 10:26:06.378776,pending,NONE,DE,mobile,False
ea313782-85fa-4a4d-b4e9-0d5b3fdb7524,C9076,388.75,GBP,Walmart,Shopping,2026-01-20 10:26:06.378780,failed,NONE,CA,mobile,True
0e20db05-f552-40e0-91ec-3cab7160d617,C6154,400.71,GBP,Walmart,Travel,2025-09-14 10:26:06.378783,pending,NONE,US,web,False
f11b647b-b8ba-46b3-889b-bf59462de8cc,C3696,96.44,GBP,Amazon,Electronics,2025-12-13 10:26:06.378787,failed,E001,CA,web,True
461a2898-c89e-40d6-8469-17faafbe2f55,C6239,94.96,USD,Apple,Utilities,2026-05-27 10:26:06.378791,failed,E001,JP,tablet,True
7ff76e14-f131-440b-a5fb-e8c07782cc32,C7791,251.33,JPY,Starbucks,Utilities,2026-08-08 10:26:06.378795,failed,NONE,DE,web,True
d9dda611-b984-4da9-8c05-6ac16be10882,C6243,74.65,USD,Target,Travel,2026-05-09 10:26:06.378798,pending,NONE,CA,mobile,False
35c4a233-1a97-4ac4-8f73-4e708d9c2076,C8822,393.35,EUR,Walmart,Groceries,2025-09-29 10:26:06.378802,failed,NONE,UK,mobile,True
3c9efa12-7fae-45bd-8cc2-6adb4e95750c,C8245,192.36,JPY,Starbucks,Groceries,2026-07-03 10:26:06.378806,success,NONE,CA,tablet,False
3c479799-16ef-495e-a280-b2a0163875a5,C7688,263.29,USD,Uber,Travel,2025-10-12 10:26:06.378809,pending,NONE,CA,web,False
69d6bff9-f27d-404e-b23e-7266c9b0f4f2,C2431,247.72,JPY,Amazon,Travel,2025-09-14 10:26:06.378813,pending,NONE,CA,tablet,False
25ba10a6-47bf-418c-8b84-0c81ef409af4,C9919,434.22,JPY,Uber,Utilities,2026-04-19 10:26:06.378817,success,NONE,US,web,False
584fba3b-ed2e-46df-97dc-1683ca0dcd0d,C4108,248.84,GBP,Delta,Travel,2026-06-25 10:26:06.378820,failed,E003,UK,tablet,True
ad9acb3f-23aa-4509-9da3-41ec0bdc0cf3,C3349,218.75,GBP,Delta,Shopping,2026-07-25 10:26:06.378824,pending,NONE,UK,tablet,False
12cdbd30-8777-408b-a9e7-c79e1745691b,C8315,87.14,JPY,Apple,Electronics,2026-01-19 10:26:06.378828,pending,NONE,DE,web,False
da915e5b-50f7-4a6e-92ad-954371a6abca,C2257,316.66,GBP,Uber,Groceries,2026-07-21 10:26:06.378831,pending,NONE,CA,mobile,False
187df705-a117-43e1-ab63-3c9d23a5df17,C5371,416.6,GBP,Uber,Groceries,2025-09-05 10:26:06.378835,failed,E002,CA,web,True
c94b7946-67ae-4038-9979-9c8997439395,C7659,288.85,USD,Walmart,Travel,2026-06-14 10:26:06.378839,pending,NONE,US,web,False
ca2fd4fb-15fe-4d26-8641-744bcd9898e2,C8749,127.92,JPY,Starbucks,Shopping,2026-02-26 10:26:06.378842,pending,NONE,US,tablet,False
90a6e458-bc73-40f6-b1b4-b0eda3e985cd,C7673,225.89,JPY,Delta,Groceries,2026-04-13 10:26:06.378846,failed,NONE,DE,mobile,True
71179490-c6fe-4a2c-ac25-8b3ecf537ced,C7233,260.61,JPY,Target,Dining,2025-09-28 10:26:06.378850,success,NONE,US,mobile,False
b9d573f5-a2f6-43ce-b870-3a3cc9d5c315,C2047,195.29,USD,Apple,Electronics,2025-11-12 10:26:06.378853,success,NONE,CA,tablet,False
b4bb85b3-fc85-44da-b0c3-678c07c992f5,C2276,7.87,USD,Uber,Dining,2026-07-13 10:26:06.378857,success,NONE,JP,web,False
84830ea9-b736-4987-be2b-63895ffb2f5f,C4059,18.26,USD,Walmart,Dining,2025-11-25 10:26:06.378861,failed,NONE,CA,tablet,True
32eee1ea-4ca5-4b88-a141-4c5e570212cc,C8493,407.44,GBP,Uber,Shopping,2026-04-17 10:26:06.378864,pending,NONE,FR,tablet,False
1dbb5388-ad2d-47c1-a806-5bee320090ca,C2476,333.86,USD,Target,Utilities,2026-03-08 10:26:06.378868,failed,E002,CA,web,True
a3d074ec-52f8-45a8-8309-75427d06460e,C6102,95.68,JPY,Apple,Dining,2026-06-18 10:26:06.378871,pending,NONE,CA,web,False
551125ac-fa41-49da-b990-d3395392a2af,C9823,359.16,JPY,Amazon,Shopping,2026-08-02 10:26:06.378875,pending,NONE,DE,mobile,False
7c8e9302-a33b-4fa1-84a2-f71f2096fad2,C4664,480.56,EUR,Costco,Shopping,2026-01-20 10:26:06.378879,pending,NONE,JP,mobile,False
96e197f5-838a-4095-98dd-710a8b80f36e,C6319,8.05,USD,Apple,Dining,2026-05-19 10:26:06.378882,success,NONE,DE,web,False
ce524712-7b0b-4c02-8cc5-526dacfdff38,C3909,205.98,GBP,Apple,Electronics,2026-08-22 10:26:06.378886,success,NONE,FR,web,False
b66de42b-3821-463c-a09c-4459b7b305c9,C6284,20.22,GBP,Delta,Dining,2026-03-29 10:26:06.378889,success,NONE,UK,mobile,False
4f50044f-d791-4e9b-a4ce-1e42ebf0f81a,C3134,246.27,EUR,Starbucks,Travel,2025-09-30 10:26:06.378893,success,NONE,US,web,False
273e1761-c5f6-4324-b43d-05832eaf7df4,C7427,396.27,USD,Delta,Shopping,2025-11-07 10:26:06.378896,success,NONE,UK,tablet,False
6742bab3-58b3-41cc-9220-cb3aabbc784c,C7984,327.05,USD,Amazon,Electronics,2026-06-03 10:26:06.378900,pending,NONE,UK,web,False
aed2ad08-5354-40f4-8785-00e44b8c9a8a,C5340,344.56,JPY,Uber,Electronics,2026-02-06 10:26:06.378905,pending,NONE,FR,web,False
4b95f211-dca4-4a9f-a9f8-a0ab33d915ee,C1809,428.44,JPY,Uber,Dining,2025-10-07 10:26:06.378909,pending,NONE,DE,tablet,False
57a8dee8-1367-48c0-8e16-dba5df735f45,C6016,135.68,GBP,Amazon,Dining,2025-12-17 10:26:06.378912,pending,NONE,UK,mobile,False
c8402eca-34bd-4e18-9b8e-379185b1a2ce,C7031,245.52,JPY,Starbucks,Dining,2025-09-13 10:26:06.378917,pending,NONE,FR,mobile,False
75157528-0c41-4198-aad2-c09773354be6,C6524,279.22,JPY,Target,Travel,2026-02-08 10:26:06.378921,pending,NONE,CA,tablet,False
78599181-715e-44d9-9324-49b87b20d1b4,C2838,297.66,EUR,Apple,Electronics,2026-06-23 10:26:06.378924,pending,NONE,FR,mobile,False
8aa09b5f-7739-402a-a399-9f3e9757a118,C2439,166.55,GBP,Apple,Electronics,2026-06-02 10:26:06.378928,failed,E001,JP,web,True
fb0eac78-abc6-4806-a5f1-29e6a603d814,C4583,403.56,EUR,Amazon,Travel,2026-08-01 10:26:06.378932,success,NONE,CA,web,False
4e552a4c-57d4-4aea-aa8b-2515cccbcbfb,C4509,29.42,USD,Costco,Travel,2026-03-03 10:26:06.378935,success,NONE,US,mobile,False
3e79c92e-ba20-4b63-9884-2db251819289,C6213,496.12,JPY,Delta,Electronics,2026-04-13 10:26:06.378939,pending,NONE,US,tablet,False
d21a2a0a-fa00-4c32-b0f3-56c664baf581,C1476,289.48,GBP,Uber,Dining,2025-12-13 10:26:06.378943,failed,E001,FR,mobile,True
83fc1f5a-c4fd-4806-8021-c60e9eeefdbb,C4587,430.73,EUR,Delta,Electronics,2025-09-10 10:26:06.378946,success,NONE,US,tablet,False
57bfb994-949b-4dc1-9e66-f34540991f38,C2237,366.68,JPY,Delta,Electronics,2025-11-28 10:26:06.378950,success,NONE,JP,mobile,False
f8f581d6-ed3b-461b-976b-95f425d661a6,C4392,413.83,USD,Walmart,Utilities,2025-12-06 10:26:06.378954,failed,E001,UK,web,True
96fe68e0-0ac5-44f4-b21a-14c8f7d156cc,C8227,292.76,EUR,Walmart,Groceries,2026-02-07 10:26:06.378957,success,NONE,CA,web,False
ad891d50-afb3-48ba-8e92-f90841bd767d,C8689,142.52,JPY,Amazon,Electronics,2026-01-08 10:26:06.378961,pending,NONE,UK,tablet,False
f2e71837-8bf8-41ac-b8fe-ce669e655734,C9308,463.38,GBP,Delta,Dining,2026-05-16 10:26:06.378965,success,NONE,JP,web,False
564102d7-5eae-48f7-ab8e-42b94f0c36b1,C5767,393.64,GBP,Amazon,Dining,2026-02-16 10:26:06.378968,pending,NONE,UK,tablet,False
70f81248-d08e-481d-af6b-2484b0ab31df,C7996,338.33,JPY,Target,Dining,2026-07-17 10:26:06.378972,pending,NONE,CA,tablet,False
9c4a9036-464c-44f7-9ccd-1416ff675351,C5061,179.4,JPY,Delta,Electronics,2026-03-07 10:26:06.378975,pending,NONE,UK,tablet,False
1a69ab80-9508-4ceb-b60b-18af26d1639b,C9162,466.6,JPY,Amazon,Shopping,2026-01-30 10:26:06.378979,pending,NONE,JP,tablet,False
451b6d85-f920-47f1-b5b5-6b4e6c4646d4,C3547,97.7,JPY,Costco,Electronics,2026-08-12 10:26:06.378983,failed,E001,CA,mobile,True
525aeef5-dec6-47b8-b8dc-b0ab4fd52679,C9336,103.84,USD,Delta,Dining,2026-05-27 10:26:06.378986,success,NONE,JP,tablet,False
39ac3450-c001-4b14-8ae8-e36f06057c72,C9421,406.08,EUR,Delta,Groceries,2025-10-15 10:26:06.378990,failed,NONE,UK,tablet,True
b135417a-46ef-4e43-b673-31ac7a40873a,C1243,255.21,EUR,Uber,Electronics,2026-08-25 10:26:06.378994,failed,E001,CA,tablet,True
5332c5b6-ba31-4e15-8951-e5234a6dd01b,C1800,229.92,JPY,Walmart,Travel,2026-07-13 10:26:06.378997,success,NONE,DE,tablet,False
533c0873-8ad9-45ce-88bb-0651e32d1efc,C6835,45.19,USD,Uber,Electronics,2026-01-22 10:26:06.379001,success,NONE,CA,mobile,False
72437cc5-d3aa-47ed-9605-4efc759e30c2,C4189,32.39,USD,Apple,Utilities,2026-02-10 10:26:06.379005,pending,NONE,CA,tablet,False
d33c19cd-a062-4b54-88c1-83edde8f52ce,C5705,77.0,GBP,Starbucks,Shopping,2026-05-15 10:26:06.379008,success,NONE,DE,mobile,False
f1d0ba2f-53d0-4dcb-bd78-212179321cdf,C6109,90.45,USD,Starbucks,Groceries,2025-12-18 10:26:06.379012,failed,E002,UK,mobile,True
2656cbea-b2fc-4fc6-a6e8-5585c4903eef,C9710,163.37,EUR,Costco,Dining,2026-06-28 10:26:06.379015,failed,E003,CA,web,True
4ad1e1ce-d1d8-494a-bd44-f0a8c6bc7460,C9879,109.38,EUR,Apple,Dining,2025-11-17 10:26:06.379019,success,NONE,CA,mobile,False
5692eb47-4add-4890-9d53-a5e7d56fe3fb,C7580,317.01,JPY,Walmart,Utilities,2025-10-18 10:26:06.379023,pending,NONE,JP,tablet,False
b608daf7-2edf-4f9d-b1d4-8412d094b708,C4777,422.43,USD,Starbucks,Dining,2026-01-17 10:26:06.379026,pending,NONE,CA,web,False
4006b659-4d45-4ac1-be16-58c6901239c8,C6252,474.79,EUR,Starbucks,Travel,2026-07-09 10:26:06.379031,failed,E002,DE,tablet,True
6d5c47ef-fe39-41e5-bfbe-d99dc6b9ecdd,C4820,254.46,USD,Starbucks,Travel,2026-01-05 10:26:06.379035,failed,E002,CA,tablet,True
ec5fd327-dabe-46ad-af9a-6b6d6a3066b2,C2317,231.7,JPY,Delta,Groceries,2026-06-08 10:26:06.379039,success,NONE,CA,web,False
d0c63165-6943-4119-b5e1-0a1a98759445,C9024,76.76,JPY,Target,Dining,2026-06-07 10:26:06.379042,success,NONE,JP,mobile,False
93695a27-b591-4eae-afbd-2c2b31e911a6,C4718,379.41,EUR,Amazon,Electronics,2026-02-13 10:26:06.379046,success,NONE,FR,mobile,False
2099584b-fbf0-4421-8bd1-f913ab30513f,C6295,318.28,USD,Target,Utilities,2026-02-23 10:26:06.379050,success,NONE,UK,mobile,False
fc373896-570d-49b3-8a91-492926d9d042,C1586,237.17,JPY,Starbucks,Shopping,2026-04-20 10:26:06.379053,success,NONE,FR,mobile,False
026a4a39-58bd-4291-85a6-976cb0bfd78c,C5343,416.8,GBP,Amazon,Dining,2025-09-05 10:26:06.379057,pending,NONE,DE,tablet,False
b7132b0b-1e27-41d0-87c2-753d5907220b,C5265,58.76,USD,Amazon,Dining,2025-11-16 10:26:06.379061,success,NONE,UK,web,False
3d8f80ab-68a4-43ac-a403-fd5ce0895825,C8484,427.66,JPY,Delta,Dining,2026-01-30 10:26:06.379065,pending,NONE,FR,tablet,False
b482ef2c-4b5a-4b7f-9d6d-e95436a7b0e2,C5547,29.16,JPY,Costco,Travel,2025-12-23 10:26:06.379069,success,NONE,DE,web,False
7c068d49-caa1-4719-b59b-04d9f975627c,C6595,34.94,USD,Apple,Electronics,2026-08-19 10:26:06.379072,failed,NONE,DE,web,True
6c28d5ce-501d-4deb-b2ba-98f7a7993d49,C5135,181.08,JPY,Delta,Utilities,2025-11-02 10:26:06.379076,pending,NONE,FR,mobile,False
361f3dbf-9ab1-46f7-a9de-e28bb40f1508,C3728,478.02,GBP,Uber,Groceries,2026-03-16 10:26:06.379080,pending,NONE,US,web,False
1495d717-eef0-46cc-821c-052b321ae93b,C1200,22.79,USD,Starbucks,Shopping,2025-09-30 10:26:06.379083,pending,NONE,US,web,False
a051b14c-113e-4bd5-880d-ef82cd8d14ed,C5997,123.05,GBP,Amazon,Utilities,2026-04-05 10:26:06.379087,pending,NONE,US,tablet,False
13fa3fad-4776-4274-833a-07fa4bd5c1ea,C2435,291.83,JPY,Target,Electronics,2025-11-13 10:26:06.379091,pending,NONE,DE,mobile,False
a7a470e8-6142-4817-baee-cad713f647a7,C5806,138.68,USD,Amazon,Dining,2026-07-16 10:26:06.379094,failed,NONE,DE,tablet,True
6f2c1539-0a8f-44c1-a3ac-ac532c7417b8,C9943,219.99,EUR,Costco,Dining,2026-07-19 10:26:06.379098,success,NONE,CA,web,False
420ea64f-99c4-436a-bcfb-0a81367fbf75,C8301,18.88,USD,Target,Groceries,2026-06-20 10:26:06.379102,pending,NONE,UK,web,False
89956a1e-0791-4e50-b673-465924c1a4b3,C4394,307.58,GBP,Delta,Groceries,2026-01-24 10:26:06.379105,failed,E003,JP,mobile,True
009e56ab-8ea8-4d23-8e36-65031b8395f5,C1419,442.03,EUR,Walmart,Shopping,2026-04-07 10:26:06.379109,success,NONE,CA,mobile,False
9baf0515-6c6c-4263-ac1a-9712415ee502,C3340,305.54,JPY,Costco,Dining,2026-08-24 10:26:06.379113,success,NONE,CA,web,False
48fd470f-e1fb-4709-9235-9d34a36354cd,C4478,84.44,EUR,Apple,Shopping,2026-08-27 10:26:06.379116,failed,E003,FR,tablet,True
84d673c7-8cff-44f8-9188-ff872b2f2607,C9070,281.22,EUR,Amazon,Utilities,2026-01-10 10:26:06.379120,success,NONE,FR,web,False
cfe5d9a6-03ee-4316-acbf-cad1da7c5a37,C9482,405.27,EUR,Costco,Travel,2026-02-22 10:26:06.379124,failed,E002,US,mobile,True
5f1bc786-df83-4ed2-a3c4-0f36ef506b76,C2827,161.25,JPY,Delta,Shopping,2025-09-19 10:26:06.379127,success,NONE,US,web,False
629112b8-4c5f-4fc8-bb33-b9a7b9069547,C6087,72.85,EUR,Delta,Groceries,2025-10-20 10:26:06.379131,failed,NONE,US,mobile,True
e1b7e1a2-98ea-4fc3-a699-f95494692efe,C1834,269.37,JPY,Costco,Utilities,2025-09-09 10:26:06.379134,success,NONE,CA,mobile,False
621e9d94-e969-459d-bedb-ce8c7d9a2107,C7082,283.95,EUR,Target,Dining,2025-12-22 10:26:06.379138,success,NONE,UK,tablet,False
271927cc-c585-433d-b5e1-e5a6dde6efe2,C7057,373.92,EUR,Starbucks,Electronics,2026-01-17 10:26:06.379142,success,NONE,FR,mobile,False
faba96b2-f5d7-4c73-9a4a-37f971d5c23a,C5465,223.23,GBP,Target,Travel,2026-08-09 10:26:06.379145,failed,E003,UK,tablet,True
ca2cc1fd-3a01-423b-ab29-e6c9d109a6c8,C3117,290.97,GBP,Delta,Dining,2026-03-08 10:26:06.379149,failed,E003,CA,tablet,True
25cfae5b-6a95-433c-9620-a7ae82146105,C7162,418.54,JPY,Delta,Utilities,2026-06-26 10:26:06.379153,failed,E003,US,mobile,True
24d5189e-c944-4e4c-8693-62f200364632,C2381,440.65,EUR,Target,Travel,2025-10-18 10:26:06.379157,failed,E002,DE,mobile,True
2df73b63-1a2b-4d58-871a-a520a140e582,C7135,76.68,USD,Target,Travel,2025-10-14 10:26:06.379160,pending,NONE,US,mobile,False
42d5a0e2-0dfb-4888-ad1e-146f7a36a36f,C8388,425.99,EUR,Apple,Dining,2026-05-06 10:26:06.379164,success,NONE,CA,mobile,False
433fe997-cb3a-404d-9bce-beb1093557dd,C2722,127.09,GBP,Target,Utilities,2026-06-07 10:26:06.379167,pending,NONE,UK,web,False
fc93f1e6-d151-4c51-8aae-6f90068dcdb9,C7118,490.65,JPY,Amazon,Shopping,2026-06-24 10:26:06.379171,failed,E002,US,web,True
30c2b9f5-52cb-4945-9fe5-c6b096482bdd,C2683,311.62,GBP,Amazon,Dining,2025-09-27 10:26:06.379175,failed,E002,UK,tablet,True
44567a28-2eaf-4540-b049-a49f6dfe87d9,C9399,20.03,USD,Amazon,Electronics,2025-09-04 10:26:06.379178,pending,NONE,FR,tablet,False
7cba6131-11e1-47d3-b56b-4dfc62a4b59c,C4560,162.4,GBP,Target,Dining,2026-04-01 10:26:06.379182,success,NONE,CA,web,False
3429fd7d-af81-4a18-8040-b3df0f329d94,C4158,167.29,JPY,Target,Dining,2026-08-07 10:26:06.379186,pending,NONE,JP,tablet,False
1018e19e-f3d8-4b15-a83f-610dacc992fb,C2931,499.74,JPY,Delta,Electronics,2025-09-07 10:26:06.379189,pending,NONE,UK,tablet,False
c95e0dff-0908-4d32-aa9b-315e07d6cfe0,C1887,197.49,USD,Delta,Travel,2026-05-19 10:26:06.379193,pending,NONE,DE,tablet,False
a9a3a44c-dafd-4890-8260-86cb4a9592f7,C7156,441.51,GBP,Starbucks,Utilities,2026-08-01 10:26:06.379197,failed,E002,JP,mobile,True
64a0c1fe-4204-42c5-a337-b13cceffefe4,C6996,13.77,USD,Costco,Travel,2025-10-06 10:26:06.379200,failed,NONE,UK,web,True
02bddc65-3b58-4032-acee-3caac09ab0cd,C5644,387.43,USD,Apple,Electronics,2025-10-24 10:26:06.379204,success,NONE,CA,web,False
3e6b7bfd-3abb-4114-a4c2-8fc4fac2b7a5,C5079,464.9,USD,Uber,Electronics,2026-01-05 10:26:06.379208,success,NONE,DE,mobile,False
fcc25c61-931d-4b69-917c-53d8e2b637f4,C9466,222.82,JPY,Starbucks,Groceries,2025-12-27 10:26:06.379212,success,NONE,JP,web,False
66b3f5b6-dd70-4c14-a857-d672d8a0d38d,C9044,167.06,USD,Apple,Groceries,2026-07-23 10:26:06.379216,pending,NONE,CA,web,False
ead1921d-6f0f-4214-8df5-253848816507,C4108,475.59,GBP,Amazon,Electronics,2025-11-26 10:26:06.379219,pending,NONE,CA,web,False
9f5ed2ac-1f0a-407c-9040-3455ac831eac,C7661,99.3,JPY,Costco,Utilities,2026-02-21 10:26:06.379223,success,NONE,CA,web,False
391c7d55-9070-42e6-a82b-8d8b64860dd7,C2534,409.37,EUR,Uber,Electronics,2026-07-25 10:26:06.379227,success,NONE,FR,tablet,False
447e65a2-79e4-48c6-abc8-5f60728541df,C2370,170.36,USD,Target,Electronics,2026-06-07 10:26:06.379230,pending,NONE,JP,web,False
a6c72b15-a281-4b8f-8aa5-2b4e5213979d,C4115,166.1,GBP,Starbucks,Shopping,2025-12-23 10:26:06.379234,pending,NONE,US,mobile,False
cba63352-8ec2-4d72-a7fe-5b392d0df8a4,C2892,403.68,GBP,Target,Dining,2026-04-19 10:26:06.379237,success,NONE,DE,tablet,False
483289b1-caa4-4228-b16a-43aa021080c3,C7772,57.87,EUR,Starbucks,Dining,2026-06-15 10:26:06.379241,failed,E001,DE,mobile,True
1cbff4d3-8918-4a64-b1cf-5897b2ce10ed,C2323,56.67,USD,Apple,Travel,2026-03-20 10:26:06.379245,failed,E001,CA,mobile,True
bba71b00-9c97-4cd0-ae13-fdb32ea28e93,C3158,56.17,EUR,Uber,Shopping,2026-04-11 10:26:06.379248,failed,NONE,DE,web,True
c137f8f4-c6b4-4935-aed2-273ce307d09f,C6646,92.81,EUR,Starbucks,Utilities,2026-08-22 10:26:06.379252,success,NONE,DE,web,False
1393a58a-aa32-4b56-ae4f-b19c0aca4ad1,C4390,465.05,EUR,Costco,Electronics,2026-04-06 10:26:06.379255,success,NONE,JP,tablet,False
ad586dfe-37f8-4860-84d1-cf49a3a14e2b,C4911,292.4,USD,Walmart,Groceries,2026-06-09 10:26:06.379260,failed,E001,CA,web,True
500d6119-1947-40e3-8067-f715cd491540,C7324,203.44,JPY,Apple,Travel,2026-03-13 10:26:06.379264,failed,E001,UK,mobile,True
29e5f0e8-c041-4238-b241-b53326a9278d,C9200,200.74,JPY,Amazon,Electronics,2026-04-23 10:26:06.379269,success,NONE,US,tablet,False
be832d26-8bdc-4a86-acd3-eefac4883589,C5976,181.47,JPY,Starbucks,Dining,2026-04-19 10:26:06.379273,pending,NONE,US,tablet,False
dde57c27-a838-439c-a110-298f6f40e8e1,C3994,327.86,GBP,Delta,Shopping,2025-11-30 10:26:06.379276,pending,NONE,UK,web,False
48f8edb7-ec79-4bad-a83e-08818b517a66,C5914,199.45,EUR,Amazon,Shopping,2026-03-02 10:26:06.379280,success,NONE,DE,tablet,False
9e125a9a-9ef1-4ddd-ad6e-5fcb62b719e6,C5115,402.36,USD,Costco,Travel,2026-03-21 10:26:06.379284,success,NONE,US,mobile,False
2ab45a16-c785-4a8b-ab74-1687806dc3a8,C3873,346.16,GBP,Uber,Electronics,2026-05-21 10:26:06.379288,success,NONE,FR,mobile,False
41eda11a-60d3-4a79-bf86-615b43d89b43,C5002,332.32,GBP,Starbucks,Shopping,2026-01-12 10:26:06.379292,failed,E001,US,mobile,True
dade6f90-3579-48f1-94a5-5acf8776d7f9,C5646,378.66,GBP,Starbucks,Electronics,2026-02-19 10:26:06.379295,success,NONE,UK,mobile,False
a780b63b-2f89-4f29-a96b-bb4e900c9786,C6393,435.9,USD,Amazon,Shopping,2026-05-07 10:26:06.379299,pending,NONE,CA,tablet,False
f962ad3c-722e-4852-b213-41862a462951,C3852,307.22,USD,Uber,Groceries,2026-06-28 10:26:06.379303,failed,NONE,DE,tablet,True
ff379cf7-b958-4019-a990-c60bd00f4fef,C9432,248.33,GBP,Costco,Shopping,2026-05-22 10:26:06.379306,pending,NONE,JP,mobile,False
6d892535-b158-4c95-bdd1-cbfb3b6e34be,C4805,487.86,JPY,Uber,Utilities,2025-10-03 10:26:06.379310,success,NONE,UK,mobile,False
d70012e0-cfda-40fb-aa8e-c9465cf4dbc1,C4127,245.7,EUR,Starbucks,Electronics,2026-01-21 10:26:06.379314,pending,NONE,UK,web,False
df3205b2-4891-44b0-9723-98084fb9a391,C4382,177.38,GBP,Target,Travel,2025-09-02 10:26:06.379317,success,NONE,FR,web,False
e642d215-3bf7-4e01-ae7b-b434b62850e5,C5146,485.99,GBP,Delta,Shopping,2026-06-21 10:26:06.379321,failed,E001,CA,tablet,True
86577035-edc9-42c6-9606-40bdd9065cee,C5254,141.13,GBP,Uber,Groceries,2026-01-06 10:26:06.379324,failed,E002,US,tablet,True
8b08fe02-3860-4e7b-8bc8-ac56049df61e,C2012,62.46,JPY,Costco,Dining,2025-11-26 10:26:06.379328,success,NONE,FR,tablet,False
261b0827-f053-49aa-9f3e-8e01cd8edb1f,C9297,40.7,EUR,Apple,Groceries,2025-12-22 10:26:06.379332,success,NONE,JP,web,False
b8668832-4cc7-43c2-9bfe-1eef8189f066,C7977,221.89,JPY,Walmart,Dining,2026-05-06 10:26:06.379335,failed,E002,FR,mobile,True
04b8d4a8-5056-4d3e-ab70-2a09c462599f,C5436,239.65,USD,Starbucks,Groceries,2026-08-22 10:26:06.379339,success,NONE,US,tablet,False
74cd5e46-068f-4946-abe9-f0988cf08603,C4104,13.67,JPY,Apple,Utilities,2025-10-13 10:26:06.379342,success,NONE,US,tablet,False
f190e572-6d98-4fdb-a634-6a3b6749a326,C1425,268.83,JPY,Costco,Dining,2025-11-24 10:26:06.379346,success,NONE,FR,web,False
e4f1795e-76b3-4557-99d3-33feb05d8f8c,C5322,141.55,GBP,Walmart,Utilities,2026-03-03 10:26:06.379350,failed,E002,DE,web,True
a501d5a3-22c2-4d2f-8b2c-3eadc1c1ef80,C2453,61.68,USD,Starbucks,Dining,2026-05-20 10:26:06.379354,success,NONE,UK,web,False
c2199bb1-3a75-4873-9b7b-32e11d38b1c4,C1877,131.76,USD,Walmart,Dining,2025-09-06 10:26:06.379358,failed,NONE,JP,tablet,True
9ced32e1-f853-4cf0-a36f-295ee245120a,C7218,209.05,USD,Amazon,Shopping,2025-09-18 10:26:06.379362,failed,E003,CA,mobile,True
f9d09f1f-47b9-4376-a823-4ce79a4f5cf0,C8035,10.31,JPY,Delta,Utilities,2026-08-04 10:26:06.379366,success,NONE,JP,mobile,False
94398629-3910-49b9-87ed-e8a2c660232f,C2640,349.27,USD,Walmart,Shopping,2026-08-23 10:26:06.379369,failed,E003,JP,tablet,True
c93a3581-acf0-4ab5-9a73-f0ef22c0c6e4,C4226,250.65,USD,Target,Electronics,2026-06-19 10:26:06.379373,pending,NONE,FR,tablet,False
97260cf3-8b23-4a3c-ab4d-8e83769742df,C4085,323.01,EUR,Amazon,Travel,2025-11-07 10:26:06.379377,pending,NONE,US,mobile,False
80edbf76-80c4-43c1-9144-4971feb01506,C8473,386.93,USD,Amazon,Utilities,2026-06-02 10:26:06.379380,pending,NONE,JP,mobile,False
a856688d-740e-4b8b-abe7-9058081c1a28,C8492,84.33,USD,Apple,Groceries,2026-01-22 10:26:06.379384,success,NONE,US,mobile,False
2a946574-d619-423e-9a76-3d2f077c3167,C1666,498.0,EUR,Target,Groceries,2026-05-31 10:26:06.379388,success,NONE,FR,tablet,False
cafaae4a-ec9e-4680-a5fe-2bf3540cd07c,C1148,426.08,USD,Costco,Groceries,2025-12-31 10:26:06.379391,pending,NONE,FR,tablet,False
ca979131-0e7b-4e93-98c5-58d85f379150,C6863,434.15,USD,Delta,Utilities,2026-06-23 10:26:06.379395,pending,NONE,UK,web,False
c8b9f3e3-1c5c-48a1-8067-4369369f14f1,C3071,256.62,EUR,Apple,Electronics,2026-06-25 10:26:06.379398,failed,NONE,UK,web,True
c2fbcc8a-7490-4d70-8785-53f43745c91c,C3652,259.03,EUR,Delta,Shopping,2026-03-17 10:26:06.379402,failed,E001,UK,tablet,True
d8a9a792-d9b7-42b5-b157-db7169ff9eae,C6643,160.69,GBP,Apple,Shopping,2026-02-02 10:26:06.379406,pending,NONE,DE,mobile,False
c41dd1cc-71cd-4625-a6f7-960235ca7d9c,C1739,84.96,GBP,Target,Electronics,2025-12-31 10:26:06.379410,success,NONE,DE,mobile,False
22e2c48c-24a6-4cf1-96d3-719fb65f8156,C4053,282.89,EUR,Costco,Groceries,2026-03-02 10:26:06.379414,pending,NONE,US,tablet,False
d973b447-7f87-4578-896c-17a4e0a226d9,C7552,472.17,JPY,Amazon,Dining,2025-12-13 10:26:06.379417,failed,E003,FR,web,True
83b14680-78da-40e7-a175-d129e9b3749e,C9631,399.21,JPY,Uber,Electronics,2025-12-15 10:26:06.379421,success,NONE,DE,web,False
62b53f1f-aa8b-428b-ab72-9d6c9c0a77a0,C2596,226.25,GBP,Delta,Dining,2025-10-07 10:26:06.379425,pending,NONE,US,web,False
fc7b55c7-6987-4746-9379-30537a5194b9,C6568,166.97,USD,Target,Utilities,2025-09-26 10:26:06.379428,success,NONE,UK,tablet,False
a8619aef-1919-41ff-90a4-e7c66c35651b,C7623,51.78,USD,Amazon,Electronics,2026-02-21 10:26:06.379432,pending,NONE,DE,mobile,False
da1b5e11-462f-48b6-ab1c-8c3794e434b1,C7981,108.21,USD,Uber,Dining,2025-11-22 10:26:06.379435,success,NONE,US,web,False
af618f1e-30d1-44c2-b445-26bc3518a8f7,C2555,460.83,JPY,Delta,Dining,2026-08-30 10:26:06.379439,success,NONE,CA,mobile,False
cece2277-2aea-42b1-ab0f-1054e4e57b38,C2860,436.05,USD,Apple,Electronics,2025-10-23 10:26:06.379443,pending,NONE,UK,tablet,False
6b3c6082-2585-4675-bae6-fb3d8d331882,C7915,411.87,EUR,Uber,Utilities,2026-02-02 10:26:06.379446,success,NONE,FR,web,False
a3c2ebcd-efde-4507-836e-759ce3fbe037,C3910,393.12,EUR,Target,Dining,2026-06-15 10:26:06.379450,success,NONE,US,tablet,False
517def1f-c284-45aa-923b-787ed48e75d4,C3191,426.47,USD,Walmart,Travel,2025-12-13 10:26:06.379453,pending,NONE,FR,mobile,False
a2501854-80cd-4e08-b5c6-b05ef2714809,C1867,97.61,JPY,Uber,Travel,2026-03-06 10:26:06.379457,success,NONE,FR,mobile,False
124f4f48-a677-40c3-959b-014cc6cb0fc6,C1147,393.23,JPY,Costco,Travel,2026-06-29 10:26:06.379461,success,NONE,FR,tablet,False
83a4c834-455d-425d-8ac0-dd239ad18c24,C9344,315.46,USD,Target,Groceries,2025-12-20 10:26:06.379464,pending,NONE,FR,mobile,False
6196e7ab-8d78-4f83-996f-c1e162b83e3e,C2714,414.85,USD,Apple,Electronics,2026-03-14 10:26:06.379468,success,NONE,UK,tablet,False
29e061f0-e39e-46b8-8cb8-e207435b325c,C6360,194.16,USD,Delta,Shopping,2026-05-17 10:26:06.379471,success,NONE,JP,mobile,False
24718680-3e4c-40d6-9e7f-14ae79173496,C3141,139.93,USD,Target,Travel,2025-09-29 10:26:06.379475,pending,NONE,UK,web,False
9fa24d53-4bd6-4cc4-a940-dfa5d45e66a2,C5161,148.49,JPY,Starbucks,Groceries,2026-02-28 10:26:06.379478,pending,NONE,CA,mobile,False
cb727bdd-89c3-423f-a2be-5d26b33cb6f3,C8992,496.42,USD,Target,Utilities,2026-08-16 10:26:06.379482,success,NONE,DE,web,False
b01b5a75-bc59-4062-9c51-baabd0ce87e2,C9437,250.4,GBP,Costco,Travel,2025-10-15 10:26:06.379486,pending,NONE,FR,tablet,False
6bb3868e-573b-41d2-b533-9002b62a5c6a,C1844,77.27,USD,Walmart,Shopping,2026-03-26 10:26:06.379489,success,NONE,CA,web,False
e99f195f-ac55-4427-9401-63c22fb6bfed,C4502,87.96,JPY,Delta,Utilities,2026-01-29 10:26:06.379493,success,NONE,FR,mobile,False
a5818e93-fde8-49e5-82f5-d35a0e96799f,C4042,485.75,EUR,Uber,Travel,2025-11-29 10:26:06.379496,success,NONE,DE,web,False
684c1005-d0b5-46da-8433-ef9a715a5490,C3491,269.88,JPY,Apple,Shopping,2026-07-10 10:26:06.379500,pending,NONE,JP,mobile,False
0881675e-e776-4478-bdcb-25dc5e5881a6,C2077,202.5,JPY,Delta,Electronics,2025-09-08 10:26:06.379504,failed,E002,UK,web,True
2b87c573-c7fb-4b33-b1ae-29bfd3798920,C9487,435.5,EUR,Apple,Travel,2025-10-16 10:26:06.379508,failed,E002,UK,web,True
5954d44f-8c50-4d86-8cd7-55b53008a6c5,C4249,62.46,EUR,Walmart,Utilities,2025-10-14 10:26:06.379514,success,NONE,FR,mobile,False
69f734ab-c423-4edd-9f7d-ed7a6d848477,C5550,257.24,GBP,Amazon,Electronics,2025-12-31 10:26:06.379517,success,NONE,FR,web,False
52eb7b45-cb7e-46c5-8b8b-eeaea11e4dcc,C4845,167.72,USD,Uber,Shopping,2025-09-26 10:26:06.379521,success,NONE,DE,tablet,False
a29dd5a7-f0de-4c62-9c53-b04ff2704789,C9549,220.82,GBP,Amazon,Dining,2026-06-08 10:26:06.379524,success,NONE,DE,mobile,False
67d20583-3eff-4bcb-91c0-d857c102ca05,C5589,42.77,USD,Starbucks,Electronics,2026-07-18 10:26:06.379528,pending,NONE,FR,web,False
9707fc50-791b-48ba-9011-2e2454cfd15a,C5543,207.92,JPY,Costco,Travel,2026-05-07 10:26:06.379533,success,NONE,FR,tablet,False
232bd6ca-769d-48b2-a8c3-3f6c564e4571,C8867,492.52,GBP,Uber,Electronics,2026-06-10 10:26:06.379536,success,NONE,CA,tablet,False
a9b37f63-f5de-43c7-8c01-20c563b0d6f9,C9351,240.18,USD,Starbucks,Electronics,2026-09-02 10:26:06.379540,failed,E003,US,web,True
3bd45e4a-f4d8-4ab3-8306-e6beb989e750,C5768,185.88,USD,Uber,Dining,2026-03-11 10:26:06.379544,success,NONE,CA,web,False
913fc33b-9bc3-4a18-b078-4290df1565f0,C3966,59.85,GBP,Amazon,Travel,2026-06-07 10:26:06.379548,success,NONE,FR,tablet,False
fc53204c-7077-4883-b5d7-84e1c32469cb,C4933,328.6,USD,Target,Dining,2025-10-02 10:26:06.379552,failed,E001,CA,web,True
a52c75d3-d578-418f-88ff-872975a0cfdf,C1985,488.47,GBP,Apple,Dining,2025-12-30 10:26:06.379555,success,NONE,JP,web,False
f077da44-0278-44f5-a024-4f67e04163d7,C4894,436.88,JPY,Costco,Utilities,2026-06-22 10:26:06.379559,success,NONE,DE,tablet,False
b0ca6d9a-e5c1-4081-b08f-03181dfd7052,C6127,438.91,EUR,Uber,Groceries,2026-02-12 10:26:06.379562,pending,NONE,JP,mobile,False
66975113-a2e0-46c0-b5db-8634216a4274,C8445,461.01,EUR,Costco,Dining,2025-12-29 10:26:06.379566,success,NONE,FR,tablet,False
26eb2bb9-78e6-4bae-888a-5c9a051ffe09,C7757,161.84,GBP,Delta,Groceries,2025-09-14 10:26:06.379570,failed,E002,UK,mobile,True
8b2a878c-fd35-4870-a590-a5c05f6fa9d6,C3558,210.3,JPY,Amazon,Travel,2026-08-25 10:26:06.379574,failed,NONE,CA,tablet,True
2a86d0f4-f329-470b-b1c0-3544cda5f141,C2393,489.51,EUR,Target,Shopping,2026-08-05 10:26:06.379577,failed,E003,US,mobile,True
c3958fe5-fc0a-4238-b626-33c7bd3feaf4,C7652,291.16,EUR,Target,Travel,2026-06-30 10:26:06.379581,success,NONE,CA,web,False
84919ea1-1cd3-414b-a15d-a8a6b856c285,C8386,17.61,USD,Starbucks,Shopping,2025-10-24 10:26:06.379585,pending,NONE,CA,web,False
724fd518-b60c-4c6f-bcf8-c1e0bae7f352,C4551,468.14,EUR,Walmart,Electronics,2026-01-27 10:26:06.379589,success,NONE,US,mobile,False
279df9f9-91a6-4321-be34-a5ce712f8a21,C1131,145.77,USD,Apple,Utilities,2025-10-26 10:26:06.379592,failed,E001,DE,tablet,True
6515f3e0-2896-463b-85cf-7b330f4fe634,C3653,365.98,GBP,Starbucks,Groceries,2026-05-06 10:26:06.379596,success,NONE,US,tablet,False
dc6765bf-9349-4055-9b33-3d59df4c65e7,C1018,92.32,EUR,Target,Dining,2025-09-16 10:26:06.379599,success,NONE,FR,tablet,False
4183a359-ae5e-4c4b-81ad-4e0b88416156,C8255,22.53,USD,Walmart,Shopping,2025-09-24 10:26:06.379603,failed,E001,US,tablet,True
698bfc23-d6ae-40b0-b5bf-af0d27552fe3,C9116,384.85,USD,Walmart,Utilities,2026-01-16 10:26:06.379607,pending,NONE,UK,mobile,False
f7951abc-8b7a-4ee0-90ae-ada0f623adb0,C6187,348.33,GBP,Walmart,Shopping,2026-07-25 10:26:06.379610,pending,NONE,US,mobile,False
b6b599f1-48b7-413c-bee8-257e8c520ab6,C2335,429.71,GBP,Costco,Electronics,2026-02-25 10:26:06.379614,success,NONE,JP,tablet,False
0171f6e2-df0b-483a-8caa-da8b723767d8,C1922,446.21,EUR,Apple,Groceries,2026-06-18 10:26:06.379618,failed,NONE,DE,tablet,True
c943a17f-1ab6-495f-9c7b-f662c9d588e5,C5358,419.75,JPY,Walmart,Travel,2026-07-10 10:26:06.379621,failed,NONE,US,tablet,True
f763885a-bc0f-4451-afa4-da5af191449f,C9863,58.38,GBP,Delta,Utilities,2025-12-25 10:26:06.379625,pending,NONE,JP,web,False
73a1c50c-d1c8-41df-92f9-22453759f73b,C3798,256.18,GBP,Uber,Travel,2026-08-23 10:26:06.379629,pending,NONE,FR,tablet,False
2a9ffc20-1cd8-42dd-b49b-7fcb80f9405e,C4049,219.06,USD,Starbucks,Electronics,2026-02-19 10:26:06.379633,failed,NONE,FR,tablet,True
a9df73ad-0a05-4c54-b3d0-19940c5d4268,C2254,325.98,GBP,Amazon,Utilities,2026-06-30 10:26:06.379636,success,NONE,FR,tablet,False
4c69821f-f9fd-4526-bb8d-065516d832b9,C5558,389.61,EUR,Target,Shopping,2026-01-05 10:26:06.379640,failed,NONE,FR,tablet,True
8622a757-475b-4a01-999e-538815d98a79,C9935,44.54,GBP,Apple,Groceries,2026-05-28 10:26:06.379644,failed,NONE,FR,tablet,True
a80f977a-1a55-41ff-9997-851a5c44c64d,C4708,165.01,EUR,Uber,Dining,2025-12-14 10:26:06.379648,pending,NONE,DE,mobile,False
50c336cc-5802-4d98-a8f7-678d237ecb8a,C3629,451.65,JPY,Costco,Groceries,2026-03-02 10:26:06.379652,failed,NONE,US,web,True
5ba00510-52f2-47e5-8cc6-8d9ceb5831fb,C6071,358.48,USD,Starbucks,Shopping,2026-04-20 10:26:06.379656,pending,NONE,UK,mobile,False
8c54ec8c-8344-4cee-8d72-7090498afb54,C4783,228.15,GBP,Target,Dining,2026-01-30 10:26:06.379661,success,NONE,DE,web,False
022824ab-b6fa-4074-80c4-3c3171620d4c,C3031,63.36,USD,Target,Shopping,2026-02-08 10:26:06.379666,pending,NONE,DE,web,False
62f60ba7-bf7b-464b-b0f5-f9128dabe1c3,C2252,80.07,USD,Apple,Electronics,2026-08-30 10:26:06.379670,failed,E001,JP,web,True
0bfdfbf0-6a97-42db-ba0a-abf06caac276,C3292,421.19,JPY,Apple,Travel,2025-12-26 10:26:06.379674,pending,NONE,CA,web,False
c69b993f-ee8c-4107-86f5-859d84a71480,C8493,314.79,JPY,Uber,Groceries,2025-09-19 10:26:06.379677,failed,E002,UK,mobile,True
03b312bd-84fa-4546-a670-cb7313bcbf62,C8560,44.76,GBP,Target,Dining,2025-12-15 10:26:06.379681,success,NONE,CA,tablet,False
b018b97d-452b-49a6-955f-d83cc7cf6aa5,C5561,51.59,GBP,Apple,Dining,2026-02-25 10:26:06.379685,pending,NONE,US,mobile,False
a8e0fca1-c56c-40a9-8b49-f104a88e1a81,C2192,255.68,EUR,Costco,Dining,2026-08-13 10:26:06.379689,failed,E002,UK,web,True
7b471151-b293-4896-90c1-28bd94910c4c,C5916,216.69,USD,Target,Dining,2026-01-24 10:26:06.379692,failed,E002,US,mobile,True
a84d15ac-b78a-4aeb-9d24-00d1c9d3a7f8,C4967,27.21,USD,Delta,Dining,2026-05-08 10:26:06.379696,failed,E003,DE,tablet,True
dc480140-52b0-447e-a458-ef221da73edd,C7811,64.32,EUR,Apple,Shopping,2026-08-21 10:26:06.379700,success,NONE,UK,tablet,False
e6cac22d-0901-40f7-b090-3a978d4601dd,C1837,398.57,USD,Starbucks,Utilities,2026-05-21 10:26:06.379703,failed,E002,DE,tablet,True
8cda8200-422b-4701-8ff6-58ef7fea52fd,C1099,99.45,EUR,Target,Shopping,2025-12-16 10:26:06.379707,pending,NONE,FR,tablet,False
0d175800-1859-4eb4-a995-2f63e79a3358,C8402,247.41,EUR,Walmart,Dining,2026-08-04 10:26:06.379711,success,NONE,DE,web,False
cd1498cb-3c68-4896-a731-8f504278a15a,C3132,119.27,GBP,Uber,Groceries,2026-07-16 10:26:06.379714,success,NONE,DE,mobile,False
67ff2c58-28f6-48d0-8689-6cab031b6ae3,C2698,300.43,GBP,Delta,Dining,2026-04-11 10:26:06.379718,pending,NONE,US,mobile,False
7c01a68f-a209-487e-910b-956d3a4c20e6,C2570,499.7,USD,Amazon,Travel,2025-12-04 10:26:06.379722,success,NONE,FR,mobile,False
4819fa6b-cf3b-403a-9129-473ebc5c8e36,C6278,150.47,USD,Delta,Shopping,2026-06-16 10:26:06.379725,failed,E003,CA,mobile,True
5f56b9a8-b1d5-4712-9877-3c9addf8c0ac,C2413,425.31,GBP,Uber,Groceries,2026-05-02 10:26:06.379729,pending,NONE,JP,mobile,False
59e399be-734c-441f-a70f-3b4e6b1e8e24,C7032,436.83,JPY,Costco,Electronics,2026-03-18 10:26:06.379733,failed,NONE,JP,web,True
58168ddc-eddf-4e5e-a489-f2c85e9b01ac,C2547,249.46,GBP,Amazon,Utilities,2025-10-19 10:26:06.379736,success,NONE,CA,mobile,False
1d3d710f-23b7-4f0d-8787-7c6deb4d2131,C5302,162.46,EUR,Uber,Electronics,2025-12-01 10:26:06.379740,failed,E002,CA,tablet,True
8eecfae7-b5e7-4c53-9ba6-650b6430fc84,C8866,290.56,GBP,Delta,Groceries,2025-10-24 10:26:06.379743,pending,NONE,FR,web,False
8e06ec79-7edb-4d97-bc02-35c4daf318a1,C2629,391.84,USD,Delta,Groceries,2026-07-20 10:26:06.379747,failed,E003,US,tablet,True
6fd2b07a-25e5-490e-9524-3066c591de14,C6554,95.26,GBP,Costco,Dining,2026-06-26 10:26:06.379751,failed,E001,JP,web,True
0a44c764-6e5e-4ddf-af15-dcf398f1e01d,C9725,415.86,JPY,Amazon,Travel,2025-09-12 10:26:06.379755,failed,E002,DE,tablet,True
f6397c43-b1d5-41bf-a2fd-63e46f3346ce,C9544,226.87,EUR,Target,Utilities,2026-04-13 10:26:06.379759,failed,E001,FR,tablet,True
a16106e4-c738-48d8-abf0-4b9553d83417,C8382,465.39,JPY,Amazon,Shopping,2026-07-06 10:26:06.379762,failed,E002,DE,tablet,True
65919829-c14f-4ae7-8701-3a6cdaaa3aa4,C6963,292.58,EUR,Costco,Shopping,2026-04-25 10:26:06.379766,success,NONE,US,tablet,False
3da89308-2cd2-4722-8df9-ed926c955880,C1270,59.34,USD,Starbucks,Groceries,2026-04-21 10:26:06.379770,success,NONE,CA,tablet,False
1a8a8822-af81-46bf-8566-ae2d49ec0823,C4302,91.56,GBP,Costco,Electronics,2026-07-27 10:26:06.379773,pending,NONE,UK,web,False
d33971ba-2162-4403-831e-e6b9426b4202,C6840,265.45,USD,Uber,Utilities,2026-03-18 10:26:06.379777,failed,E002,FR,mobile,True
9eefb2ff-5a8e-41e7-acde-deb0bcffc9de,C8980,212.85,USD,Costco,Groceries,2025-12-07 10:26:06.379781,pending,NONE,JP,mobile,False
eed6edb1-603a-49c1-849f-0bb6178f36a5,C5046,211.52,EUR,Uber,Electronics,2026-07-09 10:26:06.379784,failed,NONE,US,mobile,True
99714260-26fc-4177-9ed1-32a4c44048b2,C1966,441.12,JPY,Apple,Groceries,2025-10-15 10:26:06.379788,failed,E002,DE,tablet,True
5f90414e-5e8c-4905-b761-a7d0dde9782f,C8306,390.95,USD,Apple,Shopping,2026-08-28 10:26:06.379792,success,NONE,UK,mobile,False
f95d1fd2-ecc1-4a8d-8940-a3d53bf403ed,C5570,236.27,GBP,Uber,Travel,2026-01-05 10:26:06.379796,failed,NONE,FR,web,True
05548d90-6da1-4148-9580-4bc14de1bb62,C2675,448.82,JPY,Starbucks,Electronics,2026-08-22 10:26:06.379799,success,NONE,JP,web,False
e0c72759-a6d0-4886-a10f-091089388ac3,C6210,351.31,GBP,Uber,Groceries,2025-09-12 10:26:06.379803,success,NONE,US,web,False
3cc09a54-adb9-4f62-a1c3-f8d264e427f5,C7347,395.46,USD,Costco,Groceries,2026-06-11 10:26:06.379807,pending,NONE,FR,mobile,False
068b3496-a6f8-4ab1-ba39-25704553944a,C8919,463.94,EUR,Walmart,Dining,2026-01-09 10:26:06.379812,success,NONE,UK,mobile,False
f3f181f6-227f-40ac-8df4-656df8e8ba78,C7141,10.59,EUR,Starbucks,Travel,2026-06-11 10:26:06.379815,pending,NONE,UK,mobile,False
3f817643-cc09-47b2-bfce-76ced75f9b4e,C7622,99.8,USD,Amazon,Travel,2026-02-08 10:26:06.379819,success,NONE,UK,web,False
64a2b76c-7431-4eaa-9851-78d24a0f2ac3,C5163,499.39,JPY,Uber,Shopping,2026-01-14 10:26:06.379822,success,NONE,CA,mobile,False
9ebc6303-0f3a-4354-a368-a285a4896c87,C6100,128.41,EUR,Starbucks,Groceries,2025-10-21 10:26:06.379826,success,NONE,UK,web,False
daf2a0a9-dd5c-4568-b630-ff2073e1e198,C4380,437.94,EUR,Delta,Electronics,2026-08-20 10:26:06.379830,pending,NONE,JP,web,False
0cfdc793-fcc2-4070-88ae-2365e3723f5d,C4183,274.43,GBP,Starbucks,Utilities,2025-11-12 10:26:06.379833,pending,NONE,CA,mobile,False
2bb0fc5e-e3d0-48ff-8d93-bf5ffc11c790,C3664,374.64,EUR,Uber,Dining,2025-09-16 10:26:06.379837,success,NONE,US,web,False
f6bc3272-8dbb-4f08-8ffb-8883a47a27af,C5771,188.1,JPY,Target,Dining,2026-03-15 10:26:06.379840,pending,NONE,FR,mobile,False
eddae18a-d0e5-420c-87f8-5e179985e899,C4699,208.63,GBP,Apple,Shopping,2026-02-07 10:26:06.379844,success,NONE,FR,tablet,False
1dce875c-626d-486a-a579-04a1e977101e,C7889,173.12,USD,Delta,Travel,2026-08-11 10:26:06.379847,success,NONE,DE,tablet,False
1c962529-dacf-428f-944f-ef8ed91181bb,C1218,84.29,JPY,Target,Shopping,2026-02-22 10:26:06.379851,pending,NONE,JP,web,False
72ae0f81-ab77-4c85-b722-349e5bbf8aa8,C9723,456.34,JPY,Costco,Shopping,2026-08-21 10:26:06.379855,pending,NONE,JP,mobile,False
3e5de570-8082-46f8-999f-8de9dc3acbdc,C3107,415.5,USD,Apple,Dining,2026-03-09 10:26:06.379858,success,NONE,US,mobile,False
142ce99d-dd29-4f28-8ec6-f40dfb4db37c,C1564,178.75,GBP,Apple,Travel,2026-04-28 10:26:06.379862,success,NONE,US,tablet,False
05e15064-f397-4d5c-bab7-90c08be63c6a,C4423,397.32,JPY,Uber,Travel,2026-06-30 10:26:06.379865,pending,NONE,DE,mobile,False
cf01e732-f877-4a0f-9264-28daebdde5da,C5819,316.63,GBP,Delta,Travel,2025-10-09 10:26:06.379869,failed,E002,US,web,True
02cc8707-78ee-4da6-84ae-9565150bbd4d,C6601,256.26,GBP,Delta,Utilities,2026-02-07 10:26:06.379873,pending,NONE,CA,mobile,False
b58697f8-9639-4be5-ab4d-99543cb55276,C5900,107.88,GBP,Uber,Electronics,2026-07-19 10:26:06.379877,failed,E002,FR,tablet,True
08cae8ff-6be1-4499-a18c-f168a1b491a9,C9579,449.12,EUR,Uber,Dining,2025-09-30 10:26:06.379880,failed,E002,CA,mobile,True
5c1ac926-130d-4f31-8123-eb356de71251,C2311,52.69,EUR,Starbucks,Travel,2026-05-18 10:26:06.379884,success,NONE,US,tablet,False
4cb7d5b0-d1c8-43c3-bb28-266ddcb45343,C9421,312.69,JPY,Apple,Utilities,2026-06-02 10:26:06.379887,success,NONE,JP,mobile,False
9ff57ab8-26f3-4f4a-a34a-f0a154708c41,C8212,105.14,JPY,Delta,Utilities,2025-12-01 10:26:06.379891,success,NONE,DE,web,False
2d1fac70-a606-4f32-8310-23303a7fcdda,C9704,418.15,EUR,Costco,Dining,2026-02-06 10:26:06.379895,failed,E003,FR,web,True
46dda931-3e29-4e4f-873b-19778866961a,C2482,340.66,USD,Costco,Travel,2025-10-03 10:26:06.379899,failed,NONE,DE,web,True
9fca4e38-b68b-4f3d-843d-f4c4fec050cf,C2275,83.87,EUR,Amazon,Shopping,2026-08-31 10:26:06.379903,pending,NONE,FR,mobile,False
2be9eccc-948d-467e-89ef-c7350445a917,C5894,327.19,GBP,Apple,Shopping,2026-05-17 10:26:06.379907,failed,NONE,FR,mobile,True
c3a9a249-eb9b-44dd-b4b3-1588fb7fac07,C8645,416.07,USD,Uber,Utilities,2025-10-02 10:26:06.379910,failed,NONE,JP,mobile,True
705c6e0a-872f-402b-a09c-b1f7d0bc4cd4,C7804,449.47,JPY,Starbucks,Travel,2025-12-20 10:26:06.379914,success,NONE,JP,web,False
d464dc1a-fd06-44ce-8bd6-07b55539b807,C5563,204.16,GBP,Apple,Electronics,2025-12-23 10:26:06.379918,pending,NONE,US,tablet,False
b55ea77b-b40d-40b3-afc6-d59944039610,C4713,72.67,GBP,Apple,Shopping,2025-10-15 10:26:06.379921,success,NONE,US,mobile,False
7c9aa133-76af-431c-9cb2-e68a7a9725b7,C3506,93.65,USD,Target,Electronics,2026-08-27 10:26:06.379925,pending,NONE,US,mobile,False
af272253-8c94-43f7-a846-6ef285d1d74d,C9946,496.73,USD,Amazon,Dining,2026-06-13 10:26:06.379928,pending,NONE,US,mobile,False
0a12bfdd-9605-4dce-b667-5bcda5417db7,C4234,84.16,JPY,Apple,Dining,2026-02-16 10:26:06.379932,pending,NONE,CA,web,False
0dc1bd2a-73a4-42d2-adc3-1b81b5bcc2e6,C4959,317.91,EUR,Delta,Electronics,2026-08-01 10:26:06.379935,success,NONE,US,web,False
c1d23590-b3aa-46bd-9f75-e2469102a0f8,C6655,157.78,USD,Amazon,Groceries,2025-11-11 10:26:06.379939,success,NONE,DE,mobile,False
2cdc6f4c-6c39-457a-934d-5a1e6a9af4b7,C1897,467.76,USD,Amazon,Electronics,2026-01-09 10:26:06.379943,failed,E002,UK,tablet,True
4e0bcaca-7224-4a5d-bf7f-43ec32e921d8,C1666,346.97,GBP,Delta,Groceries,2025-12-17 10:26:06.379946,failed,E003,JP,mobile,True
37f64c95-171a-42fe-8df7-6183b7d33faa,C1203,465.65,USD,Starbucks,Dining,2026-03-03 10:26:06.379950,success,NONE,JP,mobile,False
c7ffaa72-4559-4c40-aa22-b44f2d691f8b,C8824,49.91,EUR,Uber,Travel,2026-01-15 10:26:06.379954,failed,NONE,DE,tablet,True
fb77ede2-29fe-42f4-aa0e-fe3a9ec9c4e9,C7115,393.37,GBP,Uber,Shopping,2026-06-14 10:26:06.379959,failed,E003,CA,web,True
f3ff2da9-39f5-4aa1-a06b-054eb59c6182,C6803,87.86,JPY,Delta,Travel,2025-11-12 10:26:06.379962,pending,NONE,JP,tablet,False
f8172524-847b-4edc-b39d-52df08e55205,C4244,132.62,USD,Delta,Dining,2026-07-05 10:26:06.379966,success,NONE,UK,mobile,False
a6f541f0-3aa2-4513-b120-54d2c1dd3714,C4282,199.16,GBP,Amazon,Electronics,2026-07-24 10:26:06.379969,pending,NONE,JP,mobile,False
34ea5f26-52c1-430a-95de-a1935d358e64,C1227,182.18,USD,Starbucks,Shopping,2026-05-16 10:26:06.379973,success,NONE,UK,web,False
57d659ff-ebad-4687-9e84-808200e75081,C1356,166.81,JPY,Delta,Electronics,2026-07-31 10:26:06.379977,success,NONE,CA,tablet,False
47df7130-9fd4-4616-9076-555de7a387d0,C3894,432.9,USD,Target,Shopping,2026-02-25 10:26:06.379980,pending,NONE,DE,tablet,False
bce9a9c3-f8ef-414f-ad53-3e03a32d1952,C8170,82.35,GBP,Delta,Electronics,2025-12-04 10:26:06.379984,success,NONE,FR,web,False
c99aa771-590d-4f2d-b838-2ba59e012cf7,C3353,157.08,USD,Delta,Groceries,2026-08-29 10:26:06.379987,pending,NONE,US,tablet,False
082c005e-7d11-402a-bf9d-f1a7bc9ff9e0,C1792,493.39,USD,Delta,Shopping,2026-06-26 10:26:06.379991,success,NONE,UK,web,False
ce19b6b8-7078-42e0-8d55-a4e2d14fb5ac,C9492,463.48,USD,Starbucks,Groceries,2026-02-05 10:26:06.379994,success,NONE,JP,mobile,False
0881e65d-46cc-493c-8813-8a941e08be91,C9027,464.95,JPY,Uber,Electronics,2026-07-26 10:26:06.379998,pending,NONE,JP,tablet,False
a3dd078f-6023-4287-b5a3-9271b0486006,C3775,71.43,USD,Costco,Utilities,2025-10-02 10:26:06.380002,pending,NONE,UK,mobile,False
12ba3336-7dc3-4ef6-874a-2c9868771b4c,C9793,249.12,USD,Walmart,Utilities,2026-01-28 10:26:06.380005,success,NONE,DE,tablet,False
4b982909-2fa8-4107-a6b0-69af9c287c6b,C1725,431.88,EUR,Walmart,Electronics,2025-09-25 10:26:06.380009,pending,NONE,JP,mobile,False
275f07c5-3121-4307-b6f1-ea75386f16e5,C4325,67.96,GBP,Costco,Groceries,2026-09-01 10:26:06.380013,failed,NONE,UK,mobile,True
24cc9286-37ea-4968-b2d5-8cf03dc17860,C2391,234.57,USD,Costco,Travel,2026-02-11 10:26:06.380017,failed,E002,CA,tablet,True
58675b14-b662-46e6-acea-ddb6ff40cf86,C9221,386.55,GBP,Target,Groceries,2025-12-17 10:26:06.380020,success,NONE,DE,mobile,False
08c57f37-b843-43db-a6bb-3320e5cb9b71,C1675,420.66,JPY,Delta,Travel,2026-02-15 10:26:06.380024,pending,NONE,DE,mobile,False
1288e279-16f9-474d-8d16-2564cf10561a,C2638,481.17,GBP,Delta,Groceries,2025-10-22 10:26:06.380027,pending,NONE,US,web,False
2dcaa7aa-b0c5-487f-a1b2-911aaf65f51f,C1940,34.43,GBP,Target,Dining,2025-09-23 10:26:06.380031,success,NONE,JP,mobile,False
14bb2071-2c83-4610-aad4-4ab04a070063,C7885,220.51,JPY,Walmart,Groceries,2025-10-23 10:26:06.380034,pending,NONE,US,tablet,False
452d01f2-eada-4f86-a532-ab446aab6b7f,C3062,166.67,EUR,Walmart,Dining,2025-09-17 10:26:06.380038,pending,NONE,FR,tablet,False
ed80f1f4-ab51-49a3-8133-39b0db1f5c1a,C5868,499.59,GBP,Walmart,Utilities,2026-08-07 10:26:06.380043,failed,E003,UK,tablet,True
729d0a18-1620-456f-a4c1-0a1d18679ce5,C9243,405.67,GBP,Starbucks,Dining,2025-10-06 10:26:06.380046,success,NONE,CA,web,False
bb21c10d-a56c-4c32-93ff-425dc69e65a8,C7161,464.89,EUR,Starbucks,Groceries,2026-01-05 10:26:06.380050,pending,NONE,UK,tablet,False
cd77f8c4-9aba-461f-96b1-c2a2db62f94e,C7357,409.41,USD,Apple,Travel,2026-01-27 10:26:06.380054,failed,NONE,UK,mobile,True
d769fe16-f897-4e08-8856-69a5ef8b4c70,C4265,69.3,GBP,Walmart,Travel,2026-07-15 10:26:06.380057,success,NONE,CA,web,False
5c9fb2fb-2c98-49ee-a1ca-497432146639,C5160,29.25,GBP,Amazon,Groceries,2026-08-11 10:26:06.380061,success,NONE,CA,web,False
1087ebe8-bb05-45f7-9ba6-247b085cb87d,C1306,321.4,USD,Amazon,Dining,2026-05-30 10:26:06.380065,pending,NONE,US,tablet,False
ef285d22-811e-475b-bc1f-09e131368a2d,C8218,379.03,EUR,Starbucks,Groceries,2025-09-16 10:26:06.380068,success,NONE,JP,web,False
eb525f61-fef8-4576-ae98-984d57eb5fb2,C6530,270.36,GBP,Walmart,Travel,2026-05-07 10:26:06.380072,pending,NONE,FR,mobile,False
dcc6e483-da54-4814-b75b-023e0e2b3f4f,C8555,50.97,USD,Uber,Groceries,2025-10-24 10:26:06.380075,success,NONE,CA,tablet,False
07a104c3-44b2-44c6-9490-177acba63838,C4629,164.64,EUR,Apple,Travel,2026-03-24 10:26:06.380079,failed,E002,DE,web,True
67025ded-778e-4024-8966-e5ce3549977b,C1604,160.3,GBP,Delta,Travel,2025-10-18 10:26:06.380083,pending,NONE,UK,web,False
e2ff66b2-c390-4c83-996b-b907cfce236e,C1804,14.16,EUR,Starbucks,Dining,2026-04-04 10:26:06.380086,failed,E001,US,web,True
84fe49c3-23aa-4a90-bfa6-b9a42f8d1205,C7136,400.82,JPY,Apple,Shopping,2026-02-24 10:26:06.380090,pending,NONE,US,mobile,False
9e2fed69-a3f5-445b-8ba6-68effbed68ed,C9593,175.18,EUR,Starbucks,Groceries,2026-08-18 10:26:06.380094,pending,NONE,JP,web,False
1eff16d3-de9e-40f7-ab85-b3ab5bc878ba,C6041,262.98,GBP,Uber,Utilities,2025-11-15 10:26:06.380097,failed,E002,JP,web,True
d354c815-b93e-496f-ba06-4d3ed6f78b85,C6429,403.16,EUR,Starbucks,Dining,2026-01-09 10:26:06.380101,success,NONE,DE,web,False
d76dd864-8df5-4ede-9580-b8d0adc05212,C7406,194.81,GBP,Walmart,Utilities,2025-10-21 10:26:06.380106,success,NONE,JP,web,False
7386b609-d41c-4098-a424-ad1742bd55c2,C2894,259.97,JPY,Apple,Utilities,2026-07-29 10:26:06.380109,pending,NONE,CA,mobile,False
46569d49-4468-48da-a99a-4af8609360cc,C8766,172.16,USD,Walmart,Travel,2026-08-26 10:26:06.380113,success,NONE,DE,mobile,False
5cb3ed62-bd80-4a0f-892c-3f873a3c24da,C9563,79.47,JPY,Starbucks,Shopping,2025-12-05 10:26:06.380117,failed,NONE,US,tablet,True
40f7bf6a-2a5e-4146-a0ff-0edc23569370,C5394,133.58,USD,Amazon,Travel,2026-03-26 10:26:06.380120,pending,NONE,US,tablet,False
8f62b82c-8f91-4e48-b3a9-17e495a0a9a2,C9964,467.54,EUR,Costco,Dining,2026-06-26 10:26:06.380124,pending,NONE,UK,tablet,False
dbd288e4-06cc-4bbf-8796-91f244a54f8a,C3072,404.24,USD,Amazon,Dining,2025-10-19 10:26:06.380127,success,NONE,UK,tablet,False
7e09948b-bca5-4045-b7ef-a71ef51695ef,C7576,173.89,USD,Uber,Dining,2025-12-12 10:26:06.380131,failed,E003,UK,mobile,True
107fc311-41b6-4f35-8343-2618a77df6f0,C4630,481.23,JPY,Delta,Shopping,2026-03-17 10:26:06.380135,pending,NONE,US,web,False
ad451647-4e6e-4d97-9180-cbafd5f455e5,C4887,107.84,JPY,Uber,Travel,2026-07-23 10:26:06.380138,failed,E003,UK,mobile,True
99ee0c3a-1d49-4ded-8e9e-214590c6db66,C4235,483.75,GBP,Starbucks,Shopping,2025-09-03 10:26:06.380142,success,NONE,JP,web,False
defb72c1-4759-407d-bba5-594c91813515,C8833,148.17,EUR,Uber,Utilities,2026-02-09 10:26:06.380145,success,NONE,DE,tablet,False
fe392387-a159-4e4e-a2b6-697678876bae,C6120,21.86,EUR,Target,Utilities,2026-07-12 10:26:06.380149,success,NONE,CA,tablet,False
1ef11de9-3590-410d-b148-496d2c8f2219,C7330,457.49,JPY,Starbucks,Groceries,2026-01-02 10:26:06.380153,pending,NONE,CA,tablet,False
b5fa8368-d772-4e8f-8201-3d94d501b37e,C4167,159.44,EUR,Apple,Groceries,2026-01-02 10:26:06.380156,pending,NONE,UK,web,False
a9b0eb89-decb-4b5f-a396-9cd9a39044c2,C1916,475.38,GBP,Walmart,Electronics,2026-02-14 10:26:06.380160,pending,NONE,US,tablet,False
58086884-ac78-4211-aa74-b830f2951651,C1132,121.83,JPY,Amazon,Travel,2026-07-29 10:26:06.380164,success,NONE,DE,tablet,False
d12e3f62-4853-4842-98a6-d0a4e4643ca8,C8436,5.9,EUR,Walmart,Dining,2026-06-25 10:26:06.380167,pending,NONE,DE,tablet,False
92ed89d4-d6c9-4e9b-b6b4-41a0c86aea5c,C7195,14.43,USD,Apple,Utilities,2026-02-02 10:26:06.380171,failed,E003,UK,tablet,True
db44b5d6-e3b7-4e32-bf2e-00e146967351,C8843,310.05,EUR,Target,Shopping,2026-02-28 10:26:06.380174,failed,E002,DE,tablet,True
f3ea4e3b-af6b-4db8-9b9c-0f3f2f459684,C4772,460.46,EUR,Delta,Electronics,2026-08-11 10:26:06.380178,failed,NONE,UK,mobile,True
89eb5b8a-c7c2-459b-a9fc-92f1ef635e3f,C7100,75.56,JPY,Delta,Groceries,2026-05-01 10:26:06.380182,success,NONE,JP,web,False
dbbb6bc7-c252-44da-8894-938c6e95664d,C2303,250.61,EUR,Delta,Travel,2026-03-23 10:26:06.380185,success,NONE,US,tablet,False
7729f4c1-eff8-448e-9d0d-8b8167d4d3c2,C9680,292.16,USD,Apple,Groceries,2025-11-03 10:26:06.380189,success,NONE,DE,web,False
bccef3c9-908f-400a-91b8-900f3f7f82b1,C1833,186.41,EUR,Walmart,Dining,2025-09-22 10:26:06.380193,failed,E001,JP,tablet,True
e3a74a06-110c-4f22-8ddf-f40a1075d055,C5782,162.88,USD,Apple,Shopping,2026-06-20 10:26:06.380197,failed,NONE,CA,tablet,True
0cbf434f-7dcc-413f-aba6-dfd46b9aa518,C1799,471.98,USD,Costco,Dining,2025-11-25 10:26:06.380200,failed,E003,FR,tablet,True
8fc00880-9b06-4ddf-b798-9c3a17ad3649,C5519,193.9,USD,Walmart,Utilities,2026-08-06 10:26:06.380204,pending,NONE,FR,tablet,False
5f267d5c-2fcc-454d-ba20-29d8784ea31a,C8411,70.22,EUR,Starbucks,Groceries,2026-08-28 10:26:06.380207,pending,NONE,US,mobile,False
f9e1e765-35cd-4970-ba5e-308cd1933488,C6566,242.61,EUR,Uber,Travel,2025-12-30 10:26:06.380211,pending,NONE,US,web,False
ac596ed7-c468-4f23-ac62-993c088a2b57,C9783,264.66,GBP,Costco,Shopping,2026-03-22 10:26:06.380215,failed,NONE,UK,mobile,True
86729018-982d-40d8-82c3-3d87db31a7f0,C1010,247.25,JPY,Uber,Utilities,2026-03-25 10:26:06.380218,failed,NONE,DE,tablet,True
9cffebe8-ad5b-4bc5-b8db-5cb607b104de,C3116,239.21,JPY,Apple,Electronics,2026-06-12 10:26:06.380222,pending,NONE,CA,web,False
b857ef4d-e79b-4c46-8480-ec81c2a0b228,C5157,332.73,GBP,Starbucks,Groceries,2026-08-11 10:26:06.380225,pending,NONE,FR,tablet,False
a6861b24-9cda-4810-881b-1df88f043570,C1543,352.16,USD,Starbucks,Utilities,2025-12-13 10:26:06.380229,failed,E003,FR,mobile,True
73b7baaf-caf8-4244-8676-f0d934206fd3,C5533,261.19,JPY,Costco,Utilities,2026-07-15 10:26:06.380233,failed,NONE,UK,mobile,True
9f61a9c6-c388-4c55-9207-9f2997fc89b0,C7765,465.38,JPY,Apple,Travel,2026-07-20 10:26:06.380236,success,NONE,US,web,False
1d119131-98e8-4c18-91eb-b14b31e0c62a,C8064,54.06,GBP,Target,Electronics,2026-02-28 10:26:06.380240,pending,NONE,CA,mobile,False
aeb701a9-973d-4cef-acc4-b69fc0ba08f8,C1530,372.66,GBP,Starbucks,Dining,2026-01-28 10:26:06.380243,pending,NONE,FR,tablet,False
d1a963b6-7303-450c-8b76-27c08d94505d,C5619,22.32,GBP,Uber,Utilities,2026-07-30 10:26:06.380247,success,NONE,JP,web,False
04c4cba0-d987-4c68-b35e-027e865fe299,C8190,421.46,GBP,Delta,Utilities,2026-02-18 10:26:06.380252,success,NONE,FR,tablet,False
af753e3f-3249-4457-b272-ea0a54f4e187,C9539,410.54,GBP,Starbucks,Shopping,2026-01-13 10:26:06.380255,failed,E002,FR,mobile,True
91802dcf-2cab-41a0-8eab-2a24fd3c7329,C4211,5.38,GBP,Uber,Shopping,2025-12-22 10:26:06.380259,pending,NONE,JP,mobile,False
477bf668-bcf2-4714-ab30-4d50b7e27f18,C2724,375.56,JPY,Amazon,Dining,2025-11-28 10:26:06.380263,failed,NONE,CA,tablet,True
e1d26cf8-4fd7-48d9-9609-7587c995c468,C1259,491.72,GBP,Walmart,Utilities,2026-02-26 10:26:06.380266,failed,E002,DE,web,True
f0fbfc9a-4503-4e14-88a4-27dd17849555,C2309,302.33,JPY,Starbucks,Dining,2026-03-07 10:26:06.380270,success,NONE,CA,mobile,False
d271a147-b3d3-4666-aeb7-98d1522143a0,C8433,189.13,JPY,Walmart,Utilities,2026-03-07 10:26:06.380273,success,NONE,UK,mobile,False
ce4a2e55-b2fe-4348-af36-4bfa95e7f9ae,C3053,150.82,EUR,Walmart,Dining,2025-09-09 10:26:06.380277,failed,E003,JP,web,True
fe707ccf-8ef0-4dff-9d89-c3be773b8507,C9435,148.06,USD,Walmart,Travel,2026-01-20 10:26:06.380280,success,NONE,US,mobile,False
eb088c29-05d5-4649-9366-6449ba6203ba,C5506,39.15,EUR,Starbucks,Utilities,2026-05-04 10:26:06.380284,pending,NONE,US,tablet,False
7099681e-5aa8-4f28-afc0-4455935b2227,C4759,420.83,JPY,Target,Travel,2026-06-10 10:26:06.380288,success,NONE,CA,tablet,False
338776df-236a-4a58-bc54-d2fc0b3d8c65,C8061,189.7,EUR,Starbucks,Dining,2025-10-01 10:26:06.380292,success,NONE,UK,tablet,False
72694060-21cc-484d-9ebf-369825764dff,C9007,441.23,USD,Starbucks,Electronics,2026-04-30 10:26:06.380296,pending,NONE,UK,web,False
f02d6e59-704b-4ac7-a4c2-7ed909d7e947,C4014,77.66,EUR,Target,Groceries,2025-10-31 10:26:06.380300,failed,E001,JP,tablet,True
9509441f-9a9e-4a5d-acf0-5131022db845,C1138,401.05,USD,Delta,Electronics,2026-08-06 10:26:06.380304,pending,NONE,UK,tablet,False
a0728f7a-d068-41fd-a7c4-c7095b166570,C9288,148.62,USD,Target,Utilities,2026-08-30 10:26:06.380307,pending,NONE,JP,web,False
2336a360-6847-4e74-a28d-1b0cb0e6db97,C3830,241.08,EUR,Delta,Travel,2026-07-25 10:26:06.380311,failed,E003,CA,mobile,True
4b20c1bc-bf06-45c6-b33f-36f88ba48c18,C1496,127.11,JPY,Walmart,Electronics,2026-05-04 10:26:06.380314,failed,E001,CA,web,True
3b4248bb-16e6-4c12-891f-7c9fc13c42e7,C8045,344.87,JPY,Costco,Electronics,2025-12-22 10:26:06.380318,failed,E001,CA,web,True
dcfafc99-64eb-46ae-94de-1000d704cb8d,C8184,178.38,GBP,Target,Electronics,2025-10-27 10:26:06.380322,success,NONE,CA,tablet,False
136b5d13-f947-4736-b6d8-afbb1e244337,C5761,337.37,JPY,Costco,Shopping,2025-09-14 10:26:06.380325,failed,NONE,JP,tablet,True
37d2f874-19be-42f2-9c0c-f8374b56f1a9,C5008,223.87,EUR,Delta,Shopping,2025-11-15 10:26:06.380329,failed,E001,UK,mobile,True
a46d6a0f-b38c-4bfe-b515-e2e325769cee,C4067,156.44,EUR,Target,Travel,2026-04-08 10:26:06.380333,success,NONE,JP,mobile,False
21136cbc-5aa8-4451-b664-045f39d3218c,C2817,150.34,EUR,Costco,Travel,2025-11-05 10:26:06.380336,success,NONE,CA,mobile,False
69971d09-ba1b-4006-b373-6f7c274ae07c,C5636,98.64,EUR,Target,Travel,2025-12-04 10:26:06.380340,pending,NONE,JP,tablet,False
757975f0-13a1-4ab1-bc61-67770c861511,C8609,264.56,EUR,Starbucks,Shopping,2026-04-01 10:26:06.380344,success,NONE,UK,tablet,False
4a81f594-8591-4252-ba39-00955ccb1c67,C6523,68.04,USD,Apple,Electronics,2026-07-10 10:26:06.380347,success,NONE,FR,mobile,False
e8b7af74-e4f3-437a-a859-56a291649d4f,C8056,227.11,EUR,Costco,Shopping,2026-02-28 10:26:06.380351,failed,NONE,UK,tablet,True
1de3f58a-1a5e-4989-99c1-1db354956a59,C7077,285.91,JPY,Amazon,Groceries,2025-10-25 10:26:06.380354,failed,E001,JP,mobile,True
eaf79337-d733-4445-8840-e727c93f7694,C9598,269.81,JPY,Apple,Groceries,2025-12-07 10:26:06.380360,pending,NONE,CA,mobile,False
14d53c5e-35ce-4a2c-85c8-73ef1e8dc7a3,C4534,8.31,USD,Amazon,Travel,2026-07-09 10:26:06.380363,success,NONE,UK,web,False
fe4f7cb5-3808-4520-a97b-9cceda2f40e0,C3431,98.56,EUR,Starbucks,Utilities,2026-03-09 10:26:06.380367,success,NONE,US,tablet,False
1dcce8ed-27e8-4e5e-9afb-802b6bd2d1e4,C1640,485.6,JPY,Starbucks,Dining,2026-08-18 10:26:06.380371,failed,E003,CA,web,True
93a162e5-844a-4feb-aab0-4974cbf72cfd,C3648,416.36,USD,Amazon,Groceries,2026-04-04 10:26:06.380375,pending,NONE,DE,mobile,False
229455cf-51eb-431b-b524-91e7d46630df,C7409,35.7,GBP,Starbucks,Electronics,2026-04-21 10:26:06.380380,pending,NONE,FR,tablet,False
dd28f91a-54af-4a3f-b2b6-b4bfd2d93667,C2034,329.59,JPY,Starbucks,Utilities,2026-08-03 10:26:06.380384,success,NONE,US,mobile,False
7384be63-9e65-45d7-8a9e-220f5704f249,C3861,162.37,JPY,Target,Groceries,2026-04-24 10:26:06.380388,success,NONE,FR,mobile,False
1072c072-8494-4959-870a-1dc3f106ebfd,C5732,392.54,USD,Apple,Electronics,2025-10-27 10:26:06.380391,pending,NONE,JP,tablet,False
f29f6d06-086d-4cfc-a3b6-b4560249d83e,C9355,496.78,JPY,Apple,Utilities,2026-08-07 10:26:06.380395,success,NONE,US,web,False
68ce4935-9285-4bb5-8ef3-047cdef4cd74,C1888,388.15,JPY,Walmart,Electronics,2026-06-06 10:26:06.380398,failed,NONE,JP,mobile,True
55e38673-37e9-4aa4-ab57-40ee3df29509,C4031,480.12,USD,Delta,Dining,2026-03-27 10:26:06.380403,pending,NONE,US,web,False
cfac2ea0-fbd8-481d-b828-18493dc2597e,C3233,260.02,GBP,Amazon,Utilities,2026-02-10 10:26:06.380407,success,NONE,CA,web,False
d1377f0b-bc5f-4589-be9b-89506cb14fd3,C1546,170.33,JPY,Delta,Utilities,2026-08-14 10:26:06.380410,pending,NONE,CA,tablet,False
ece4f507-75f3-4713-8f2d-c1ef8437f294,C8371,262.9,JPY,Amazon,Groceries,2026-01-24 10:26:06.380414,success,NONE,UK,web,False
51cc98e5-4d75-4bca-bccf-d0fb77cf6671,C8490,152.71,JPY,Costco,Shopping,2025-09-11 10:26:06.380418,failed,E002,UK,tablet,True
b3c3ca93-1a5e-40d0-bd52-68dbb156d241,C8248,455.92,JPY,Costco,Electronics,2026-08-29 10:26:06.380423,pending,NONE,FR,tablet,False
6164d1ad-be75-49b5-b069-c75ab0178440,C6082,106.77,GBP,Apple,Shopping,2026-07-04 10:26:06.380427,success,NONE,UK,mobile,False
ffb4d96f-ae19-4791-86bd-2ba6a3f4c34a,C9766,89.96,USD,Uber,Travel,2026-08-09 10:26:06.380430,success,NONE,CA,web,False
bf6abf5d-b889-4c6b-b9cc-fc6a4be98bed,C3206,94.03,JPY,Uber,Shopping,2026-03-29 10:26:06.380434,failed,E001,US,web,True
44e10003-6b58-4e50-b18b-a50ce0aab1b0,C2884,87.35,EUR,Apple,Travel,2025-09-02 10:26:06.380438,pending,NONE,FR,mobile,False
4ff8e6bf-ffd9-41e4-b5fe-e6b2291dba99,C5446,476.26,USD,Amazon,Shopping,2025-12-13 10:26:06.380441,success,NONE,JP,web,False
2ffa9984-56b4-4f9b-82b3-5678080badbe,C6541,112.16,EUR,Amazon,Groceries,2026-05-05 10:26:06.380445,failed,E002,JP,web,True
713e4d37-271c-4a3c-9f22-52f9abc70ffd,C1805,309.17,USD,Target,Dining,2026-08-26 10:26:06.380449,pending,NONE,UK,tablet,False
fb820752-beea-46ee-97bb-1bcce91db5a4,C7603,88.42,USD,Walmart,Groceries,2025-09-24 10:26:06.380453,success,NONE,FR,mobile,False
779c4404-f04f-4a0e-b9e5-b714ff4cd117,C2533,294.29,EUR,Amazon,Shopping,2025-12-18 10:26:06.380456,success,NONE,UK,tablet,False
e8afaa49-4d84-4deb-8efd-f7c9892c81e4,C7649,165.97,JPY,Target,Travel,2026-03-26 10:26:06.380460,success,NONE,JP,tablet,False
4f732aa3-9df6-4f3f-b4bc-6282892f32e2,C9017,284.42,EUR,Delta,Travel,2025-09-10 10:26:06.380464,failed,E002,FR,mobile,True
db6357e6-18ee-4ac4-a009-ca587725d596,C4790,104.0,USD,Starbucks,Electronics,2025-11-28 10:26:06.380468,failed,E001,CA,web,True
c9aea49b-6fab-4867-903e-51f9b99dadf2,C1372,125.99,EUR,Target,Electronics,2026-02-17 10:26:06.380471,success,NONE,US,mobile,False
a58b0871-4d69-44a6-843c-1e752270d4c7,C6826,321.9,EUR,Apple,Shopping,2026-05-28 10:26:06.380475,success,NONE,US,web,False
bfd634bf-64fa-4525-85fb-3357632a0959,C5574,102.61,EUR,Walmart,Travel,2025-11-24 10:26:06.380478,success,NONE,US,tablet,False
0fe21426-52d3-44ff-9a6f-b480c69d77b3,C6362,148.9,GBP,Walmart,Dining,2025-09-07 10:26:06.380483,failed,E002,US,mobile,True
28c68f7f-389d-4588-9c1c-2bcd0c1faf93,C9021,313.18,EUR,Walmart,Utilities,2025-09-11 10:26:06.380487,success,NONE,DE,mobile,False
b6df8163-4202-4d2c-b93d-8a9d19e06aac,C5431,347.36,EUR,Costco,Travel,2026-07-06 10:26:06.380491,failed,E002,US,web,True
35beb5f3-5add-4435-8df2-5bbd16a93c2e,C5591,479.17,JPY,Target,Groceries,2026-04-02 10:26:06.380494,success,NONE,CA,tablet,False
a74011d3-bffb-413e-9f7d-c935f68bcfd3,C2239,74.77,EUR,Delta,Utilities,2026-08-18 10:26:06.380498,failed,E003,CA,web,True
b1dcc71c-f9bc-474e-a2b6-d8ae315e03cb,C8039,322.37,GBP,Delta,Dining,2025-09-10 10:26:06.380502,pending,NONE,UK,mobile,False
b8f068db-f0d0-4ce4-ba37-d0744572b681,C2536,248.84,JPY,Costco,Electronics,2026-05-02 10:26:06.380505,success,NONE,US,web,False
711d5560-ca7e-4cb1-81a4-24059a6e889a,C9520,390.32,GBP,Starbucks,Travel,2026-05-30 10:26:06.380509,pending,NONE,US,web,False
da771dca-d2da-4fe5-bf73-322c8edc42e2,C6048,241.24,GBP,Walmart,Travel,2025-10-25 10:26:06.380513,failed,E003,CA,web,True
b083af6c-d0d6-4d8c-8bb9-56f48715c49a,C7989,76.91,USD,Uber,Dining,2026-04-08 10:26:06.380516,success,NONE,UK,web,False
72b4ccb7-d31c-4d77-ba28-63931d22a855,C1460,31.18,JPY,Amazon,Groceries,2025-11-19 10:26:06.380520,failed,E002,US,tablet,True
168b8b5c-08b5-42e4-b340-76344ae3e047,C9229,89.27,JPY,Delta,Utilities,2025-12-14 10:26:06.380523,success,NONE,CA,mobile,False
35a7e0a4-2c57-4f26-bf06-ff2dac8c486c,C3988,479.64,GBP,Costco,Shopping,2026-02-11 10:26:06.380527,success,NONE,US,mobile,False
f3739c6f-7d51-409e-a719-35c804ca3f57,C2357,161.37,GBP,Uber,Shopping,2025-11-01 10:26:06.380531,failed,E001,CA,tablet,True
cab81af7-7f8b-4e95-be49-97e38683cb53,C2768,493.37,GBP,Starbucks,Dining,2026-01-22 10:26:06.380534,success,NONE,DE,web,False
d012f900-cd50-459d-bb4e-f162b92c9593,C2108,395.79,USD,Apple,Electronics,2025-10-16 10:26:06.380538,pending,NONE,UK,web,False
0adcd70c-8650-41ad-8065-f9458350b30b,C8224,398.84,GBP,Starbucks,Travel,2026-03-27 10:26:06.380542,failed,E002,UK,mobile,True
c83ae5f4-51a3-4563-a8b0-d2c06d5271db,C9530,316.47,GBP,Walmart,Travel,2026-06-06 10:26:06.380545,pending,NONE,US,web,False
01d79a25-00ee-4241-8207-5d9f8af8a16d,C5350,264.09,EUR,Target,Dining,2026-05-14 10:26:06.380549,success,NONE,UK,mobile,False
3fde1e66-14be-47fb-aa2a-c789de098e57,C4659,392.4,EUR,Target,Shopping,2025-09-27 10:26:06.380554,failed,NONE,CA,tablet,True
fa75f7ab-031b-4472-82be-2630c6329bad,C5855,472.37,USD,Costco,Travel,2026-08-01 10:26:06.380558,success,NONE,US,web,False
a0230250-c4fd-470a-9136-633bba3bff5c,C6598,281.04,EUR,Walmart,Travel,2025-11-18 10:26:06.380561,pending,NONE,JP,tablet,False
e17b97bd-1347-4093-91cb-5eb08b48090a,C5676,364.8,EUR,Uber,Electronics,2026-01-04 10:26:06.380565,failed,E001,UK,mobile,True
b039a866-c200-45ef-afa8-b835b689df0b,C6900,243.66,EUR,Starbucks,Shopping,2025-09-14 10:26:06.380569,failed,E001,JP,web,True
7317ac20-2c18-4c35-9a57-673eacc6b1f0,C1666,276.19,JPY,Walmart,Electronics,2025-12-27 10:26:06.380573,failed,E003,JP,tablet,True
772f9af9-1af3-4286-b811-cdf0c22a564d,C7666,356.01,EUR,Costco,Electronics,2025-12-23 10:26:06.380577,failed,E001,CA,tablet,True
86d5c05d-3264-44ef-9876-4244a58ad238,C9485,112.15,EUR,Walmart,Groceries,2025-12-23 10:26:06.380580,failed,E003,UK,tablet,True
0b6e6a5f-c360-44b9-b6eb-392deac07c19,C3886,301.5,JPY,Uber,Dining,2025-12-10 10:26:06.380584,pending,NONE,DE,tablet,False
451fdbca-41f6-415b-a783-1f5341333da7,C2167,172.48,EUR,Amazon,Utilities,2025-12-17 10:26:06.380588,pending,NONE,US,mobile,False
edc679e0-4fce-4e05-80a9-2f506812d010,C6872,351.46,GBP,Costco,Groceries,2026-04-26 10:26:06.380591,pending,NONE,JP,tablet,False
34c409d6-2a3d-4334-8f9a-a273d7ac6115,C7903,249.53,GBP,Apple,Travel,2025-10-07 10:26:06.380595,success,NONE,CA,tablet,False
3d678a40-7c10-4ba4-9853-1db6df5b700b,C1460,311.3,EUR,Apple,Dining,2026-05-17 10:26:06.380598,success,NONE,DE,web,False
6b24fe7c-34c8-4a1c-a631-0c60a84aafc4,C2929,419.13,GBP,Starbucks,Dining,2026-03-03 10:26:06.380603,failed,E001,FR,web,True
fbbd1d40-65d6-4f3a-8f78-bb56e40bf6e9,C4775,178.62,EUR,Walmart,Utilities,2026-06-29 10:26:06.380607,failed,E003,DE,web,True
8cc6a0bf-b03c-46cf-96b4-fc0deba27db4,C2218,130.46,EUR,Target,Dining,2026-02-04 10:26:06.380610,success,NONE,UK,mobile,False
a9f999f1-c700-498e-a2a8-d26feeab69f1,C2030,179.98,JPY,Walmart,Shopping,2026-04-26 10:26:06.380614,success,NONE,US,mobile,False
d40e8f23-6183-4c26-bb53-338a52344ec8,C2509,146.45,USD,Delta,Travel,2026-07-15 10:26:06.380618,pending,NONE,DE,tablet,False
ff7e2cc3-303b-45ec-9f6c-f8055d56dbab,C7927,245.19,EUR,Walmart,Utilities,2026-02-26 10:26:06.380621,pending,NONE,FR,tablet,False
ecd6020e-6d99-4dbe-8b33-4a1981951ffe,C3414,30.76,GBP,Costco,Dining,2026-01-21 10:26:06.380625,success,NONE,JP,mobile,False
43d9e6a9-4275-4254-8377-6eaa2a849a1f,C8494,431.36,USD,Walmart,Utilities,2026-07-12 10:26:06.380628,failed,E001,US,web,True
0b3cf3c8-b9bd-4084-a76a-9b8f3e1fafec,C6662,211.47,USD,Target,Shopping,2026-04-29 10:26:06.380632,success,NONE,JP,mobile,False
3f2dcdb3-7ae5-4004-8f4c-8effd67a8de1,C8105,40.75,USD,Apple,Dining,2026-01-14 10:26:06.380636,failed,E002,US,mobile,True
df8c93e8-ffc8-406f-a39a-9ce394719b3a,C6806,334.06,JPY,Costco,Utilities,2026-04-11 10:26:06.380639,success,NONE,JP,tablet,False
c2cfef6e-fac0-42f9-bbc4-87d5d976f672,C3584,470.04,EUR,Apple,Shopping,2026-05-07 10:26:06.380643,failed,E003,US,tablet,True
f6a8720c-b302-4e0a-a4ac-81c84fee1e5e,C6751,166.38,JPY,Target,Electronics,2025-11-12 10:26:06.380647,success,NONE,UK,mobile,False
7a0482c8-0c31-4499-bb8e-c3541854c011,C6610,398.6,JPY,Apple,Electronics,2025-10-18 10:26:06.380650,pending,NONE,CA,web,False
72b4a274-ef6e-44bc-9fda-fd97d0e42712,C4905,351.7,USD,Walmart,Travel,2026-06-06 10:26:06.380654,failed,E001,JP,web,True
d70d8944-37ca-4897-b066-3b051c62bb58,C5789,356.05,EUR,Delta,Dining,2026-05-13 10:26:06.380657,success,NONE,FR,tablet,False
5d2fe9bd-4e47-4970-a357-d485953730e4,C8966,254.56,GBP,Target,Electronics,2026-08-20 10:26:06.380661,pending,NONE,CA,tablet,False
54950a5f-0911-40d0-84cf-2cd492e3e20b,C9705,454.77,JPY,Delta,Electronics,2025-12-26 10:26:06.380665,pending,NONE,FR,tablet,False
92cf3a6f-97cd-46fa-a35c-dff5c91df406,C6396,146.22,EUR,Target,Dining,2026-06-17 10:26:06.380668,failed,E003,JP,tablet,True
2a597223-d4ca-4be5-b76e-aaf28b81f232,C2112,124.17,USD,Uber,Shopping,2025-09-02 10:26:06.380672,success,NONE,CA,tablet,False
1c923a5a-7c8f-4450-b77d-bb5ec92ea5f5,C7948,203.16,JPY,Uber,Electronics,2025-10-30 10:26:06.380675,success,NONE,US,web,False
2d9afe67-83a8-449c-8086-054e51f872c3,C7611,352.55,EUR,Delta,Shopping,2025-11-15 10:26:06.380679,success,NONE,FR,web,False
dec8396b-eb06-4975-bd2f-0b62fd16dcbd,C7499,208.43,EUR,Apple,Electronics,2025-09-20 10:26:06.380682,success,NONE,CA,web,False
c963d5af-dcaa-408c-aa47-d97baa87b17c,C7764,418.34,GBP,Costco,Utilities,2026-01-30 10:26:06.380686,failed,E001,FR,mobile,True
d9c067b4-65c0-4b2f-8899-949e45e2eb74,C1601,267.49,JPY,Costco,Groceries,2026-02-07 10:26:06.380690,pending,NONE,JP,mobile,False
a96e56a0-4ee5-400c-aa05-13c27269b9fc,C9269,433.27,EUR,Amazon,Utilities,2026-02-05 10:26:06.380693,failed,E001,DE,mobile,True
b81834c1-640e-4161-a152-7ed69ef57f13,C4968,225.05,USD,Target,Utilities,2026-04-26 10:26:06.380697,pending,NONE,CA,tablet,False
b4dbad66-ce4e-4979-a5cf-c4e72612eb11,C5454,369.65,JPY,Costco,Shopping,2025-12-22 10:26:06.380704,failed,E002,DE,web,True
c8a867fd-5529-466e-a0b1-182f7790737b,C3979,379.74,USD,Walmart,Groceries,2026-06-06 10:26:06.380708,pending,NONE,DE,web,False
adf94016-ff60-43ef-9b84-f84962f0a492,C6938,174.31,EUR,Delta,Dining,2026-04-22 10:26:06.380712,pending,NONE,JP,web,False
71d4e169-f95f-4f1a-9be5-a95accbc2366,C4051,255.45,EUR,Costco,Electronics,2026-05-31 10:26:06.380715,success,NONE,US,web,False
78874eb9-35de-412d-97f9-cf9f0864b57e,C5949,220.93,EUR,Uber,Travel,2025-09-03 10:26:06.380719,pending,NONE,FR,mobile,False
df55de49-2945-43d2-aebe-2c6fea2bfa4c,C3238,26.1,JPY,Uber,Groceries,2026-05-03 10:26:06.380723,failed,E001,US,tablet,True
9ad46f28-6d6c-4aee-8f6e-d6a2ba1c4ce2,C9924,68.99,EUR,Starbucks,Electronics,2026-01-30 10:26:06.380726,failed,E003,JP,web,True
4857f52f-479a-4206-8980-da94f248dbef,C6638,215.37,USD,Apple,Utilities,2026-05-29 10:26:06.380730,success,NONE,UK,web,False
bf8f8478-b170-4f69-b074-9da64ebfda33,C5770,172.25,JPY,Amazon,Dining,2026-06-13 10:26:06.380734,success,NONE,JP,mobile,False
2162d030-d50a-4bc8-b8b5-181fe94d30eb,C3954,409.52,USD,Walmart,Shopping,2026-04-12 10:26:06.380737,success,NONE,UK,mobile,False
c1d8d802-1438-4fd4-9f32-e0135b9116a1,C3714,277.94,EUR,Uber,Travel,2026-06-20 10:26:06.380741,pending,NONE,FR,mobile,False
4d33cb1c-1aa6-4c81-940d-35142d8b1efd,C4480,153.86,JPY,Target,Travel,2026-04-09 10:26:06.380744,success,NONE,UK,web,False
6e360403-86f5-46bc-bd9e-25864abfe191,C3593,283.61,GBP,Uber,Travel,2026-04-15 10:26:06.380748,pending,NONE,CA,mobile,False
33be425a-e07f-47eb-9e29-d6cb8bd659cb,C9537,210.42,JPY,Uber,Electronics,2025-12-10 10:26:06.380751,success,NONE,UK,tablet,False
bcc01b11-0505-4d3e-8c3f-a1c228dc9062,C1995,313.19,EUR,Starbucks,Electronics,2026-01-11 10:26:06.380755,pending,NONE,CA,web,False
5cba5abd-0aa0-4e12-8851-858d397765c5,C5622,79.57,USD,Apple,Shopping,2026-02-09 10:26:06.380758,success,NONE,DE,tablet,False
0c4141ce-f557-4ff2-9625-3b5fa60d17aa,C8953,331.29,USD,Starbucks,Groceries,2026-03-31 10:26:06.380762,failed,NONE,JP,mobile,True
5cbeaa27-b91a-452c-9341-4c22c3e1390d,C7178,130.59,JPY,Apple,Groceries,2026-03-02 10:26:06.380766,failed,NONE,CA,mobile,True
d4dbee79-ec1c-422f-bb1a-ffcbdcc9ef73,C7893,45.9,GBP,Delta,Electronics,2025-11-14 10:26:06.380770,failed,NONE,FR,tablet,True
63db6ed9-f275-42d8-aa75-324977896a65,C2498,483.58,USD,Delta,Electronics,2026-06-06 10:26:06.380773,success,NONE,FR,tablet,False
54dc3634-5f0b-4f66-b4db-22a01be89065,C8758,265.22,EUR,Uber,Shopping,2026-03-14 10:26:06.380777,pending,NONE,CA,tablet,False
156f7237-dcca-48b3-b413-4289c2a8e9c6,C7579,84.83,GBP,Costco,Utilities,2026-02-12 10:26:06.380780,pending,NONE,DE,web,False
352fc79e-392c-4032-9e94-181a7106e5c3,C3103,448.3,EUR,Uber,Travel,2026-03-26 10:26:06.380784,failed,E002,UK,mobile,True
7da0aa31-468b-447b-b854-7ac38a9c5b76,C5010,78.28,JPY,Walmart,Shopping,2026-01-21 10:26:06.380788,failed,E002,FR,web,True
7b844bf8-aa48-4d13-a0e1-c557046e7f84,C2977,256.36,USD,Costco,Dining,2025-12-27 10:26:06.380791,failed,E003,CA,tablet,True
62aac1a2-c176-4292-94d4-c31fc2822c0c,C4190,334.83,JPY,Walmart,Dining,2025-10-08 10:26:06.380795,pending,NONE,CA,tablet,False
bc4b7b5a-a77a-4d1f-b17b-d91c928f804b,C1918,156.07,GBP,Apple,Shopping,2026-05-01 10:26:06.380798,success,NONE,UK,mobile,False
c148caad-8f17-4636-8006-6d9320deed4d,C2066,328.97,GBP,Walmart,Travel,2026-03-06 10:26:06.380803,success,NONE,UK,mobile,False
97775309-2c8d-45f4-9d31-8cf5989c8975,C5450,477.12,JPY,Delta,Utilities,2026-06-21 10:26:06.380807,success,NONE,CA,mobile,False
d82005bc-f41c-47d2-aba0-bde77b0cdce9,C7599,192.99,EUR,Walmart,Dining,2025-12-02 10:26:06.380811,failed,E002,US,mobile,True
631727ed-a1ac-4185-8d5c-f97558e282c6,C9315,170.46,GBP,Amazon,Shopping,2026-01-23 10:26:06.380814,pending,NONE,UK,tablet,False
6468ab99-5a34-446a-b921-128a544e5773,C3628,67.66,EUR,Apple,Utilities,2026-04-10 10:26:06.380818,pending,NONE,CA,mobile,False
80b35faa-fdf5-4353-ad17-93cf30725913,C2649,440.47,USD,Apple,Utilities,2026-08-20 10:26:06.380821,success,NONE,DE,tablet,False
24b8d29b-776a-4286-b03c-dfdc16049109,C4683,213.41,USD,Amazon,Electronics,2025-11-20 10:26:06.380825,pending,NONE,UK,mobile,False
77873336-f1ae-4be3-ae79-f94ca09b631d,C3609,101.51,JPY,Amazon,Electronics,2025-10-07 10:26:06.380828,failed,E002,US,tablet,True
dac38d02-e48c-47fd-bd0b-3432317b59b8,C6319,308.97,GBP,Costco,Travel,2026-04-16 10:26:06.380832,failed,E002,JP,tablet,True
05e7c923-a1d9-498a-b713-6a3cd18d767c,C9959,166.77,EUR,Uber,Travel,2025-10-16 10:26:06.380836,failed,E001,DE,mobile,True
48ba2ede-93e0-429c-9ffd-2bcabd3bd421,C5614,328.15,USD,Starbucks,Electronics,2025-10-21 10:26:06.380839,failed,NONE,CA,tablet,True
759c6d1b-708f-44d8-a360-78f8493a7d9a,C8641,293.37,JPY,Walmart,Travel,2026-02-09 10:26:06.380843,failed,NONE,UK,web,True
445a6f94-4d59-4513-8ebb-aff2de75cd25,C3032,419.1,JPY,Target,Electronics,2026-08-26 10:26:06.380847,success,NONE,DE,tablet,False
1ec45028-8374-49dd-b62d-ef4ae400b1bd,C3270,128.44,EUR,Costco,Shopping,2026-05-22 10:26:06.380852,pending,NONE,US,mobile,False
f88c3fc0-3b69-48b4-a41f-5c0d40c44a86,C1830,127.58,EUR,Costco,Groceries,2026-04-12 10:26:06.380855,success,NONE,US,tablet,False
a7052676-799b-4f64-b6af-e78f08cd2742,C7849,477.81,EUR,Delta,Shopping,2025-09-16 10:26:06.380859,failed,E003,DE,tablet,True
e95538b8-916c-4e3f-b097-d8e6b0c8cc9d,C2014,465.68,USD,Target,Electronics,2026-07-06 10:26:06.380863,failed,NONE,JP,tablet,True
0bdcff15-0f1b-4dfd-aba5-af0f22179b0b,C6455,54.8,USD,Costco,Travel,2026-03-10 10:26:06.380866,success,NONE,FR,mobile,False
f0bc98f0-8082-47a5-958c-cef4c3b514c9,C6126,430.29,GBP,Costco,Groceries,2026-04-30 10:26:06.380870,success,NONE,DE,tablet,False
02a0a5ce-b56c-4847-affb-731ad08f4a11,C1073,395.47,JPY,Target,Shopping,2025-12-08 10:26:06.380874,success,NONE,UK,tablet,False
baa37ec0-31ec-473a-900d-5f3dfa6c93ee,C4406,327.18,USD,Costco,Shopping,2026-01-07 10:26:06.380878,failed,E002,JP,mobile,True
324270d8-9b90-4e33-b983-b17c0ab05eaf,C4490,74.98,USD,Target,Groceries,2026-07-31 10:26:06.380881,failed,E003,UK,tablet,True
4afb5c4f-fe6d-4ccd-923e-738bd480b30b,C3203,208.68,EUR,Amazon,Electronics,2026-02-14 10:26:06.380885,pending,NONE,FR,web,False
8593f1bd-2ad1-4ecf-8eaf-8a3b190365df,C6454,363.26,JPY,Walmart,Groceries,2026-08-07 10:26:06.380888,failed,E001,US,mobile,True
a73e34c4-69db-43df-843e-af3144422578,C8072,309.4,GBP,Apple,Electronics,2026-07-20 10:26:06.380892,failed,E003,FR,tablet,True
0a1cf234-f006-44ee-a126-31dba15c45f2,C7212,173.41,EUR,Starbucks,Shopping,2026-09-01 10:26:06.380896,failed,E002,CA,web,True
8ef33b46-5000-4fd9-8d51-7bf61cfb4e50,C1788,136.65,JPY,Uber,Shopping,2025-12-17 10:26:06.380899,failed,E002,UK,mobile,True
fcc62364-9e67-40be-ae0d-2c12d9c8d8b3,C6770,442.35,JPY,Costco,Travel,2025-12-04 10:26:06.380903,success,NONE,US,tablet,False
bcbaad48-ea73-45b8-a5f9-6f34ffd64d0b,C5247,421.8,EUR,Target,Electronics,2025-10-21 10:26:06.380907,pending,NONE,CA,mobile,False
a9e61926-0646-48ea-b3f4-b6236ac611ac,C9760,346.9,USD,Starbucks,Dining,2026-04-29 10:26:06.380910,failed,E003,FR,web,True
ffc4abb9-d48b-4422-9fcd-98f0b70245f5,C6155,312.09,EUR,Uber,Groceries,2026-02-04 10:26:06.380914,success,NONE,CA,web,False
4fa584bf-7be3-41c7-9936-38a4934744b3,C8740,421.38,GBP,Apple,Travel,2026-03-08 10:26:06.380918,failed,E001,DE,tablet,True
f029c8a2-7ea6-460f-8d9b-9d96872ba0b0,C1456,288.35,JPY,Apple,Dining,2026-08-20 10:26:06.380921,pending,NONE,US,tablet,False
df7c6501-e0a5-4ba0-a6fe-7234376bc6cb,C4781,210.79,USD,Amazon,Dining,2026-02-27 10:26:06.380925,pending,NONE,CA,web,False
f1cde3e9-40af-437a-8ee4-30167eacea99,C4147,192.96,GBP,Walmart,Utilities,2026-08-20 10:26:06.380929,failed,E001,CA,mobile,True
45575288-bede-4a62-b5d9-eec72bd9be7a,C8773,322.12,JPY,Uber,Dining,2026-04-23 10:26:06.380932,failed,NONE,DE,mobile,True
91855d11-ea73-4c6a-bbbf-231795f45b2a,C1454,403.83,USD,Uber,Travel,2025-10-19 10:26:06.380936,success,NONE,FR,tablet,False
28434885-82dc-433f-975d-01c99136c652,C5889,317.58,EUR,Target,Travel,2025-10-08 10:26:06.380940,failed,E002,FR,mobile,True
f47d91d3-a0fe-4536-be88-1af75713ed1e,C5432,29.07,GBP,Walmart,Shopping,2026-07-26 10:26:06.380943,pending,NONE,JP,web,False
0c2a8adf-d130-4db7-bfd2-56e4bd261e73,C5389,351.17,USD,Starbucks,Groceries,2026-02-11 10:26:06.380947,failed,E002,FR,web,True
7b22d413-dc85-48ff-ba0b-c746e0505650,C9435,309.85,JPY,Apple,Shopping,2026-04-29 10:26:06.380951,pending,NONE,JP,web,False
0ecb9a73-c0e3-4253-997b-1c6e3c33af52,C9699,194.04,JPY,Apple,Shopping,2025-10-01 10:26:06.380954,failed,NONE,FR,tablet,True
f2dd585e-9a1b-4458-b0c7-a8127b1b1969,C1561,338.55,GBP,Apple,Utilities,2026-07-12 10:26:06.380958,failed,E002,FR,tablet,True
d1d9d9e3-d771-49c9-b58a-ebeb548d09bd,C4967,207.23,USD,Walmart,Travel,2026-08-07 10:26:06.380962,success,NONE,FR,web,False
6fec86c4-6c4c-4d45-a5e8-42695d690fab,C1865,322.7,GBP,Apple,Shopping,2026-07-23 10:26:06.380965,success,NONE,US,web,False
9b1159af-5db1-453a-a83f-e83b7f6310b3,C6942,52.51,GBP,Starbucks,Utilities,2026-08-17 10:26:06.380969,pending,NONE,US,tablet,False
b1f83409-1525-4a79-af65-a05e662444f6,C2408,370.48,GBP,Uber,Groceries,2026-08-08 10:26:06.380972,failed,NONE,JP,mobile,True
8c7826c0-f9a1-43c6-83fc-66036538a579,C3478,85.02,USD,Delta,Utilities,2026-01-05 10:26:06.380976,success,NONE,JP,tablet,False
702aec3b-a427-4a64-98ad-d3110aa83703,C9145,466.75,USD,Walmart,Shopping,2026-01-19 10:26:06.380980,pending,NONE,CA,tablet,False
89657ecb-f30e-4831-b6d5-484ac1cc8651,C4097,32.43,USD,Uber,Electronics,2026-04-05 10:26:06.380983,success,NONE,UK,tablet,False
68cb7922-c08c-4fcd-a64e-133f98d623a8,C5948,312.18,GBP,Delta,Groceries,2026-03-16 10:26:06.380987,failed,NONE,UK,web,True
f3c347bf-8fb2-4842-a37f-5944d29b7494,C1302,479.94,USD,Amazon,Electronics,2026-03-20 10:26:06.380990,failed,E003,FR,web,True
e3e17e50-1c11-4a01-8b83-2ccabed02ad5,C2037,450.53,USD,Amazon,Electronics,2026-03-02 10:26:06.380994,pending,NONE,UK,web,False
27b84de4-6dde-49b1-9d75-ce032287a2a2,C3986,136.42,JPY,Apple,Shopping,2025-09-16 10:26:06.380999,failed,E001,JP,mobile,True
40908895-fc81-4a7b-91ca-db46f09ef102,C8608,321.85,GBP,Uber,Electronics,2026-06-23 10:26:06.381002,success,NONE,US,web,False
1985d48b-2de2-4e11-bd8e-d64f87e8ab38,C1523,477.1,GBP,Costco,Shopping,2026-02-02 10:26:06.381006,pending,NONE,JP,web,False
0660a867-3171-4dca-a9d8-aa25435a69cc,C5010,150.33,USD,Walmart,Shopping,2026-03-24 10:26:06.381009,pending,NONE,DE,mobile,False
6215afc8-9238-4e13-adfd-f7c1f697f7fa,C5681,112.18,GBP,Target,Electronics,2026-05-23 10:26:06.381013,failed,E002,CA,web,True
9559346a-f9bb-424a-ab3a-7469d860e9e5,C8618,434.61,EUR,Walmart,Utilities,2026-05-07 10:26:06.381017,pending,NONE,US,web,False
d6339325-886c-4f43-af09-535ed6e38b5f,C1656,459.34,EUR,Walmart,Travel,2025-12-16 10:26:06.381021,failed,E002,JP,mobile,True
94cfa162-2e79-4894-9d53-ec8228532198,C6231,370.53,EUR,Target,Travel,2026-08-07 10:26:06.381025,pending,NONE,US,web,False
0cfb3e1e-b8e4-46b2-94d3-d845cd674042,C1686,384.28,GBP,Walmart,Dining,2026-01-12 10:26:06.381028,failed,E001,JP,mobile,True
c32993f0-4f0f-4580-b897-6ef743676539,C5709,24.92,EUR,Delta,Groceries,2026-03-05 10:26:06.381032,pending,NONE,US,mobile,False
2fe7f8b4-2a2d-4e67-9ec2-5931cd738ef4,C3610,261.81,JPY,Walmart,Dining,2026-02-26 10:26:06.381035,success,NONE,DE,web,False
611ff171-93ef-48a8-a396-dd98dd935239,C4187,186.33,USD,Starbucks,Electronics,2026-03-25 10:26:06.381039,success,NONE,CA,tablet,False
1ce460d9-3ae0-42b4-9ecc-13423cbfceab,C4093,317.18,GBP,Walmart,Electronics,2025-10-22 10:26:06.381042,pending,NONE,JP,web,False
2b243bf7-0d1c-4822-b2c4-e25a4ca0ab78,C1633,49.24,GBP,Target,Electronics,2025-12-14 10:26:06.381046,success,NONE,UK,tablet,False
32c4c754-9b51-49d3-a8e0-cace869d78bc,C1394,262.79,EUR,Costco,Shopping,2025-10-20 10:26:06.381050,pending,NONE,JP,tablet,False
b9ed3c7e-8011-4d1c-aadb-bb800952a317,C2287,114.64,USD,Walmart,Travel,2026-08-04 10:26:06.381053,pending,NONE,DE,mobile,False
f6c7dac8-34a6-4905-8b84-680a6c5de6f3,C2163,247.52,JPY,Starbucks,Groceries,2026-05-30 10:26:06.381057,failed,E001,CA,tablet,True
662a4eb6-89b1-4b9b-8143-1ee8aa67d13b,C9148,159.39,GBP,Target,Dining,2026-05-24 10:26:06.381061,failed,E003,FR,web,True
11c89dd6-28a8-40b4-9332-f335d25d0198,C8925,53.91,GBP,Target,Utilities,2026-08-20 10:26:06.381065,failed,E003,US,web,True
8c2dff00-0dad-4c18-901b-2df73e1a0594,C5951,332.05,GBP,Starbucks,Travel,2026-01-04 10:26:06.381068,failed,E002,FR,tablet,True
14de942d-d002-4f36-8124-57dc20bd8b2a,C3607,462.23,USD,Target,Electronics,2026-02-16 10:26:06.381072,failed,E003,DE,tablet,True
66a939ac-00cb-4a42-a9b8-2f7ed50f6773,C8838,125.84,GBP,Delta,Dining,2025-09-02 10:26:06.381076,pending,NONE,CA,web,False
4f944211-53f8-4237-8340-6915a57cf021,C2733,278.64,EUR,Walmart,Electronics,2026-07-13 10:26:06.381079,pending,NONE,US,web,False
caeb12cc-65aa-4e34-85e8-a583752c20a9,C4958,489.78,EUR,Uber,Utilities,2025-11-03 10:26:06.381083,pending,NONE,CA,web,False
919fa081-7f3d-4b60-9b1a-777157529ef9,C4869,194.37,EUR,Delta,Groceries,2025-10-15 10:26:06.381086,failed,E002,UK,web,True
f3066861-4178-4b4f-8a0e-78b4f8ce8658,C8858,241.37,JPY,Apple,Groceries,2026-03-04 10:26:06.381090,pending,NONE,CA,tablet,False
d554bac3-1b12-46a5-8659-4c255e3bbc9b,C3701,310.49,USD,Uber,Utilities,2026-06-08 10:26:06.381094,success,NONE,JP,tablet,False
5a23bc0b-a242-4ff7-b189-0fb5cc9b977e,C2673,444.12,USD,Starbucks,Travel,2026-01-12 10:26:06.381097,pending,NONE,CA,tablet,False
b9ec134d-a03f-4461-97e6-2ab51f0d2f7a,C7978,324.82,GBP,Apple,Electronics,2025-10-14 10:26:06.381101,success,NONE,FR,web,False
dc36f5ff-1a40-4033-8731-1a5585572e36,C1156,325.98,EUR,Walmart,Shopping,2026-07-13 10:26:06.381105,pending,NONE,JP,mobile,False
ba292529-8eb9-408a-9457-c51b6b04bc1d,C6222,374.25,EUR,Walmart,Groceries,2025-09-23 10:26:06.381108,failed,NONE,CA,mobile,True
525f8baa-147a-4380-a8d9-6305cbb46632,C8999,447.67,USD,Starbucks,Shopping,2025-10-11 10:26:06.381112,pending,NONE,JP,tablet,False
fa91fd54-0751-436e-a34b-37414570d092,C9397,58.09,USD,Apple,Utilities,2026-06-11 10:26:06.381116,pending,NONE,FR,mobile,False
fb5b56a2-f111-41bf-ab33-2fc3dcaa6a1e,C7766,217.32,GBP,Starbucks,Dining,2025-09-16 10:26:06.381120,failed,NONE,UK,tablet,True
19deb8ef-a3a6-4ae0-8f4b-9510000b6d66,C2153,410.26,JPY,Apple,Travel,2026-02-13 10:26:06.381123,success,NONE,JP,tablet,False
439e1b39-556f-484b-a1e3-e5c898da06a4,C7114,318.37,GBP,Walmart,Travel,2026-01-02 10:26:06.381127,pending,NONE,CA,mobile,False
4bba4f5e-bae9-488b-89e9-34979c8651dc,C7437,164.13,EUR,Walmart,Shopping,2026-01-13 10:26:06.381130,failed,E002,UK,mobile,True
51ecfa46-ef56-4f36-b6f0-6bcd7f91fcdb,C3080,378.33,EUR,Walmart,Dining,2026-06-08 10:26:06.381134,failed,NONE,US,mobile,True
6554f3a6-07ce-45fb-baaf-796a5a1b4c23,C5297,286.24,USD,Walmart,Electronics,2025-12-28 10:26:06.381138,failed,E001,CA,tablet,True
d7044f8d-fe57-4e2f-9a03-838e63da24b2,C5509,436.05,EUR,Apple,Shopping,2026-04-13 10:26:06.381142,failed,E003,DE,tablet,True
f90a6c31-8c8c-4d11-99dd-6fa3d8f7b750,C6837,16.51,EUR,Delta,Groceries,2026-08-29 10:26:06.381146,success,NONE,CA,web,False
69b11312-acd3-453b-903b-60fe6ac4ede6,C1789,146.84,USD,Delta,Electronics,2026-01-09 10:26:06.381150,success,NONE,UK,tablet,False
a2841dca-751b-4532-ac7a-2e5c2cc1580b,C5425,302.17,EUR,Apple,Dining,2026-03-04 10:26:06.381153,failed,E002,US,web,True
939c80ba-ccff-469c-812c-8a76a3553857,C6174,423.09,USD,Delta,Dining,2025-10-31 10:26:06.381157,failed,NONE,CA,tablet,True
a9d263f4-ad94-4aad-8a90-ab1888dcc8b7,C2597,123.42,JPY,Target,Dining,2025-12-08 10:26:06.381161,success,NONE,CA,tablet,False
e6c6cccf-fd62-42c3-9cb9-5f2ecf433701,C5975,80.85,GBP,Apple,Groceries,2025-09-29 10:26:06.381164,pending,NONE,FR,mobile,False
7070e282-0856-4fbb-be6e-25d9deb2005d,C7375,155.92,USD,Costco,Electronics,2026-04-30 10:26:06.381168,failed,NONE,US,tablet,True
9c9c71e0-a755-4549-a157-514827e50f5f,C6987,483.33,EUR,Target,Shopping,2026-02-11 10:26:06.381172,pending,NONE,DE,tablet,False
2725c40c-0da2-4d1a-85d2-6c282d67647c,C7439,399.54,EUR,Walmart,Shopping,2026-06-01 10:26:06.381175,success,NONE,UK,tablet,False
37f981c5-3957-4bc6-a850-1229900aeb09,C8050,309.06,EUR,Costco,Groceries,2025-09-21 10:26:06.381180,pending,NONE,DE,tablet,False
843e4b2b-574d-43c7-a3aa-57b18ca26fed,C6608,409.1,GBP,Delta,Shopping,2026-06-27 10:26:06.381184,success,NONE,CA,mobile,False
39051113-36a3-4371-9340-eb9c5b537405,C5136,66.52,USD,Delta,Shopping,2026-05-03 10:26:06.381188,pending,NONE,US,tablet,False
a5516714-1857-4542-ad60-e5556d9b3939,C3737,428.54,USD,Amazon,Travel,2026-04-17 10:26:06.381191,success,NONE,FR,tablet,False
634657fc-d51e-41cc-941f-4bb565471d02,C1500,470.94,EUR,Amazon,Travel,2026-01-16 10:26:06.381195,pending,NONE,CA,mobile,False
c2636ba3-e45c-4b0a-b207-299827a52b8d,C5209,434.61,GBP,Walmart,Utilities,2026-05-29 10:26:06.381198,pending,NONE,JP,web,False
29d762ef-e5f0-4eb4-9f50-e28d6959e4d7,C8127,104.83,USD,Target,Dining,2026-08-29 10:26:06.381202,success,NONE,UK,web,False
8a5cb3a5-fe63-4648-b1a4-65ab89ee0dbc,C7263,347.69,GBP,Uber,Electronics,2026-08-02 10:26:06.381205,pending,NONE,FR,mobile,False
021a6f51-2b03-4272-8cfc-ee664f78ff15,C2108,62.72,EUR,Apple,Shopping,2025-09-07 10:26:06.381209,success,NONE,JP,mobile,False
b1dab827-90da-47f7-a8c3-868190dbfafe,C5020,87.41,USD,Delta,Travel,2026-02-11 10:26:06.381212,pending,NONE,CA,mobile,False
de1347a4-0a98-428f-a5c8-ee38a315073d,C3123,280.13,EUR,Apple,Utilities,2025-11-18 10:26:06.381216,success,NONE,DE,tablet,False
3e95d8fe-ae4c-468c-af1e-e70ebe7169b1,C8925,169.71,JPY,Delta,Travel,2026-01-22 10:26:06.381220,failed,E001,FR,mobile,True
51ea8ace-7a4d-4ea5-94be-87e120dd6ec1,C1384,173.58,USD,Starbucks,Electronics,2026-08-24 10:26:06.381223,pending,NONE,FR,web,False
e550be21-5e4f-46c6-a7d8-0436c8d20529,C3892,183.33,JPY,Target,Groceries,2026-05-23 10:26:06.381227,pending,NONE,JP,tablet,False
8cfa2ac7-bcd0-4533-aac1-573133a906bc,C3524,257.99,GBP,Uber,Dining,2026-04-22 10:26:06.381230,success,NONE,DE,tablet,False
2cfa1365-53b5-41dd-8403-cf65eef6e1a6,C8829,131.97,GBP,Delta,Shopping,2026-02-05 10:26:06.381234,failed,E001,DE,web,True
b637a793-dd99-4f66-9341-08684811d230,C4080,349.85,EUR,Costco,Utilities,2025-12-12 10:26:06.381238,pending,NONE,UK,web,False
8feac520-3dea-43f3-b083-84b1b618070e,C8978,164.32,GBP,Uber,Travel,2025-09-06 10:26:06.381241,pending,NONE,FR,tablet,False
65a6b168-e371-4685-8c28-a8eef11fa94e,C6863,129.19,USD,Apple,Utilities,2026-05-27 10:26:06.381245,pending,NONE,JP,web,False
8cc9ba58-3223-44bd-bc32-584872bd233f,C6495,498.33,GBP,Apple,Dining,2025-10-12 10:26:06.381248,failed,E002,JP,web,True
975ea3cc-6208-40b7-8a88-3c097d431207,C2820,484.77,GBP,Starbucks,Electronics,2026-02-21 10:26:06.381252,pending,NONE,FR,web,False
aa584ee9-5eda-4927-8aee-699ef2b7ae80,C2018,185.0,EUR,Uber,Shopping,2025-09-19 10:26:06.381255,pending,NONE,JP,mobile,False
8e3058a1-9a25-45c7-9314-e2b5bd3ac0d3,C3720,311.32,EUR,Uber,Utilities,2026-05-04 10:26:06.381259,pending,NONE,FR,mobile,False
a4d89e65-9e98-44a7-adb3-73c380c74730,C3364,151.53,JPY,Apple,Shopping,2025-09-14 10:26:06.381262,success,NONE,JP,mobile,False
64d6d5ae-74f8-48c1-80cd-146257028667,C2282,220.33,JPY,Amazon,Travel,2026-03-07 10:26:06.381266,failed,NONE,UK,tablet,True
4fdfa4e3-299c-4ea1-b517-771ea8d31c5a,C5682,468.34,GBP,Target,Groceries,2026-07-05 10:26:06.381270,success,NONE,DE,web,False
991cf595-f06e-4e7f-9897-34d2358f4301,C5958,45.63,JPY,Delta,Shopping,2025-11-29 10:26:06.381273,pending,NONE,UK,mobile,False
e55938e6-76fd-4f46-bd11-32043d86c9b1,C5227,304.74,JPY,Target,Electronics,2026-09-02 10:26:06.381277,pending,NONE,JP,tablet,False
d6320980-44ce-48a3-af5d-72a2886df0c0,C4831,325.8,EUR,Amazon,Electronics,2026-08-28 10:26:06.381280,success,NONE,JP,tablet,False
0f0e9df7-d7d0-4628-b7a2-3823f610ffca,C2806,415.3,EUR,Delta,Dining,2026-07-23 10:26:06.381284,pending,NONE,UK,web,False
e2ac8922-105b-47e3-897c-c8ec96248a6e,C1930,142.31,GBP,Starbucks,Utilities,2026-01-04 10:26:06.381287,pending,NONE,FR,mobile,False
bd5cba9d-ff8e-4853-bb1b-d9e9c139c90b,C6773,248.79,USD,Target,Electronics,2026-01-21 10:26:06.381292,pending,NONE,US,tablet,False
59324039-5376-4674-ac67-6a72a4aefe5f,C7360,190.41,GBP,Walmart,Travel,2026-07-29 10:26:06.381296,success,NONE,CA,web,False
c7d921b7-0fe2-4603-adcc-5b945245c83a,C4896,9.65,JPY,Walmart,Shopping,2025-12-22 10:26:06.381299,pending,NONE,FR,mobile,False
58af3fd3-3b39-49af-84ef-bdf9987cfa51,C8736,156.97,EUR,Delta,Dining,2025-09-07 10:26:06.381303,pending,NONE,US,tablet,False
ea6735ca-55ed-4c22-8791-b5562ef375e7,C7325,299.08,JPY,Delta,Groceries,2025-10-03 10:26:06.381306,failed,E003,DE,web,True
a05abe9f-3442-412b-bfcc-1543adf0ee6c,C7457,45.4,EUR,Walmart,Groceries,2026-07-18 10:26:06.381310,pending,NONE,US,tablet,False
da80cbaf-31d0-4421-b7d3-b30839ff3776,C5374,436.64,USD,Uber,Shopping,2025-10-31 10:26:06.381314,pending,NONE,DE,tablet,False
e250277f-dfeb-4dde-88d1-27b5234c52f9,C3138,379.5,USD,Starbucks,Electronics,2026-08-03 10:26:06.381317,success,NONE,US,mobile,False
f2b5f537-9a69-4408-bed0-6ae234974d65,C2002,292.58,GBP,Uber,Electronics,2025-10-27 10:26:06.381321,pending,NONE,UK,mobile,False
c4f229e1-3214-45d4-90ba-cb577dc049aa,C5529,461.21,USD,Target,Dining,2025-11-18 10:26:06.381324,failed,NONE,UK,mobile,True
49d8847f-ca32-4aac-8a0f-3e1f567805a7,C3462,126.01,GBP,Amazon,Electronics,2025-12-06 10:26:06.381328,failed,E001,FR,mobile,True
fe2cad2e-11ed-4a27-86d9-1705be320a1d,C2947,400.74,EUR,Target,Electronics,2026-08-20 10:26:06.381332,failed,E003,JP,tablet,True
cbe2f4c8-9e5a-49de-957c-36e91ef218e6,C8215,447.82,EUR,Delta,Shopping,2025-11-05 10:26:06.381336,pending,NONE,JP,tablet,False
61c1f574-3230-46ea-a2d6-710f59cdbd0c,C8278,435.55,JPY,Target,Travel,2026-03-17 10:26:06.381339,failed,E002,JP,web,True
04624b46-4860-4026-a9ff-87ce0bdeacab,C1194,239.15,JPY,Walmart,Dining,2025-12-07 10:26:06.381343,pending,NONE,CA,web,False
2753393a-2a7d-493c-b085-638845d997bd,C2728,134.89,GBP,Delta,Utilities,2026-02-03 10:26:06.381347,success,NONE,JP,tablet,False
4b0d0ed4-8f9e-4f09-80b7-c19ba6b95e7d,C1487,134.83,EUR,Amazon,Groceries,2026-04-19 10:26:06.381350,pending,NONE,JP,tablet,False
b8de525d-3e8b-4ab1-a2f7-7ab241e73209,C2809,381.53,EUR,Delta,Shopping,2026-01-07 10:26:06.381354,pending,NONE,CA,web,False
9b184be1-5b92-4bb8-9d63-92af29a62dbe,C4371,450.95,USD,Target,Travel,2026-02-17 10:26:06.381357,failed,E003,US,web,True
bb736ae9-4abb-4fce-b081-bee612245fac,C3522,291.95,GBP,Walmart,Shopping,2026-08-30 10:26:06.381361,failed,E003,UK,tablet,True
3012796b-42ac-4bd4-974c-6dda1d882197,C3642,445.54,GBP,Apple,Groceries,2025-10-02 10:26:06.381365,pending,NONE,FR,tablet,False
a48621bf-907f-4ae3-8d6c-f7bab3b20d93,C4113,387.67,JPY,Uber,Dining,2026-05-14 10:26:06.381368,success,NONE,UK,mobile,False
315d6929-e04b-4428-8aff-eaf75e848bd8,C3166,308.67,USD,Target,Shopping,2026-01-17 10:26:06.381372,success,NONE,US,web,False
fd46b8dc-eb5f-4c65-8fd7-30ba1c512f0e,C8958,33.54,USD,Costco,Electronics,2026-07-31 10:26:06.381375,pending,NONE,CA,web,False
331187bc-c367-49d3-85f4-93e8f08895d1,C5688,469.38,JPY,Delta,Utilities,2025-09-15 10:26:06.381379,pending,NONE,US,web,False
83409328-8603-4e48-bc20-73df9d0fc9a4,C2840,440.27,EUR,Costco,Electronics,2025-11-20 10:26:06.381382,success,NONE,JP,web,False
8efbb60d-2497-40d7-b631-703f8ad94e61,C8435,190.86,EUR,Delta,Utilities,2026-02-06 10:26:06.381386,success,NONE,JP,tablet,False
e12971dd-f63d-4f82-a07b-158f6db2790f,C9448,43.46,GBP,Apple,Electronics,2026-04-19 10:26:06.381390,success,NONE,FR,mobile,False
40aee765-2693-4787-b84e-158d303fee21,C3604,108.1,USD,Amazon,Electronics,2025-11-29 10:26:06.381393,failed,NONE,US,tablet,True
c5d5f684-cf24-49e6-a7e2-94fbd3d48172,C3579,486.61,GBP,Apple,Utilities,2026-07-02 10:26:06.381397,failed,NONE,DE,mobile,True
dfd46822-e3e0-4e1e-9bc7-0b81e584a73e,C4927,7.8,GBP,Amazon,Utilities,2026-05-08 10:26:06.381401,success,NONE,JP,web,False
985852c8-35e1-4cc9-b7c4-157d00905a93,C3073,243.48,GBP,Amazon,Shopping,2026-02-15 10:26:06.381404,pending,NONE,DE,web,False
f0d45afe-0c9e-49bd-a24d-1968e1a343aa,C8743,251.43,GBP,Amazon,Travel,2026-03-25 10:26:06.381408,success,NONE,US,web,False
54b3b37a-036c-49e3-bd22-57d55e63f6e2,C9452,346.1,GBP,Uber,Electronics,2026-06-11 10:26:06.381411,pending,NONE,CA,web,False
6742a382-a8f6-4f83-83fb-380ae5e65936,C2540,106.83,USD,Uber,Groceries,2026-05-27 10:26:06.381415,failed,E002,DE,mobile,True
2be070e3-72e9-41f9-a87f-185b26673ca9,C7866,496.61,USD,Target,Dining,2025-10-19 10:26:06.381418,pending,NONE,US,tablet,False
8b460836-06fc-4cef-9388-6f399e834d8a,C1107,346.14,JPY,Uber,Electronics,2025-10-12 10:26:06.381423,pending,NONE,CA,web,False
5804a36d-1b3b-4651-ba97-058840d34f2f,C8540,357.75,JPY,Amazon,Electronics,2026-06-16 10:26:06.381426,success,NONE,FR,web,False
8c2807ef-9168-4797-a499-9b9e0cc1a764,C6148,439.69,GBP,Amazon,Utilities,2026-02-02 10:26:06.381430,failed,E002,JP,tablet,True
13b43a37-0b20-479f-89eb-0fbb3d3921dc,C3954,344.25,GBP,Target,Shopping,2026-02-21 10:26:06.381434,success,NONE,US,mobile,False
68b5cc3c-d62b-4331-a152-a808148f8302,C2783,387.73,EUR,Apple,Travel,2025-10-04 10:26:06.381439,pending,NONE,US,web,False
ec021ca6-7807-4d41-956a-b5855742a01f,C1459,487.48,JPY,Amazon,Dining,2025-09-25 10:26:06.381443,failed,NONE,DE,web,True
cf137e99-3b76-471a-abdb-45f76beef2f6,C7814,391.9,USD,Amazon,Electronics,2026-01-29 10:26:06.381446,failed,NONE,JP,tablet,True
4eee0eef-fe29-4800-95f2-0262fccf51b6,C9026,53.85,EUR,Delta,Dining,2025-10-04 10:26:06.381450,failed,E003,FR,mobile,True
bd8ff110-6276-478c-bfb1-269e8df1e86c,C5348,229.01,GBP,Costco,Shopping,2026-01-23 10:26:06.381454,pending,NONE,UK,mobile,False
b2524a08-7252-4973-8e34-be8c2ed3418d,C9549,224.66,USD,Uber,Groceries,2026-08-29 10:26:06.381457,success,NONE,US,web,False
63fe0b51-9e65-48e1-8a69-e254420a7969,C5493,478.88,USD,Uber,Utilities,2025-12-17 10:26:06.381461,pending,NONE,CA,mobile,False
9f1e77ad-f6fe-4468-b6d9-de1a7cd7c272,C2386,371.25,USD,Delta,Utilities,2026-08-30 10:26:06.381464,success,NONE,US,web,False
4ad28ac7-c2c5-4151-8b19-7beb4fdefd29,C3075,394.2,GBP,Starbucks,Dining,2026-08-15 10:26:06.381468,failed,NONE,US,tablet,True
02bd798f-5f43-4da7-a017-9fb4bc7eb1ec,C4856,401.75,EUR,Apple,Dining,2026-06-04 10:26:06.381472,pending,NONE,DE,tablet,False
99bf6b2d-a4bf-4bf1-8889-855dd013388a,C8379,144.99,JPY,Walmart,Travel,2025-12-16 10:26:06.381475,success,NONE,FR,mobile,False
306b023a-baa8-496b-a009-b852a658c16a,C4795,252.94,GBP,Walmart,Shopping,2025-10-01 10:26:06.381479,success,NONE,JP,tablet,False
9d6400e3-4ffb-4c43-b565-769b272237a7,C4235,176.15,USD,Amazon,Groceries,2026-05-19 10:26:06.381483,failed,E002,UK,mobile,True
fbabf41e-c37c-4089-88f9-df596d911269,C5817,50.15,USD,Costco,Dining,2025-10-23 10:26:06.381486,success,NONE,US,tablet,False
681b026a-6df3-4eb6-beac-1cca54e02109,C9165,260.22,USD,Amazon,Groceries,2026-05-08 10:26:06.381490,pending,NONE,US,tablet,False
134521f0-b13e-498b-9a4d-b3fded5165c4,C6705,470.42,GBP,Apple,Electronics,2026-08-20 10:26:06.381494,failed,E002,DE,web,True
08508ee4-d8c5-463a-a0bc-e1eee6aa9636,C5938,167.42,JPY,Target,Groceries,2026-01-25 10:26:06.381497,failed,E002,JP,web,True
5f5730e3-e537-4c3f-b314-016b37b2b2c8,C2191,96.15,JPY,Uber,Shopping,2025-10-23 10:26:06.381501,failed,NONE,DE,mobile,True
3011e9aa-0b61-4f9f-a705-f3a5f6de6fdb,C6219,67.4,EUR,Target,Travel,2026-08-08 10:26:06.381505,pending,NONE,CA,web,False
01a154cd-9611-4948-8053-446f4757ce31,C1298,210.81,EUR,Amazon,Dining,2026-05-07 10:26:06.381508,success,NONE,JP,tablet,False
aa3030e5-a064-4ccc-99e6-fc046f21111d,C5784,305.16,GBP,Target,Dining,2025-12-11 10:26:06.381512,pending,NONE,JP,tablet,False
e24bef53-6665-4fc6-9a00-8c31d7ef923e,C6202,426.86,USD,Amazon,Utilities,2025-09-11 10:26:06.381515,success,NONE,UK,tablet,False
8a337c28-7055-4c85-b677-24ab2dd46a65,C6506,79.61,EUR,Target,Groceries,2026-05-14 10:26:06.381519,failed,E001,FR,web,True
95c6ae7d-b740-4fe7-89d9-c874b90c7483,C8598,63.69,GBP,Target,Dining,2026-08-03 10:26:06.381522,success,NONE,US,web,False
4cd399a9-280a-41ff-bac3-ea864fe92f3f,C1743,93.33,USD,Delta,Dining,2026-08-20 10:26:06.381526,success,NONE,FR,mobile,False
261a7164-7e68-40d0-88f3-47590a7bc2e0,C4040,164.08,USD,Costco,Shopping,2026-01-11 10:26:06.381529,success,NONE,CA,tablet,False
4c37bd87-8465-4f0e-96c2-b55ff97519d4,C9606,211.45,GBP,Uber,Travel,2026-03-13 10:26:06.381533,success,NONE,DE,tablet,False
72b9c989-d3ac-4c2c-abe8-31249a408093,C1600,15.69,EUR,Target,Electronics,2026-05-30 10:26:06.381537,success,NONE,CA,web,False
4c975b5e-a3ac-44ac-baa2-7181bb675e87,C9040,239.87,JPY,Amazon,Dining,2026-01-19 10:26:06.381541,success,NONE,JP,web,False
bb112279-fc72-4e52-9f14-e6b0dc89ca63,C5507,364.56,USD,Walmart,Electronics,2026-01-12 10:26:06.381544,pending,NONE,CA,tablet,False
5cd62e74-c93e-4560-bf3a-e3b171d017f6,C9218,185.44,GBP,Delta,Utilities,2026-05-18 10:26:06.381548,pending,NONE,CA,mobile,False
44a8b5c5-2c98-47c4-a2e6-aa09033cb522,C3373,470.73,EUR,Amazon,Groceries,2025-12-27 10:26:06.381554,failed,E001,JP,mobile,True
8cb88eee-f307-42a2-8a02-f2ea9d98a203,C7002,238.07,JPY,Uber,Groceries,2025-12-17 10:26:06.381558,success,NONE,DE,web,False
cd2e2a2f-03da-403d-b6a1-a9cb4d670367,C9941,475.78,EUR,Costco,Groceries,2026-06-19 10:26:06.381562,failed,E001,UK,tablet,True
9f3c65f9-e949-420b-a7a2-b6cb8645919a,C9127,234.8,USD,Starbucks,Travel,2025-09-16 10:26:06.381565,success,NONE,DE,mobile,False
ca02f4dc-2f6c-4596-a616-15596bc3f476,C1579,291.14,EUR,Amazon,Dining,2026-02-27 10:26:06.381569,pending,NONE,JP,mobile,False
8fd566a1-6657-4c3e-94c6-8688a44a029d,C5273,483.36,USD,Apple,Shopping,2025-09-19 10:26:06.381573,failed,E001,UK,mobile,True
c85d72a8-1e12-48c3-8d20-eceea8a314ff,C7693,6.59,EUR,Uber,Utilities,2025-11-26 10:26:06.381576,failed,E003,DE,mobile,True
b235d5db-9c16-4025-aea8-499028e9ec67,C2326,222.03,GBP,Target,Shopping,2025-12-23 10:26:06.381580,pending,NONE,US,web,False
8ce3c248-4a56-4a43-b969-c2027f796884,C3814,436.12,JPY,Amazon,Dining,2026-02-19 10:26:06.381584,pending,NONE,CA,mobile,False
9d21d1e4-d3ea-4872-a46a-465cd1d6ea65,C3299,92.32,GBP,Target,Utilities,2026-03-21 10:26:06.381588,pending,NONE,FR,mobile,False
356bbdb2-ffa0-4f56-b82e-2ea5dcf4d781,C8110,282.1,USD,Walmart,Travel,2026-08-25 10:26:06.381592,pending,NONE,FR,mobile,False
4aa3318e-6601-4661-a9a2-6b0e45a1686c,C8474,273.55,EUR,Starbucks,Utilities,2025-12-10 10:26:06.381595,pending,NONE,FR,mobile,False
9fca0b14-6710-4075-8cfd-ac11e2af03e9,C2074,435.67,GBP,Delta,Electronics,2026-05-04 10:26:06.381599,pending,NONE,JP,web,False
4be4fb2a-f4db-4faa-9fd2-dc8e6c1d9ce1,C2544,124.19,EUR,Target,Utilities,2026-03-20 10:26:06.381602,success,NONE,DE,web,False
a38311e8-a433-4533-8e9a-47604b5fbf5d,C7921,268.11,USD,Target,Dining,2025-11-12 10:26:06.381606,failed,E003,JP,web,True
04dfdabd-b9d7-4b0f-881a-a1cc44b3cf0b,C7461,319.98,EUR,Costco,Electronics,2026-05-08 10:26:06.381610,failed,E002,JP,mobile,True
5368fa30-7435-4d5a-8a23-960b96f2f68d,C7691,218.54,JPY,Starbucks,Travel,2026-05-01 10:26:06.381614,failed,NONE,UK,tablet,True
a4325648-e875-4f62-8332-1108c15a3441,C2726,331.36,GBP,Amazon,Groceries,2025-11-25 10:26:06.381618,success,NONE,DE,web,False
bc344f15-6b69-4208-8ed4-3c8e8f79c348,C9786,25.54,EUR,Target,Utilities,2026-02-09 10:26:06.381621,failed,NONE,US,tablet,True
56742866-db27-4c9e-bb59-061150ab45c2,C5429,265.97,EUR,Uber,Utilities,2025-09-04 10:26:06.381625,failed,NONE,DE,web,True
19474484-1ffa-48e2-a9d9-6518b0b827b5,C8143,390.35,USD,Target,Groceries,2026-05-10 10:26:06.381629,pending,NONE,DE,tablet,False
8fc44096-2ef7-4333-85c7-c80a7d9b4c11,C7164,204.55,USD,Costco,Dining,2026-03-16 10:26:06.381632,success,NONE,CA,mobile,False
b01f8d53-95d9-4913-a835-28510fc7d82b,C5052,164.15,JPY,Target,Electronics,2026-07-13 10:26:06.381636,failed,NONE,UK,mobile,True
c86ddade-6155-40ca-84c5-444ea952c266,C5514,32.46,GBP,Uber,Utilities,2025-12-17 10:26:06.381639,pending,NONE,JP,mobile,False
715c6489-bd11-46cd-861a-fca42754b71f,C8532,349.48,JPY,Uber,Dining,2025-12-19 10:26:06.381643,pending,NONE,FR,web,False
0a4c0dfb-cd40-40aa-bea2-a56f12d1a04a,C3413,269.3,JPY,Uber,Shopping,2026-08-12 10:26:06.381646,success,NONE,DE,tablet,False
e05adef2-37dd-4907-913c-98bb2231ec45,C3488,109.25,EUR,Costco,Dining,2026-07-02 10:26:06.381650,failed,E003,FR,web,True
b3a9a3f8-a7ad-4e11-868c-b2ba1db8d58b,C7795,374.06,EUR,Amazon,Utilities,2025-12-17 10:26:06.381654,pending,NONE,JP,web,False
121a3b2e-62c9-4b88-ba4c-c3f185660ff2,C8667,447.87,EUR,Costco,Shopping,2025-09-11 10:26:06.381657,failed,E001,DE,tablet,True
5299cf4a-2115-4801-8461-d43db3d53228,C9218,105.38,USD,Uber,Electronics,2026-05-06 10:26:06.381661,failed,NONE,US,web,True
a1a3816e-d43f-4500-ab9d-ac08ec70c3db,C3901,245.55,USD,Uber,Utilities,2025-10-09 10:26:06.381665,success,NONE,JP,web,False
4b882096-d667-4096-8046-e44ee1e5bcb9,C7175,293.91,GBP,Apple,Groceries,2026-04-24 10:26:06.381668,success,NONE,JP,web,False
23f87863-b533-4c2f-a8de-35964aca030b,C4606,468.3,EUR,Amazon,Shopping,2026-06-04 10:26:06.381672,success,NONE,US,web,False
d9575328-5f2e-4646-a2b2-9726e1aa08d7,C6210,483.72,JPY,Costco,Groceries,2026-08-30 10:26:06.381675,pending,NONE,JP,mobile,False
2dec8f06-16de-4846-b2fb-85eb59941b73,C6986,86.74,JPY,Delta,Dining,2026-05-31 10:26:06.381679,failed,E002,JP,tablet,True
aa273259-037d-4f24-b7a2-b30f18243912,C2312,101.48,USD,Delta,Dining,2026-06-21 10:26:06.381683,pending,NONE,JP,web,False
74462a1c-a1b6-4ab8-9492-c37185a8037d,C9449,78.77,EUR,Delta,Electronics,2026-03-28 10:26:06.381686,success,NONE,DE,web,False
5d31daa6-f0a8-4349-adc6-a7497fc72fa4,C7306,397.32,GBP,Starbucks,Utilities,2025-12-01 10:26:06.381690,success,NONE,CA,mobile,False
558eb7fc-ed3f-4164-9dd5-5ea0bb9a67f9,C4641,455.79,EUR,Walmart,Utilities,2025-11-16 10:26:06.381693,success,NONE,CA,web,False
972efa82-ef4b-4191-b976-5b313b4fcc47,C6250,372.06,GBP,Amazon,Utilities,2025-12-05 10:26:06.381697,success,NONE,US,tablet,False
f8115284-7de0-46bb-bbc1-2456ae04cb5e,C8909,29.04,JPY,Walmart,Electronics,2026-08-07 10:26:06.381700,pending,NONE,FR,tablet,False
db5e95b0-40ab-4153-8bc4-b4e371727738,C7141,231.41,GBP,Uber,Travel,2026-01-07 10:26:06.381704,failed,E003,CA,web,True
46c3f134-2cc8-4c06-9741-0b88909eb4ed,C9909,50.5,USD,Starbucks,Electronics,2026-04-16 10:26:06.381708,pending,NONE,DE,mobile,False
00a7f84f-895a-4e1f-83b2-3ea76c231f76,C9388,417.32,USD,Costco,Shopping,2025-11-25 10:26:06.381711,success,NONE,JP,tablet,False
3edba922-2ce3-487a-817f-d69684cc1cee,C8123,481.14,GBP,Walmart,Dining,2025-12-14 10:26:06.381715,success,NONE,US,web,False
f37da046-7424-408e-92ed-aed4579e7e35,C2937,296.02,EUR,Costco,Groceries,2025-10-23 10:26:06.381719,success,NONE,FR,web,False
261db3e6-2180-436e-bcab-a6e95234ad52,C8620,157.7,USD,Walmart,Groceries,2025-10-22 10:26:06.381722,success,NONE,UK,mobile,False
98775aba-f045-4f89-a9c7-e8b32ffb9b98,C5736,400.02,USD,Starbucks,Shopping,2026-08-24 10:26:06.381726,failed,E002,UK,mobile,True
adcd1e5d-3065-4d2f-bea2-0889c9423959,C9033,289.59,JPY,Costco,Utilities,2026-02-24 10:26:06.381729,failed,E002,CA,web,True
58669183-38f5-4891-ac77-5c60caebdd22,C4684,379.56,EUR,Starbucks,Travel,2026-07-06 10:26:06.381734,pending,NONE,FR,web,False
4b043acf-c1fe-4528-8238-f83f31ca99e5,C8557,278.99,GBP,Target,Electronics,2026-06-04 10:26:06.381738,failed,E001,UK,mobile,True
2b3ef6ac-1a20-4dfb-8e64-c2d0bd009173,C6769,287.08,EUR,Walmart,Dining,2026-04-24 10:26:06.381741,pending,NONE,DE,mobile,False
eefa6b0f-2f82-4f76-a8b4-e9370e924151,C2390,141.41,EUR,Costco,Travel,2025-09-05 10:26:06.381745,failed,E002,US,mobile,True
446a683e-4edd-4663-b481-51aa417c0179,C4026,109.75,EUR,Delta,Shopping,2026-02-11 10:26:06.381748,success,NONE,US,mobile,False
f6eacd4e-b140-4d14-ba8d-262fa2f3f93b,C7209,377.74,EUR,Starbucks,Electronics,2026-03-29 10:26:06.381752,pending,NONE,US,mobile,False
e869c16e-4c02-45a2-a926-39c345bb11d2,C4873,303.27,USD,Walmart,Shopping,2026-07-10 10:26:06.381755,pending,NONE,US,tablet,False
3320df47-bf45-4bf1-b0d0-54d0cc0ec62f,C9193,439.55,GBP,Costco,Groceries,2026-03-01 10:26:06.381759,pending,NONE,CA,mobile,False
ce795109-4e76-446c-a01f-05c4ef833bc2,C3337,447.19,USD,Costco,Groceries,2026-07-20 10:26:06.381762,success,NONE,JP,web,False
8591353d-47e2-4580-a972-d253a71ea834,C7626,368.45,GBP,Costco,Utilities,2025-10-08 10:26:06.381766,success,NONE,DE,web,False
084bb621-bcc5-4125-aeb5-1eff11162159,C9890,237.16,USD,Starbucks,Utilities,2026-05-19 10:26:06.381769,success,NONE,FR,tablet,False
4fbf8476-3299-4e05-9f20-2f5e62c4f85c,C6591,446.74,USD,Apple,Electronics,2026-03-27 10:26:06.381773,success,NONE,DE,tablet,False
7b819ff1-8b54-4cd2-b607-8374f2a95715,C9332,5.73,JPY,Starbucks,Shopping,2026-01-26 10:26:06.381777,failed,E001,DE,mobile,True
ed5446e1-f91e-45db-8b0e-bad78cf794e7,C4143,456.71,GBP,Delta,Groceries,2025-09-29 10:26:06.381780,pending,NONE,UK,web,False
12a63217-daab-4989-a905-25d9d3d10f63,C7685,497.81,GBP,Starbucks,Utilities,2026-01-29 10:26:06.381784,pending,NONE,DE,mobile,False
b160da72-febb-428e-a42f-fe111e77b1c5,C5363,341.94,GBP,Apple,Shopping,2026-03-08 10:26:06.381787,success,NONE,US,web,False
7132e253-e2d0-4312-9df9-cc41b8359d63,C3284,145.32,USD,Costco,Groceries,2026-01-31 10:26:06.381791,success,NONE,JP,tablet,False
dd525b6a-8773-4c71-b662-e6309d92e67d,C7440,333.33,EUR,Uber,Travel,2026-05-09 10:26:06.381794,success,NONE,FR,tablet,False
61e49b57-ac07-4db9-b0de-65f1eed433c8,C4043,351.63,USD,Apple,Groceries,2026-02-11 10:26:06.381798,success,NONE,UK,web,False
013fc916-ec9c-48d7-85da-82b57335a850,C2324,19.17,EUR,Delta,Shopping,2026-07-25 10:26:06.381801,success,NONE,DE,tablet,False
abebfd1d-4b1f-44c0-b485-343c37d0d5f2,C8951,307.03,GBP,Apple,Electronics,2026-07-21 10:26:06.381805,failed,E001,US,web,True
e8d72044-3c67-4a42-b0f5-65f8424dd9c8,C1131,143.25,JPY,Starbucks,Dining,2026-06-20 10:26:06.381809,pending,NONE,UK,mobile,False
dd29d6c7-e525-4b2d-a868-b3d68a316d21,C2366,322.17,JPY,Costco,Dining,2026-03-10 10:26:06.381812,pending,NONE,US,web,False
bda6a6dc-56e9-4836-8aef-8f8f7dda9475,C6939,85.52,JPY,Costco,Electronics,2026-05-03 10:26:06.381816,success,NONE,FR,mobile,False
911ba7e2-2c69-4c5f-8151-da14b8c4bbea,C9504,410.52,EUR,Target,Electronics,2026-09-02 10:26:06.381819,pending,NONE,FR,mobile,False
09fce48c-f3d7-4538-820e-6e2168da5c96,C8758,189.59,GBP,Apple,Travel,2025-10-31 10:26:06.381823,failed,E002,DE,mobile,True
00ed3949-ade5-48c2-aeba-61734d0acfb0,C5266,378.4,USD,Target,Shopping,2026-08-30 10:26:06.381827,failed,NONE,JP,web,True
5c8cc2d4-cdee-496d-a3d6-59ffc8e6a1fc,C1782,490.49,JPY,Uber,Utilities,2025-09-27 10:26:06.381830,success,NONE,JP,mobile,False
cb4e088e-4d1e-4595-81cb-28727e88bf14,C6499,172.96,USD,Target,Dining,2025-12-17 10:26:06.381834,failed,E002,JP,tablet,True
d61f3cea-eb80-49f6-a1db-d33131c4f745,C3698,149.91,GBP,Uber,Groceries,2026-02-14 10:26:06.381837,pending,NONE,DE,web,False
88a32a14-d287-4812-ad69-167b0a222bc4,C7725,302.17,JPY,Delta,Shopping,2025-11-12 10:26:06.381841,failed,E001,CA,tablet,True
c130dea6-59c1-4b69-8086-314b2ddbdf2a,C6603,97.47,EUR,Amazon,Utilities,2026-07-12 10:26:06.381845,failed,E001,CA,tablet,True
41a7a652-94a1-4abe-9b02-0122ffb5eade,C7874,150.97,USD,Amazon,Groceries,2026-05-18 10:26:06.381848,pending,NONE,US,mobile,False
2e54f4e2-f6cb-43a2-93e3-c006c3d7b059,C4703,213.64,USD,Delta,Utilities,2025-11-05 10:26:06.381852,pending,NONE,JP,web,False
900a2d90-8411-4106-b492-81e0e8f59e31,C1851,75.4,GBP,Apple,Utilities,2026-04-20 10:26:06.381856,failed,E002,CA,mobile,True
53e901f7-ea56-443d-9dc3-1f5fa3c2c35f,C2096,125.74,USD,Apple,Groceries,2026-07-06 10:26:06.381859,failed,NONE,UK,tablet,True
827f7d16-2c71-49b5-84ed-06f4bbdc0f9b,C7792,347.37,EUR,Starbucks,Utilities,2025-10-13 10:26:06.381863,failed,NONE,DE,tablet,True
eaad78c3-f357-4d0f-a28b-4d812f1bbd91,C9418,394.2,EUR,Apple,Utilities,2025-09-27 10:26:06.381867,pending,NONE,JP,web,False
642f7390-5c96-4940-8daf-169b24914b37,C4702,188.0,JPY,Uber,Utilities,2026-01-07 10:26:06.381870,failed,E002,JP,mobile,True
994a79ec-7b15-41d5-815f-43d349533692,C7026,67.0,EUR,Delta,Electronics,2026-06-06 10:26:06.381874,failed,E002,CA,tablet,True
40d3b839-dee3-4da4-b2ad-bb73211a4900,C7883,379.74,EUR,Starbucks,Utilities,2026-07-19 10:26:06.381879,success,NONE,UK,tablet,False
58c24475-8711-4906-9ed1-aa06ebf36ffe,C1103,135.58,EUR,Delta,Shopping,2026-05-12 10:26:06.381882,pending,NONE,UK,mobile,False
ad6f98f5-08f1-45cb-beb4-881bbcbae48c,C6256,316.18,EUR,Delta,Groceries,2026-03-20 10:26:06.381886,failed,E003,DE,tablet,True
1a2be390-9ad4-411d-b1fe-3efdf231bd49,C2590,314.35,JPY,Amazon,Electronics,2026-06-28 10:26:06.381890,success,NONE,US,web,False
073e8a50-40dd-4aa3-bc8b-85a06080994c,C6706,270.7,GBP,Starbucks,Electronics,2025-12-16 10:26:06.381893,success,NONE,FR,web,False
38dcfd2c-357b-4792-9286-d46c3baa6d31,C6939,159.26,USD,Apple,Utilities,2025-09-19 10:26:06.381897,success,NONE,US,web,False
ce0e4421-8cd9-42b4-a200-296ae9ec1645,C7257,223.63,JPY,Starbucks,Travel,2026-03-12 10:26:06.381900,failed,NONE,JP,mobile,True
c6f758aa-497f-4990-949b-3a828ab6ac02,C2128,6.42,EUR,Apple,Travel,2025-12-18 10:26:06.381904,failed,NONE,JP,web,True
cc66d4ab-9d38-4e97-a387-934d30311421,C5089,201.57,USD,Delta,Utilities,2026-04-21 10:26:06.381908,success,NONE,CA,mobile,False
569ea378-f107-4aac-9a81-90229ddf3ba5,C6290,226.66,USD,Apple,Travel,2026-02-18 10:26:06.381912,failed,E003,UK,mobile,True
80f9c480-af66-43e6-962d-6d2712ca9b61,C6150,405.16,GBP,Target,Travel,2026-01-04 10:26:06.381915,pending,NONE,CA,mobile,False
3b45406b-d6b2-4bd7-a9cf-b00d468557f1,C8615,374.12,JPY,Walmart,Groceries,2025-11-01 10:26:06.381919,failed,E001,DE,mobile,True
5d11d02d-6349-4e1e-94d5-22bbebfc31f4,C3885,92.31,GBP,Starbucks,Shopping,2026-01-03 10:26:06.381922,success,NONE,US,web,False
e9a64176-8e19-4a48-a043-2dce63c08fb5,C9655,337.38,USD,Delta,Electronics,2026-05-08 10:26:06.381927,success,NONE,JP,mobile,False
360e7d7b-b171-4b38-a585-512e7385221a,C8400,476.67,USD,Target,Shopping,2026-04-13 10:26:06.381930,success,NONE,JP,web,False
7cae9161-da64-4aa4-ad9a-7361ed9a4689,C5049,35.22,USD,Starbucks,Utilities,2026-01-19 10:26:06.381934,failed,NONE,DE,mobile,True
c0e97691-a427-410a-ae08-799f775587de,C2164,240.43,JPY,Apple,Electronics,2026-07-30 10:26:06.381938,success,NONE,FR,tablet,False
6e1af214-dd78-46e7-82f0-3773b9743f1a,C7310,130.94,EUR,Starbucks,Dining,2026-04-10 10:26:06.381941,pending,NONE,UK,mobile,False
e91b13ab-9dd4-4364-b299-b7c82b1cc395,C7070,458.97,USD,Costco,Groceries,2026-07-06 10:26:06.381945,pending,NONE,US,mobile,False
f1710772-04eb-4fb2-8eef-2751fca785ff,C8627,205.76,JPY,Starbucks,Groceries,2025-11-30 10:26:06.381949,pending,NONE,CA,web,False
1c211880-4311-4007-87c6-c83261ef20f0,C5623,99.9,GBP,Amazon,Dining,2025-09-24 10:26:06.381952,pending,NONE,CA,tablet,False
9c9e8974-6376-4177-a96c-65856c5a29ec,C1674,203.27,USD,Starbucks,Groceries,2026-07-12 10:26:06.381956,success,NONE,UK,mobile,False
a3382a7e-6495-4c6e-8ba7-ac404fe0f79f,C2372,169.85,USD,Apple,Dining,2026-02-25 10:26:06.381959,failed,E003,DE,mobile,True
a6247ce8-5571-404b-97be-0243adba0716,C8490,436.23,GBP,Starbucks,Utilities,2025-12-30 10:26:06.381963,failed,E002,UK,tablet,True
56c35385-b9db-45aa-89d5-8145cf057df4,C1813,46.75,USD,Uber,Travel,2026-07-11 10:26:06.381967,success,NONE,US,tablet,False
22945688-7605-4f96-a5c8-0897517ffd1a,C5822,86.5,JPY,Uber,Travel,2025-09-28 10:26:06.381970,success,NONE,US,web,False
d8e3b389-f374-4891-af4e-c34303991aa5,C2944,173.62,GBP,Uber,Shopping,2026-08-27 10:26:06.381974,failed,E003,DE,tablet,True
f9874d1c-49aa-4d42-90a7-87c12416c031,C2637,338.42,GBP,Delta,Groceries,2025-11-20 10:26:06.381977,pending,NONE,JP,mobile,False
cf146b01-a7c9-428b-aee8-23495051e2c3,C8294,65.45,JPY,Costco,Shopping,2025-09-19 10:26:06.381981,failed,E002,FR,web,True
2c5cd74d-1bec-4320-906f-8135d2973678,C8468,267.2,JPY,Walmart,Travel,2025-12-04 10:26:06.381985,success,NONE,JP,mobile,False
f0544bd7-f0f4-48b3-b884-c642fe33d9af,C9059,247.66,EUR,Costco,Groceries,2025-09-28 10:26:06.381988,pending,NONE,US,web,False
29569d51-74e5-4a9a-838f-b71404cb6c98,C6006,423.31,GBP,Walmart,Travel,2026-07-22 10:26:06.381992,pending,NONE,CA,web,False
32881ef4-9b5a-4532-8c07-eb1721c4ddc8,C8119,206.02,GBP,Apple,Travel,2026-05-23 10:26:06.381995,success,NONE,JP,web,False
2a47d288-3c62-41af-b509-8ebeba95a220,C9449,494.01,EUR,Amazon,Electronics,2026-01-23 10:26:06.381999,failed,NONE,UK,web,True
13045d1e-c727-40bb-baac-ae6a154b9500,C2253,218.38,EUR,Starbucks,Dining,2026-02-19 10:26:06.382003,failed,E002,CA,mobile,True
eb539358-cef5-448a-8f57-e6569a9ba933,C5072,170.88,JPY,Amazon,Travel,2025-12-25 10:26:06.382006,failed,NONE,CA,web,True
8bfe956f-bfdc-44e6-bc26-67742e222f04,C1146,403.67,EUR,Delta,Groceries,2026-03-07 10:26:06.382010,pending,NONE,UK,mobile,False
776eef4a-a2c5-4463-b670-21bdd4eb0e24,C1393,267.16,USD,Uber,Shopping,2025-12-22 10:26:06.382013,success,NONE,CA,mobile,False
bbf8bcf3-fee5-4d2c-8c28-18fd4f05baed,C2281,82.49,JPY,Costco,Groceries,2026-02-23 10:26:06.382017,pending,NONE,FR,mobile,False
19bd4c50-e334-4311-bf23-de263ecdacbd,C2099,465.39,JPY,Uber,Dining,2026-03-24 10:26:06.382021,failed,E003,CA,web,True
8237ecbb-4947-4e6c-bf76-c3d3416946d7,C1413,474.38,EUR,Uber,Electronics,2026-08-28 10:26:06.382041,pending,NONE,UK,tablet,False
14d6f406-9f71-4b5f-89d0-55c551be329d,C1634,462.46,GBP,Uber,Shopping,2026-06-18 10:26:06.382045,success,NONE,FR,tablet,False
9b23125b-8b25-440e-91a6-78d7e401be9b,C8237,492.47,USD,Uber,Utilities,2026-03-05 10:26:06.382049,success,NONE,JP,mobile,False
014cb357-962e-4bb1-8df7-4138494fd2db,C2547,306.5,GBP,Costco,Groceries,2025-09-22 10:26:06.382052,pending,NONE,JP,tablet,False
bb765e20-c1f0-4d92-9f2e-5654e5212978,C6567,192.82,GBP,Target,Dining,2025-11-18 10:26:06.382056,pending,NONE,JP,tablet,False
d899cf4b-ef33-4533-a356-ea21e0b069bd,C9953,132.78,EUR,Delta,Electronics,2026-05-20 10:26:06.382059,failed,E001,JP,tablet,True
a40d49fa-e8cf-4120-adde-7365c0993e0a,C1211,10.7,JPY,Amazon,Travel,2026-03-14 10:26:06.382063,success,NONE,US,tablet,False
4f511552-8714-4294-91de-5407840d3cd8,C2960,21.06,GBP,Apple,Travel,2026-07-29 10:26:06.382066,pending,NONE,US,web,False
e3172aa5-ea05-4717-a04a-d97695605f23,C2894,91.8,EUR,Starbucks,Travel,2025-12-26 10:26:06.382070,success,NONE,US,tablet,False
1da04a2a-23ce-4e01-ab4a-7b431124a2df,C9006,256.4,JPY,Amazon,Groceries,2026-07-20 10:26:06.382073,success,NONE,JP,web,False
8c8816df-e4cf-45fa-8078-349ed0e926c5,C5203,253.91,EUR,Delta,Electronics,2026-05-06 10:26:06.382077,pending,NONE,UK,mobile,False
394da440-6ed9-4680-8225-d76e0f1bdaaa,C6611,257.61,GBP,Target,Groceries,2026-03-14 10:26:06.382081,success,NONE,JP,mobile,False
b3e64ca3-06b6-4cdc-b5c4-a8165f57a617,C1800,308.68,USD,Apple,Utilities,2025-09-23 10:26:06.382084,failed,E002,US,mobile,True
939cf6d7-24f8-4600-9e1e-b464929758ea,C4637,398.98,EUR,Costco,Utilities,2025-11-20 10:26:06.382088,success,NONE,DE,web,False
50005844-3102-4ee1-b039-818c5233365b,C7399,156.01,EUR,Starbucks,Shopping,2026-08-23 10:26:06.382091,success,NONE,JP,web,False
7ff4ac53-128c-4465-afa9-803a33be54a5,C3670,497.8,USD,Apple,Electronics,2026-07-24 10:26:06.382095,pending,NONE,DE,tablet,False
7f92da83-b865-4e02-800a-b6e25a48d892,C5516,148.16,JPY,Apple,Shopping,2026-05-07 10:26:06.382098,success,NONE,UK,web,False
ce6503af-a630-415e-bf5d-9b1b0feae17b,C7562,405.76,GBP,Amazon,Shopping,2026-04-20 10:26:06.382102,success,NONE,FR,mobile,False
991a84a8-5275-41f0-baeb-55b0e607c30a,C9501,249.14,GBP,Apple,Groceries,2026-01-21 10:26:06.382106,failed,E003,JP,mobile,True
fb5be2fc-b73a-4170-b198-b912b002a98f,C6764,387.99,EUR,Costco,Groceries,2025-09-29 10:26:06.382110,failed,NONE,JP,mobile,True
8e0ab61b-663e-4452-8a4f-1f8329d22e28,C8550,460.69,GBP,Amazon,Travel,2026-03-16 10:26:06.382113,success,NONE,UK,tablet,False
f4d9b2d6-0ca9-4793-97ea-ed92f633ddc4,C6226,113.97,USD,Costco,Shopping,2026-01-31 10:26:06.382117,success,NONE,JP,web,False
4aed24e0-0d6e-40e0-9c4e-485359646c16,C6717,384.58,EUR,Apple,Dining,2025-11-24 10:26:06.382120,pending,NONE,US,mobile,False
929167ca-3101-4cf4-b49a-b46ca55e245c,C8491,66.67,GBP,Costco,Travel,2026-08-09 10:26:06.382124,success,NONE,US,tablet,False
825847c9-d544-4326-8a27-d1b0a14aeb1b,C2621,383.42,JPY,Delta,Groceries,2026-03-25 10:26:06.382128,failed,E001,FR,tablet,True
bcae5515-1345-48a1-9bce-afc0dcd36ade,C2967,307.65,EUR,Walmart,Utilities,2025-12-18 10:26:06.382131,pending,NONE,US,mobile,False
ff2ee80d-6ec7-4aba-82e2-dadc2d291599,C6298,176.02,GBP,Costco,Electronics,2026-02-13 10:26:06.382135,failed,E001,CA,web,True
68764d71-fd12-4ea4-974a-679afd50bac2,C4339,176.86,GBP,Delta,Shopping,2025-10-27 10:26:06.382139,failed,E001,UK,mobile,True
eaaeaf62-4ce0-4a95-86bd-6ff0e71c7d31,C6132,161.4,JPY,Costco,Electronics,2026-03-23 10:26:06.382142,pending,NONE,CA,mobile,False
c125dd1c-0327-4724-8a1c-c2969f33e123,C5450,440.8,GBP,Starbucks,Electronics,2026-05-17 10:26:06.382146,success,NONE,FR,web,False
62e16858-c31d-4884-ba4c-7e8ac1a874b6,C1209,493.66,EUR,Uber,Electronics,2026-04-01 10:26:06.382149,failed,E003,FR,mobile,True
e310b10d-3b5b-48ce-bc73-ee9aedd5c346,C6645,21.12,USD,Walmart,Dining,2025-09-26 10:26:06.382153,failed,NONE,CA,web,True
1bbe2331-64a1-4919-9b77-76bb662c7e27,C2928,211.13,EUR,Starbucks,Utilities,2025-11-23 10:26:06.382157,success,NONE,CA,mobile,False
26498ccc-dc6c-4a4b-a722-6dd20a24894c,C8450,5.29,GBP,Target,Electronics,2026-06-15 10:26:06.382160,failed,E003,CA,web,True
d314cb6f-f169-4bbf-931f-1691a8c78571,C8809,182.94,GBP,Uber,Electronics,2025-11-23 10:26:06.382164,pending,NONE,FR,web,False
db9a04da-6a4e-401a-b3ba-95510d545eeb,C4438,146.72,JPY,Costco,Groceries,2026-07-12 10:26:06.382168,failed,E003,UK,web,True
eca90d7b-86b1-40c5-8bf5-0970c84e917f,C8230,360.89,USD,Delta,Dining,2025-11-04 10:26:06.382171,failed,E002,JP,tablet,True
fc0165ec-239f-4891-a019-185ffc89e3c6,C9140,474.68,JPY,Costco,Utilities,2025-12-29 10:26:06.382175,failed,E002,JP,mobile,True
68a378ed-d8c8-487a-9e42-b86d7943bf1e,C2157,74.14,USD,Target,Groceries,2025-09-16 10:26:06.382178,pending,NONE,UK,web,False
c57652d7-4318-4034-95e8-87487f4fa377,C4542,449.24,GBP,Uber,Dining,2025-09-17 10:26:06.382182,success,NONE,FR,tablet,False
72e7a9fd-7abd-49cd-a470-1779fd3ae3d7,C2741,81.45,USD,Uber,Electronics,2025-10-19 10:26:06.382187,failed,E002,UK,tablet,True
fee03a34-9088-4e60-86fd-7f0de13db4be,C8901,340.18,EUR,Target,Groceries,2026-08-27 10:26:06.382190,failed,NONE,JP,web,True
1a7deb3f-8606-4b66-aa97-f6b818fc9834,C6695,385.9,EUR,Amazon,Electronics,2025-10-03 10:26:06.382194,pending,NONE,DE,web,False
a8ac82d1-bb03-405f-83c8-48b04452e54f,C1534,75.64,USD,Starbucks,Utilities,2026-05-04 10:26:06.382198,failed,E001,CA,web,True
21a8a8f9-48d2-4023-b994-add234cdac66,C7094,115.41,EUR,Starbucks,Dining,2025-09-07 10:26:06.382201,success,NONE,UK,mobile,False
6b9374cd-c6f2-48ef-9fb6-6a8f68cd7bfe,C8438,481.34,JPY,Apple,Utilities,2025-12-07 10:26:06.382205,success,NONE,DE,mobile,False
69e7fcb4-6b35-4724-a2fb-1e999902d998,C9273,272.94,GBP,Costco,Utilities,2026-01-16 10:26:06.382208,pending,NONE,CA,tablet,False
8ef283d3-5677-4167-a716-b2bbc0fc74e0,C7209,19.84,EUR,Uber,Dining,2025-11-08 10:26:06.382212,success,NONE,JP,tablet,False
483b5ec6-9986-4d7d-a69b-f1729f1d97ab,C2503,462.56,EUR,Uber,Shopping,2026-05-16 10:26:06.382215,success,NONE,CA,tablet,False
cc4b2647-109c-407e-ab9b-1958b5908a9d,C1170,425.24,EUR,Target,Utilities,2026-07-06 10:26:06.382219,pending,NONE,UK,web,False
9b86cfde-61f7-482f-b10a-36e549494bd9,C9540,419.59,EUR,Walmart,Electronics,2025-12-06 10:26:06.382222,pending,NONE,US,mobile,False
4b3ee092-e8e9-4772-905a-b3f824cef571,C1770,248.82,EUR,Costco,Travel,2025-11-13 10:26:06.382226,failed,E001,JP,web,True
c9fda6ce-602d-47f2-8e94-23cef5eff6ae,C4468,344.68,GBP,Apple,Dining,2025-12-12 10:26:06.382230,failed,NONE,CA,web,True
4beaf1e4-6d0b-468e-8ff6-b3b2bfa13bdb,C3435,489.86,EUR,Amazon,Groceries,2026-05-20 10:26:06.382234,success,NONE,CA,mobile,False
993ba5f1-d813-4ff1-b4f4-aad6072e5d55,C5989,392.23,EUR,Starbucks,Utilities,2025-10-16 10:26:06.382237,failed,NONE,DE,mobile,True
76480315-af0a-44ea-8e05-855fc6bc2dd4,C9692,183.33,EUR,Amazon,Shopping,2026-08-26 10:26:06.382241,success,NONE,FR,tablet,False
2df7a08c-ef06-42a1-a555-3db2f8f840fc,C7287,145.05,EUR,Starbucks,Electronics,2026-04-27 10:26:06.382244,pending,NONE,FR,web,False
64cd113b-210b-4aca-8ab5-832f87f06106,C5008,445.1,GBP,Delta,Travel,2026-02-13 10:26:06.382248,failed,E001,JP,web,True
1547804f-09b2-47ff-bb61-a633e367f788,C4926,298.17,JPY,Apple,Shopping,2025-12-23 10:26:06.382252,success,NONE,JP,tablet,False
6ba4b61d-2e77-4191-af02-a988cff1bca3,C2577,333.73,USD,Uber,Dining,2026-02-22 10:26:06.382255,success,NONE,CA,tablet,False
a91c8caf-c67c-4589-a693-e0c82168abae,C4890,45.07,GBP,Target,Travel,2025-10-09 10:26:06.382259,failed,NONE,US,tablet,True
f76ee9ef-0993-43c3-9e33-91b866b15703,C9690,229.52,GBP,Target,Travel,2025-12-04 10:26:06.382263,failed,E003,CA,web,True
d86fe119-7007-4bcb-9905-9658c52ad05a,C1365,467.34,GBP,Delta,Dining,2025-12-19 10:26:06.382266,success,NONE,UK,mobile,False
05bd1ed6-52d8-4e50-81e7-24575642db8c,C3013,322.24,USD,Delta,Groceries,2025-10-08 10:26:06.382270,success,NONE,US,tablet,False
9d5e49df-55ec-45b3-a8ad-b9b9b1a0e037,C3834,81.89,JPY,Starbucks,Groceries,2026-05-17 10:26:06.382274,pending,NONE,DE,tablet,False
29b74a7a-610b-476a-887c-62441714de99,C1799,205.82,GBP,Delta,Shopping,2026-05-02 10:26:06.382277,success,NONE,JP,mobile,False
8a6c5463-0086-4c98-b501-63321d0e5b22,C2898,111.32,JPY,Walmart,Travel,2026-05-21 10:26:06.382280,pending,NONE,JP,web,False
8907248c-ad57-4a64-9d2e-b2105f06afa0,C5329,158.75,JPY,Amazon,Groceries,2026-05-18 10:26:06.382284,success,NONE,DE,web,False
846c1b72-1c94-4fc5-9c2c-deaa3f97e12f,C4275,381.55,EUR,Costco,Travel,2026-07-02 10:26:06.382288,failed,E002,UK,tablet,True
de8c48eb-4b1f-438c-9650-81dd3812c65f,C7059,283.94,USD,Starbucks,Groceries,2026-04-07 10:26:06.382291,failed,E001,FR,web,True
c0c93fe0-98ca-496f-a5f2-bb2df249995c,C9620,355.0,GBP,Apple,Travel,2026-08-22 10:26:06.382295,success,NONE,UK,tablet,False
65d27736-f90f-42e0-8405-01e935843ddd,C8699,270.36,GBP,Walmart,Groceries,2026-06-08 10:26:06.382299,success,NONE,CA,web,False
8635af33-724c-4851-9829-20e00e82d429,C4340,244.84,USD,Apple,Shopping,2026-02-12 10:26:06.382302,pending,NONE,CA,tablet,False
c26f69ac-2838-42af-a08a-38d768b70776,C2911,392.16,EUR,Starbucks,Travel,2025-09-21 10:26:06.382306,success,NONE,CA,tablet,False
4c746bcc-e26d-457e-82c4-c93a498afa1a,C3200,203.55,JPY,Walmart,Shopping,2025-11-22 10:26:06.382309,failed,E002,JP,tablet,True
39d0b37e-1982-44d3-a20b-866fa83247dd,C6763,344.06,USD,Delta,Shopping,2026-07-17 10:26:06.382314,failed,E001,JP,web,True
a326b054-f545-4bc6-ac8d-348445a4f14d,C9279,135.26,USD,Delta,Groceries,2026-02-18 10:26:06.382318,pending,NONE,JP,mobile,False
d9fad29a-1a48-43c7-8b77-378da83fd4b2,C7089,474.07,GBP,Amazon,Groceries,2026-04-19 10:26:06.382321,success,NONE,FR,web,False
55362d48-e385-4a27-af09-f5bfc49d6fa0,C9174,168.74,GBP,Starbucks,Electronics,2026-01-29 10:26:06.382325,success,NONE,UK,tablet,False
316b7252-7c37-4cb7-b81f-742890912cbb,C9644,261.12,JPY,Apple,Groceries,2026-07-18 10:26:06.382328,failed,E002,JP,mobile,True
3953a594-bfe9-4fe8-8503-cbc8b062455a,C5412,73.82,JPY,Costco,Electronics,2025-09-18 10:26:06.382333,pending,NONE,FR,tablet,False
514b2010-2314-45f4-9c02-543dd83bf2e8,C4836,58.63,GBP,Starbucks,Shopping,2026-02-04 10:26:06.382337,failed,E003,DE,mobile,True
d2275a23-1f1c-468a-a936-ff7a025b1803,C2293,89.82,GBP,Amazon,Shopping,2025-11-26 10:26:06.382340,pending,NONE,DE,web,False
a7a46901-6606-47ee-bd2d-37e8ffa71da2,C7478,283.09,EUR,Delta,Shopping,2026-03-23 10:26:06.382344,success,NONE,JP,web,False
93382646-9960-4e6b-b6b8-2fc1b788c339,C1573,447.72,USD,Walmart,Shopping,2025-11-04 10:26:06.382347,success,NONE,JP,tablet,False
2da008d1-ccb6-4b2f-9b5a-6e3ee9d42ae7,C9661,33.55,USD,Delta,Utilities,2025-11-29 10:26:06.382351,pending,NONE,CA,mobile,False
358af6fb-cb77-4800-a120-620c87f98865,C4548,444.8,GBP,Target,Dining,2025-11-22 10:26:06.382355,success,NONE,DE,mobile,False
1424e94e-a297-414c-80ee-e735d1e92cf7,C3105,378.92,GBP,Target,Electronics,2026-04-20 10:26:06.382358,failed,E002,UK,mobile,True
aa53bdef-5118-4cb4-a037-de0234929e23,C2411,206.45,GBP,Walmart,Groceries,2026-05-16 10:26:06.382362,success,NONE,UK,web,False
5d53fd62-e574-4e31-b8b5-74d3c8f23e45,C9178,492.45,EUR,Costco,Dining,2026-06-03 10:26:06.382365,failed,NONE,DE,web,True
d02929bb-e230-423b-b53d-c6f2823e512a,C7312,268.99,USD,Amazon,Groceries,2026-06-12 10:26:06.382369,success,NONE,JP,tablet,False
c30cb17b-7894-4017-af86-91ae728a29ad,C3305,412.84,USD,Delta,Utilities,2026-07-29 10:26:06.382373,failed,E002,CA,mobile,True
d0fdc081-fbac-455a-b706-ba0699610bc3,C8998,154.34,EUR,Uber,Utilities,2025-10-08 10:26:06.382376,success,NONE,FR,tablet,False
41f0104e-6a1f-4e66-88e2-3a44d13d940e,C4903,50.98,JPY,Amazon,Groceries,2026-02-09 10:26:06.382385,failed,E001,UK,mobile,True
74396131-1f62-4213-9642-1f8414968488,C9367,10.06,USD,Starbucks,Shopping,2026-02-04 10:26:06.382389,failed,E002,CA,mobile,True
2e6ef1a3-e654-4a74-9c8a-af5952f9fe26,C8414,9.56,EUR,Amazon,Dining,2026-04-09 10:26:06.382393,pending,NONE,UK,tablet,False
c073e359-ea67-43ec-9791-7019d84fff8c,C7981,75.74,EUR,Costco,Shopping,2026-07-23 10:26:06.382396,success,NONE,JP,mobile,False
92b2e26e-642f-4014-8149-1c0d8bd489bb,C1110,439.27,USD,Uber,Shopping,2026-04-01 10:26:06.382400,success,NONE,DE,tablet,False
5cddfd0f-17ef-443c-9e65-70ec5bed85cc,C9137,497.77,JPY,Starbucks,Groceries,2026-01-06 10:26:06.382403,failed,E002,JP,mobile,True
804cc1e1-3877-4fae-9060-bd83ccb4bebd,C1957,115.11,EUR,Uber,Shopping,2026-08-09 10:26:06.382407,success,NONE,US,web,False
85f1dfa4-5637-4429-8d7e-b1ce320b12a2,C9162,498.61,USD,Costco,Shopping,2026-08-21 10:26:06.382411,success,NONE,UK,mobile,False
c4b8e0a0-08a5-46d9-890d-ae81b94f7234,C3719,125.49,GBP,Uber,Utilities,2025-12-08 10:26:06.382415,pending,NONE,CA,tablet,False
ab517668-8bfb-4f45-b94c-66bb2641a245,C4738,374.12,GBP,Starbucks,Utilities,2025-10-22 10:26:06.382418,pending,NONE,JP,tablet,False
2c14a8ad-4d04-484a-8db1-c69f5d4716ab,C8903,464.65,EUR,Costco,Dining,2026-02-21 10:26:06.382422,failed,E002,DE,web,True
06490e64-921b-4937-ab43-5f87b5e215c1,C2994,259.8,JPY,Costco,Dining,2026-05-08 10:26:06.382425,failed,E002,FR,tablet,True
10e4e5db-8399-4677-8a45-7cabdf452575,C9535,114.9,EUR,Uber,Travel,2026-05-17 10:26:06.382429,pending,NONE,FR,web,False
3431cc7b-507c-4057-8311-900c47d1962e,C3742,377.16,USD,Walmart,Shopping,2026-03-30 10:26:06.382433,pending,NONE,DE,mobile,False
7789f774-fcac-4674-a4c8-6fe6256500cf,C8746,41.29,JPY,Starbucks,Dining,2026-05-11 10:26:06.382436,pending,NONE,UK,tablet,False
2ff25801-6916-4a44-bf52-9a4b3188c5e0,C2022,195.14,EUR,Walmart,Groceries,2026-07-02 10:26:06.382440,success,NONE,UK,web,False
db916424-518e-4c37-b04b-2743e6ee188d,C3023,344.92,JPY,Target,Dining,2025-09-15 10:26:06.382443,pending,NONE,CA,mobile,False
77f5160c-789b-4d35-933b-6c5d21af0fbb,C7139,303.99,GBP,Walmart,Dining,2026-05-29 10:26:06.382447,success,NONE,FR,tablet,False
d48ac6c9-ec72-4784-be91-11832092cac9,C2220,434.87,EUR,Target,Electronics,2025-10-18 10:26:06.382450,failed,E003,FR,tablet,True
83d19f5d-c121-4591-88b1-792a272be6e2,C3042,331.38,USD,Amazon,Utilities,2026-02-03 10:26:06.382454,pending,NONE,UK,web,False
c20512a5-8478-42c3-8313-f9c7a1913bcc,C1190,251.99,EUR,Delta,Utilities,2026-07-30 10:26:06.382457,pending,NONE,US,mobile,False
e3e16c2c-96b8-463c-9e88-c7fada8da7c0,C2350,285.92,JPY,Walmart,Electronics,2026-01-09 10:26:06.382461,pending,NONE,JP,tablet,False
7616edfb-78bc-4dd4-834a-368014bc61df,C6701,426.56,GBP,Delta,Travel,2025-12-06 10:26:06.382465,pending,NONE,FR,tablet,False
a1f789c8-630d-4102-ab30-063280df084b,C4859,435.65,USD,Apple,Dining,2025-11-14 10:26:06.382468,failed,NONE,FR,tablet,True
991eb673-78ea-4e4a-8dcf-5c57e14d22b1,C2345,354.75,JPY,Amazon,Dining,2026-07-27 10:26:06.382472,failed,E002,US,mobile,True
6114fc51-fbe2-4b75-aca6-4dadc09fbe5d,C1892,115.15,GBP,Walmart,Dining,2025-10-20 10:26:06.382476,failed,E001,JP,mobile,True
35fe5b1f-0384-481f-988d-e163b5a8fa62,C9072,35.19,GBP,Starbucks,Travel,2026-06-23 10:26:06.382479,success,NONE,UK,web,False
679ce8fc-be42-4b7b-bdb7-67d0c8fd90e6,C9610,166.25,GBP,Walmart,Electronics,2025-12-25 10:26:06.382483,pending,NONE,CA,tablet,False
af355bc2-5060-4349-b888-fbcc3ccafd30,C7291,171.14,USD,Starbucks,Electronics,2026-03-11 10:26:06.382487,success,NONE,JP,tablet,False
34584669-555a-48da-b5be-010ce922c4fc,C6896,299.09,EUR,Uber,Groceries,2026-01-11 10:26:06.382490,success,NONE,CA,web,False
5f5e86fc-0e31-4f5a-a7c5-dbd3e7514033,C9518,322.66,JPY,Costco,Groceries,2026-01-17 10:26:06.382495,success,NONE,UK,web,False
966313b3-cc10-42ee-9854-3dafd4dfdcef,C7557,289.45,USD,Target,Electronics,2026-03-30 10:26:06.382498,pending,NONE,JP,web,False
1974dd27-1e32-40c4-bb57-44651ad3d99a,C7342,421.22,GBP,Amazon,Groceries,2026-01-23 10:26:06.382502,success,NONE,DE,web,False
8fdb6861-fa76-4fa0-bae4-48e7ba19408e,C1708,369.7,EUR,Costco,Travel,2026-06-30 10:26:06.382506,success,NONE,JP,mobile,False
bd874a75-3424-4f41-ac61-1ba50e96c8da,C2376,207.12,JPY,Delta,Dining,2026-01-14 10:26:06.382510,pending,NONE,US,web,False
8189d3a0-92ad-42cb-827b-0855e346631b,C9334,230.13,USD,Starbucks,Shopping,2026-03-15 10:26:06.382513,pending,NONE,DE,web,False
2d6892e9-20f4-4301-a2a8-0a5f47442d79,C5316,108.44,USD,Uber,Groceries,2026-04-16 10:26:06.382517,failed,NONE,UK,web,True
98f442e2-961f-42b1-aa07-e0df863d361c,C5928,64.53,USD,Uber,Shopping,2026-03-17 10:26:06.382520,pending,NONE,FR,web,False
b5f58596-60e9-4e41-be96-567969fb20f1,C8169,291.41,USD,Uber,Utilities,2025-09-26 10:26:06.382524,success,NONE,FR,web,False
1a94c3d0-e47d-48f4-bbe6-f7ad43b2971c,C1348,364.38,GBP,Amazon,Groceries,2025-11-07 10:26:06.382528,failed,E002,CA,web,True
6fd0a7d1-d78e-4c46-a97b-bfb7ea12cdb5,C9833,348.08,GBP,Target,Dining,2025-10-20 10:26:06.382531,success,NONE,FR,web,False
0a29cfe2-f383-4c6b-9559-e55166711e4e,C6693,441.24,GBP,Costco,Shopping,2025-09-08 10:26:06.382535,pending,NONE,DE,tablet,False
897bc649-f7d9-4426-be81-7b879337c13d,C5520,233.9,USD,Amazon,Travel,2025-09-04 10:26:06.382539,failed,E002,FR,tablet,True
44c6f0fa-d52e-457d-91b0-efb358036886,C1304,90.75,JPY,Apple,Dining,2025-12-19 10:26:06.382542,pending,NONE,FR,web,False
1af7bee9-02b5-4643-9edf-5bb0d5e6a002,C8144,161.99,USD,Apple,Utilities,2025-10-24 10:26:06.382546,failed,E002,JP,mobile,True
a34c0818-2883-4c6b-817f-f20848a134b3,C6221,49.64,USD,Amazon,Dining,2026-04-03 10:26:06.382550,failed,E003,UK,mobile,True
ba654d52-6cac-485c-ba6c-532fe8507f16,C6891,348.17,GBP,Uber,Travel,2026-01-01 10:26:06.382553,pending,NONE,FR,mobile,False
baafb50c-904f-4d24-afd1-e50112ac2b1c,C3668,325.91,EUR,Target,Groceries,2025-09-17 10:26:06.382557,failed,E002,US,web,True
f0e43e80-4664-4d12-9640-4fe1c6f97ac1,C6694,449.02,JPY,Apple,Dining,2025-12-28 10:26:06.382560,pending,NONE,FR,web,False
2ec6415b-cf07-49e2-afd7-c25142045031,C6483,303.66,JPY,Walmart,Travel,2026-05-06 10:26:06.382564,pending,NONE,FR,tablet,False
2906a8b6-2c35-4b30-8d93-7f8b47e5b63c,C5929,416.46,JPY,Uber,Electronics,2025-12-10 10:26:06.382568,success,NONE,FR,mobile,False
6f55a79c-4c6f-40b5-8a4a-4580154b8362,C7763,387.41,JPY,Delta,Utilities,2026-08-17 10:26:06.382571,success,NONE,US,tablet,False
19ece23e-ba8d-4a5c-ae75-3c1c59c96b3d,C3926,110.69,USD,Walmart,Shopping,2026-01-14 10:26:06.382575,failed,E001,FR,web,True
a010fd33-d382-4112-9af7-c0f89ef4f076,C2366,243.51,GBP,Uber,Electronics,2025-11-18 10:26:06.382579,pending,NONE,UK,web,False
29adc261-420c-41ea-a80c-10043a76f58d,C2078,387.23,EUR,Amazon,Travel,2025-11-05 10:26:06.382582,pending,NONE,JP,web,False
a717698f-f550-45b9-97a9-77083335dc70,C4516,228.05,GBP,Delta,Electronics,2025-11-03 10:26:06.382586,pending,NONE,FR,tablet,False
49597d12-6c50-4ff9-ba3a-c6c0b0e14691,C8880,336.16,USD,Starbucks,Utilities,2026-03-20 10:26:06.382589,pending,NONE,US,mobile,False
94b6fc87-748f-4503-b205-61c00c525044,C8636,493.47,JPY,Costco,Utilities,2026-04-22 10:26:06.382593,failed,E002,CA,mobile,True
0a105914-e0a2-4683-b0d9-62a3b840c5b9,C9971,172.56,USD,Target,Electronics,2025-10-15 10:26:06.382597,success,NONE,JP,tablet,False
6bbfc763-b3f8-4ffc-b312-b3a0fb158916,C5837,227.51,JPY,Delta,Shopping,2025-11-04 10:26:06.382600,failed,E001,US,mobile,True
6d99c011-3df9-4557-a445-f5ab38bafad1,C4800,129.0,EUR,Delta,Travel,2026-07-11 10:26:06.382604,failed,E001,JP,tablet,True
2b9a1468-b3c0-4bf3-afe1-65c452e03d01,C4016,463.29,JPY,Walmart,Shopping,2026-02-22 10:26:06.382608,failed,E001,DE,web,True
daabf8a2-ce5f-4d5f-82e3-a45f41089390,C8293,158.24,EUR,Amazon,Dining,2026-01-18 10:26:06.382611,pending,NONE,JP,tablet,False
238d12bf-effc-4792-b66c-f49d03a31b68,C5183,354.51,EUR,Amazon,Travel,2026-05-07 10:26:06.382615,pending,NONE,DE,web,False
f2e24aaf-b121-4462-91de-46f44be34166,C6902,238.34,USD,Starbucks,Shopping,2026-08-30 10:26:06.382619,failed,NONE,UK,tablet,True
409e7f62-d91b-4e55-a95b-548a98b22b32,C1466,320.36,EUR,Apple,Groceries,2026-03-31 10:26:06.382622,failed,NONE,JP,mobile,True
f3aec794-daa9-4f98-94ee-aa403e8f56b9,C7558,220.15,JPY,Target,Travel,2025-09-22 10:26:06.382626,failed,E002,DE,mobile,True
b3dcd05f-c476-4b6f-b585-adc00804c0f4,C3227,91.65,GBP,Walmart,Utilities,2025-10-17 10:26:06.382630,failed,NONE,UK,web,True
5341d43d-5489-424b-92a3-8ffc16c60889,C5137,58.89,USD,Costco,Shopping,2026-06-02 10:26:06.382634,failed,E001,UK,tablet,True
361b2cd6-7fb9-4498-9b5c-5f435b9e8edf,C6501,432.04,EUR,Costco,Dining,2026-02-14 10:26:06.382638,success,NONE,US,tablet,False
c3b9f53e-59f7-4276-8f2c-f7633a58f946,C6452,88.87,JPY,Target,Utilities,2026-04-03 10:26:06.382641,success,NONE,CA,tablet,False
13ad761e-5429-4ba9-b95e-87af2dd5042a,C4617,493.79,JPY,Starbucks,Dining,2026-08-01 10:26:06.382645,success,NONE,JP,mobile,False
6d601383-998a-4308-bbbf-9fdbb22a6025,C5008,394.14,USD,Delta,Travel,2026-08-28 10:26:06.382648,failed,E002,FR,web,True
e62cd063-dce2-4644-b713-36aad8e143ff,C4246,142.92,USD,Uber,Travel,2026-06-15 10:26:06.382652,failed,E003,JP,mobile,True
2bbf1d3e-3ddd-4e0a-9c37-5cc4c2d9cd52,C1881,295.11,EUR,Apple,Shopping,2026-04-27 10:26:06.382656,pending,NONE,JP,mobile,False
c848c876-6373-446f-8cc9-e5fb28aaa6b5,C2048,458.79,JPY,Costco,Groceries,2026-02-11 10:26:06.382659,failed,NONE,CA,mobile,True
12c6f0a3-03db-4825-8b61-d6b80f86758e,C9960,455.71,EUR,Delta,Utilities,2026-01-30 10:26:06.382663,pending,NONE,CA,web,False
cbabce20-a850-4d73-9bff-c1a3edf8a44f,C1136,342.22,JPY,Amazon,Electronics,2026-07-28 10:26:06.382667,success,NONE,DE,web,False
52253098-c11e-4acd-b12f-6d4eedf64dd1,C1510,158.02,USD,Apple,Electronics,2025-10-06 10:26:06.382670,success,NONE,CA,mobile,False
fd03fd1b-5a22-46ad-87ab-362e5f42cf47,C5424,43.4,EUR,Target,Shopping,2025-11-17 10:26:06.382674,failed,E003,FR,tablet,True
472f5e6a-5554-4df6-84d4-8de96356ae4c,C7843,30.48,GBP,Uber,Dining,2025-12-08 10:26:06.382677,success,NONE,JP,tablet,False
c6e5372b-8c38-4319-a61b-03e0dbe0e772,C6378,175.41,EUR,Apple,Electronics,2026-02-21 10:26:06.382681,success,NONE,FR,web,False
1ab761ce-0eeb-466c-8f39-6d14e75afbf6,C8958,443.97,USD,Starbucks,Dining,2026-01-14 10:26:06.382684,success,NONE,FR,web,False
06a08f6a-5b63-47db-8ac1-446e793a3246,C6007,376.71,JPY,Starbucks,Groceries,2025-11-05 10:26:06.382688,pending,NONE,DE,tablet,False
c598e3c2-3744-4473-b49b-f85919f3cd86,C7510,72.86,EUR,Costco,Utilities,2026-06-07 10:26:06.382692,failed,E001,FR,tablet,True
8c2cd9d0-6a4e-4262-9bbf-40345523245f,C9619,341.57,EUR,Costco,Electronics,2026-01-30 10:26:06.382696,pending,NONE,UK,mobile,False
5b121194-9735-445e-aea6-086624e974a8,C7772,183.51,GBP,Target,Groceries,2026-07-05 10:26:06.382700,pending,NONE,FR,tablet,False
f0a4613b-205c-4dfd-bc77-35f358297516,C5360,476.03,USD,Walmart,Groceries,2026-07-29 10:26:06.382703,pending,NONE,CA,mobile,False
72ab8c3d-9bc0-43b8-ac6d-87fb27e38a9c,C8673,293.69,EUR,Target,Electronics,2026-05-03 10:26:06.382707,success,NONE,US,tablet,False
547906d8-aa23-428c-ba70-1bd6f22f356c,C8726,336.71,USD,Amazon,Dining,2025-10-27 10:26:06.382710,success,NONE,CA,tablet,False
f82e2960-088a-44f0-8157-baf64017465c,C5717,127.45,GBP,Uber,Utilities,2026-02-27 10:26:06.382714,failed,E003,FR,web,True
e5d8ba39-b372-443e-b5f6-8a3f35401944,C5370,57.76,USD,Target,Utilities,2026-03-24 10:26:06.382717,pending,NONE,DE,tablet,False
e93521e0-ae84-4095-8c5d-ac60d7900732,C8542,149.71,JPY,Costco,Electronics,2025-09-09 10:26:06.382721,failed,NONE,JP,web,True
20f005a2-7514-4eed-90d6-2d8ecc306a79,C9097,245.6,USD,Apple,Shopping,2025-11-08 10:26:06.382725,success,NONE,CA,web,False
a394584a-275c-463e-9fac-634e6c13df5a,C7961,247.9,EUR,Apple,Electronics,2025-09-25 10:26:06.382729,pending,NONE,UK,web,False
56fb37ea-5cb1-4321-940a-7fd7115519b3,C5943,150.97,USD,Apple,Groceries,2026-03-24 10:26:06.382732,pending,NONE,JP,web,False
35d56cd6-fe5e-492a-adbf-26621b4e8126,C6343,22.8,GBP,Costco,Travel,2026-03-08 10:26:06.382736,failed,E003,FR,tablet,True
8f82caae-60cd-49f3-b7b8-8d5a7f0a3a5c,C4088,114.72,JPY,Delta,Travel,2025-10-16 10:26:06.382739,failed,E001,UK,web,True
d3b33087-bb07-427b-833c-67651e9439e3,C5390,427.18,GBP,Delta,Dining,2025-12-01 10:26:06.382743,pending,NONE,UK,web,False
638311bb-7fc9-472b-b847-3ffc38fc7d0d,C8636,438.79,USD,Target,Electronics,2025-11-30 10:26:06.382747,pending,NONE,UK,web,False
ace62451-50ee-464a-b25b-1a86d4058eec,C7766,99.85,EUR,Uber,Shopping,2026-01-24 10:26:06.382750,success,NONE,US,web,False
1e8c8a31-60f3-4a3b-b585-965cebc69bb7,C5212,275.55,EUR,Starbucks,Travel,2026-06-04 10:26:06.382754,failed,E003,CA,tablet,True
92f052da-556f-4c3e-ae9d-90ed01c35bf3,C9028,343.33,EUR,Amazon,Electronics,2026-04-03 10:26:06.382757,success,NONE,JP,tablet,False
4c7e7e1b-ba0e-4923-a2a8-8bb31f6fe23d,C7011,92.71,JPY,Delta,Travel,2025-11-24 10:26:06.382761,failed,E002,US,mobile,True
3525b53c-1be3-4acc-a5e6-76c20e5bb37a,C4724,110.06,EUR,Uber,Dining,2026-03-17 10:26:06.382765,failed,NONE,DE,mobile,True
323b02f6-5936-4a7d-8972-d88094a2f387,C8518,175.29,USD,Apple,Utilities,2026-03-09 10:26:06.382769,failed,E003,CA,web,True
b2dda471-e074-4609-9632-ae3ebe164da1,C4558,314.42,USD,Uber,Utilities,2026-03-13 10:26:06.382772,success,NONE,FR,web,False
05d2963c-5849-45a0-838a-308bfcb40e08,C2230,25.5,JPY,Costco,Groceries,2026-03-06 10:26:06.382777,success,NONE,US,tablet,False
f152e5f5-5c6e-4044-965d-e4504041ad8b,C7015,9.82,JPY,Apple,Dining,2025-12-15 10:26:06.382780,failed,E001,DE,web,True
6c4336e1-90f1-4b72-a2d3-3681c627d9bb,C4633,456.49,USD,Target,Travel,2025-12-18 10:26:06.382784,failed,E003,JP,tablet,True
04a1e5ab-9ce3-4061-8bc2-70d88b67ea08,C8248,154.61,EUR,Uber,Travel,2026-08-16 10:26:06.382788,failed,E001,UK,web,True
3d6dc59c-f341-4782-b663-dc0b38858453,C8159,465.04,JPY,Apple,Dining,2026-02-09 10:26:06.382791,success,NONE,CA,web,False
7865a920-4262-4ac4-91a3-3df917434f0f,C1178,425.53,USD,Target,Groceries,2025-09-06 10:26:06.382795,success,NONE,CA,tablet,False
568fe601-c072-43e8-80c0-2e5a2ab44956,C2906,13.32,EUR,Walmart,Shopping,2025-11-03 10:26:06.382799,success,NONE,FR,tablet,False
ca043365-a32b-4abd-914c-1f322165532f,C4289,497.35,USD,Costco,Utilities,2025-11-01 10:26:06.382802,success,NONE,FR,mobile,False
c80662e8-9d1e-4d7b-b66c-55613cc810b5,C4459,67.02,GBP,Costco,Travel,2025-12-05 10:26:06.382806,failed,E001,FR,web,True
99a96d94-59b1-4082-b241-95bb5e87ea07,C7167,470.78,JPY,Apple,Dining,2026-04-15 10:26:06.382810,success,NONE,UK,web,False
7b518019-74fa-4798-b1d7-6f7d74072d6f,C1948,356.13,EUR,Apple,Utilities,2025-09-29 10:26:06.382814,failed,E003,DE,mobile,True
ce6225d1-a254-4bd5-985b-e97c7aba555f,C6863,316.33,GBP,Uber,Travel,2026-03-02 10:26:06.382818,pending,NONE,US,mobile,False
3a01e836-9411-4877-a879-2db478b355b3,C5201,485.0,USD,Uber,Groceries,2026-07-26 10:26:06.382822,success,NONE,FR,web,False
78a69a70-a117-40f3-b7f4-d2d2b8148137,C4986,481.36,EUR,Starbucks,Utilities,2026-06-25 10:26:06.382826,success,NONE,FR,mobile,False
e5bddad2-346f-47f2-a53b-cb0a4d3ae3da,C9013,441.52,GBP,Starbucks,Shopping,2026-07-29 10:26:06.382830,failed,NONE,JP,web,True
d806784f-58cf-4be6-ba38-a473afca9d19,C9195,377.04,GBP,Apple,Dining,2026-05-04 10:26:06.382834,pending,NONE,UK,tablet,False
445bfb10-11d5-4ca5-b215-738221d82e54,C6655,123.61,GBP,Target,Utilities,2026-07-26 10:26:06.382837,pending,NONE,JP,web,False
3ef6ca7b-eadd-4952-8a0b-ba49df460d89,C2959,470.04,USD,Amazon,Utilities,2025-11-24 10:26:06.382841,failed,NONE,CA,web,True
b8986f67-102c-42c3-9c6e-181bfb8384f4,C1101,213.1,USD,Apple,Groceries,2026-02-27 10:26:06.382844,pending,NONE,UK,tablet,False
79999ee7-e547-4cea-ba74-fd4963681dfa,C4858,18.23,USD,Costco,Travel,2026-03-26 10:26:06.382848,success,NONE,FR,tablet,False
1b407c85-1b83-4202-94dd-f6cb2c0a8181,C2589,84.27,JPY,Target,Travel,2026-04-12 10:26:06.382852,success,NONE,UK,web,False
0777de7b-40be-444d-8272-c3a7e4568c57,C9813,156.14,USD,Costco,Electronics,2026-01-27 10:26:06.382855,pending,NONE,DE,tablet,False
225efbbf-55ae-4df0-b8ab-ef1c29cdfc61,C3817,478.32,EUR,Target,Electronics,2026-02-25 10:26:06.382859,failed,E003,JP,web,True
2bd53ccb-83c6-4eee-a451-0e08d7cba5a1,C7071,496.15,JPY,Walmart,Groceries,2026-05-07 10:26:06.382863,failed,E001,FR,mobile,True
1cadfacd-79c1-4831-b3f6-ea550808fb70,C7863,398.97,USD,Costco,Electronics,2026-06-09 10:26:06.382866,pending,NONE,DE,web,False
7828482a-b725-4320-99c4-998a728e16a6,C5959,394.07,USD,Uber,Dining,2026-03-31 10:26:06.382870,success,NONE,FR,tablet,False
1875b4e5-6492-4259-aedb-29457ca659fe,C1654,350.14,JPY,Costco,Utilities,2026-06-18 10:26:06.382873,failed,NONE,US,web,True
19c8aa22-5994-40dd-bc32-782dfd9aa16b,C1056,237.02,JPY,Apple,Groceries,2026-04-02 10:26:06.382877,failed,E002,CA,tablet,True
eda08756-f313-4a6e-91e9-7452a0f0c648,C9816,177.03,USD,Uber,Shopping,2026-05-01 10:26:06.382881,failed,E003,FR,mobile,True
4192dd9b-f91b-4379-a084-b9c384582ce8,C4325,337.04,EUR,Apple,Groceries,2026-03-07 10:26:06.382885,success,NONE,DE,web,False
3ad19bc0-0eb6-4378-9f44-50a0c370abff,C6838,52.68,USD,Target,Travel,2025-12-29 10:26:06.382888,failed,E003,FR,web,True
0b681e93-9bcd-4dc2-bd69-d01bf52a0ce4,C4697,163.92,USD,Walmart,Dining,2026-02-13 10:26:06.382892,success,NONE,FR,tablet,False
7792a122-1255-4c54-8de0-1cb2adcaad52,C2349,23.08,USD,Uber,Dining,2026-04-21 10:26:06.382895,success,NONE,CA,web,False
0ce0a768-8398-4462-a7be-3e15ade0b73e,C4379,272.52,JPY,Walmart,Shopping,2026-01-04 10:26:06.382899,pending,NONE,JP,mobile,False
5516f575-a3f0-45f1-b608-878a449d697e,C6962,418.69,JPY,Uber,Shopping,2025-10-27 10:26:06.382903,success,NONE,FR,mobile,False
5cdcf1de-202b-45ee-a1b0-4793dce7740f,C9326,312.74,USD,Uber,Dining,2026-05-10 10:26:06.382907,failed,NONE,CA,mobile,True
6348663a-293d-4530-ae23-0f86e29646ad,C8130,87.84,JPY,Amazon,Shopping,2026-07-03 10:26:06.382910,failed,E003,DE,web,True
c9d99a39-7cbe-4732-b258-b254a4293940,C8376,42.51,JPY,Uber,Shopping,2026-07-17 10:26:06.382914,success,NONE,DE,tablet,False
7fc862cf-7ba7-4a20-841d-57183bd3bc9a,C7582,40.73,EUR,Uber,Electronics,2025-11-19 10:26:06.382918,pending,NONE,UK,tablet,False
09d98e45-3b2d-44b5-8e80-0608add5bfc5,C8009,70.74,USD,Starbucks,Travel,2025-11-25 10:26:06.382922,success,NONE,UK,tablet,False
4606cb41-c412-4d89-bc65-fac16f65b6cc,C4241,347.52,EUR,Target,Utilities,2026-03-17 10:26:06.382927,failed,E002,US,tablet,True
53d1e4b5-f9bd-4db4-8c85-67d095cb50e1,C4890,142.78,USD,Starbucks,Utilities,2026-02-23 10:26:06.382930,pending,NONE,JP,web,False
263687d3-3f54-4550-8d68-0e43ce00a400,C5813,303.77,USD,Apple,Utilities,2025-12-19 10:26:06.382934,success,NONE,FR,mobile,False
b5459ed0-4eb0-48b9-a8b9-7c3cf3fe94d0,C3168,98.34,EUR,Target,Dining,2026-05-13 10:26:06.382938,failed,NONE,FR,web,True
bf6e3914-20e9-4b5e-a7b3-9a542d86c1e1,C9969,233.16,JPY,Amazon,Groceries,2026-03-23 10:26:06.382942,success,NONE,US,tablet,False
7578c0b2-ffe3-40bb-ba04-efca0127d9e0,C5441,122.39,USD,Costco,Travel,2026-02-11 10:26:06.382946,success,NONE,FR,mobile,False
14d7ef43-ea27-415b-b0a7-721f1c64a4ba,C6016,429.16,GBP,Target,Groceries,2025-12-15 10:26:06.382950,failed,NONE,CA,mobile,True
7d17d8ca-51fd-4136-bab1-6e0d6e132574,C7231,264.92,EUR,Uber,Dining,2025-11-12 10:26:06.382953,failed,E002,US,web,True
27458fb3-db91-4c03-b496-1f0d6ff93a5f,C1462,411.24,GBP,Walmart,Electronics,2025-10-16 10:26:06.382957,success,NONE,UK,tablet,False
148d183a-d27b-4eed-b5f4-79e51b53db36,C3725,477.43,EUR,Delta,Groceries,2026-02-02 10:26:06.382960,success,NONE,US,mobile,False
b66e3fa1-0436-4919-9f5c-5e7a267baa31,C4100,132.27,GBP,Target,Shopping,2026-04-28 10:26:06.382964,success,NONE,FR,mobile,False
cf71b066-ac70-4743-894f-a434f19e5b07,C8606,226.12,USD,Walmart,Dining,2026-05-05 10:26:06.382968,success,NONE,UK,tablet,False
ce71bf33-1a4f-4332-bd46-15f91070c176,C8254,60.53,JPY,Uber,Electronics,2026-06-02 10:26:06.382971,failed,E003,FR,web,True
4fece081-3eb4-4c42-9054-6ea955583f9e,C9089,121.93,GBP,Costco,Shopping,2026-04-05 10:26:06.382975,success,NONE,FR,mobile,False
9059def9-8ca6-47c5-95f8-0d53359eb7ad,C3948,456.27,JPY,Uber,Shopping,2026-03-19 10:26:06.382978,success,NONE,UK,mobile,False
3a7d8785-6392-415a-b088-631c6cce725e,C5336,33.33,USD,Costco,Shopping,2025-12-30 10:26:06.382982,success,NONE,FR,tablet,False
157cad10-353b-4973-8da2-7188a14de6d2,C7900,213.48,GBP,Costco,Groceries,2026-01-28 10:26:06.382986,failed,E001,UK,tablet,True
324f4fce-671f-4f4b-ae08-fdbc71ec6ff5,C8642,477.56,USD,Uber,Shopping,2025-10-04 10:26:06.382989,success,NONE,DE,web,False
f3886f81-0f42-4edd-9a93-91214f3fa40d,C2856,482.23,EUR,Delta,Groceries,2026-03-18 10:26:06.382993,success,NONE,UK,tablet,False
59bddb10-4473-487d-a67c-3a8e3c13b920,C6165,379.41,GBP,Walmart,Electronics,2025-10-19 10:26:06.382996,pending,NONE,UK,mobile,False
e6cf92eb-c453-4d34-b43d-861d54fabafd,C9919,131.11,EUR,Costco,Utilities,2025-11-10 10:26:06.383000,pending,NONE,FR,mobile,False
abd470e8-f6d9-4bc1-8ec2-9dddba2378c3,C4524,393.43,JPY,Walmart,Utilities,2026-02-01 10:26:06.383004,success,NONE,US,mobile,False
76d2d8da-6b7a-4c78-b175-850241cc14a2,C9005,240.73,GBP,Uber,Dining,2026-04-04 10:26:06.383007,success,NONE,JP,mobile,False
edb72041-d208-440e-8d19-65912e41c324,C9219,407.62,GBP,Apple,Travel,2025-12-31 10:26:06.383011,success,NONE,UK,web,False
3d758bee-c657-4c7f-8357-9e094fe158b8,C1050,250.27,JPY,Amazon,Dining,2026-03-28 10:26:06.383015,success,NONE,CA,tablet,False
fe0bb8a6-cae5-47d2-ab3f-077238be574c,C6265,129.39,EUR,Walmart,Shopping,2025-11-08 10:26:06.383019,success,NONE,US,web,False
584465ff-961f-43a1-b949-362920b9210d,C4173,434.8,EUR,Costco,Groceries,2026-07-23 10:26:06.383024,pending,NONE,FR,mobile,False
8270c272-6fe2-4802-a318-bb320ab096c0,C1506,153.95,EUR,Walmart,Shopping,2026-06-25 10:26:06.383028,failed,E001,US,web,True
40c99c29-2672-461a-9bdf-0bd7ba3b90ac,C5223,192.79,JPY,Starbucks,Dining,2026-06-15 10:26:06.383032,failed,E001,CA,web,True
c70f7b7f-9fe6-46ce-8347-2eeb6a5d5a6b,C4138,492.2,GBP,Uber,Utilities,2025-11-10 10:26:06.383036,failed,E002,FR,tablet,True
17543167-7b99-4afd-b687-6ac95fc09101,C4101,253.74,JPY,Starbucks,Travel,2026-08-29 10:26:06.383040,success,NONE,DE,mobile,False
8d95c30e-59e0-413c-8ac1-e935488c2318,C4521,183.55,EUR,Delta,Utilities,2026-05-25 10:26:06.383044,failed,NONE,US,mobile,True
3c4c0778-54c4-4cb9-b837-49ec26588d83,C8871,325.05,GBP,Uber,Groceries,2025-10-17 10:26:06.383047,failed,E001,US,mobile,True
d8333979-2d82-41ac-a871-0542bc8fd95a,C9133,321.86,EUR,Target,Utilities,2026-03-31 10:26:06.383051,success,NONE,UK,mobile,False
178841a9-4b68-40f3-8cc0-54e98c0cd58e,C1700,139.54,JPY,Apple,Utilities,2026-08-13 10:26:06.383055,success,NONE,US,mobile,False
5a71d633-ad88-435d-82e8-b7ed946bba6b,C3981,211.22,GBP,Uber,Groceries,2025-09-10 10:26:06.383058,success,NONE,US,tablet,False
55f40a5d-8a2d-4367-a0e1-6a20f67fd3d6,C1600,252.42,JPY,Delta,Dining,2025-10-08 10:26:06.383062,success,NONE,FR,tablet,False
5caea443-1eb2-413d-8d3d-6ce47fdf5794,C1926,425.06,JPY,Walmart,Utilities,2026-08-04 10:26:06.383066,failed,E002,US,tablet,True
5b18dc00-3f41-4320-8304-6e2ffa2fe9c2,C9471,178.95,GBP,Uber,Groceries,2026-08-27 10:26:06.383069,failed,E001,JP,mobile,True
3982526e-7ced-423a-809e-ae421272d718,C9929,459.78,USD,Starbucks,Travel,2025-10-14 10:26:06.383074,pending,NONE,DE,mobile,False
d6a2a329-5c9a-4798-9407-b22903ff0420,C4245,294.0,GBP,Target,Shopping,2026-07-21 10:26:06.383079,pending,NONE,FR,mobile,False
d8db2a96-0297-45d2-9449-7bcbed8250f6,C8325,446.16,USD,Walmart,Utilities,2025-10-14 10:26:06.383083,pending,NONE,US,tablet,False
8b0b220d-cabf-42eb-b655-ea0ab1eed39d,C8165,497.77,EUR,Target,Travel,2026-01-07 10:26:06.383086,pending,NONE,UK,mobile,False
f2b5590b-cc71-4f12-a907-9b151fb77a12,C4313,308.24,JPY,Apple,Groceries,2026-04-24 10:26:06.383090,pending,NONE,JP,web,False
6656b303-d4bf-41a5-adb3-2374ef08c919,C7268,383.86,EUR,Starbucks,Travel,2026-01-15 10:26:06.383093,success,NONE,DE,web,False
5b7f0df6-b8b3-4177-96f2-be561ab37382,C4395,78.58,EUR,Target,Groceries,2025-09-30 10:26:06.383097,pending,NONE,JP,mobile,False
c07db86d-e8b7-4bb9-a6d4-5eebab397c4a,C5568,382.31,JPY,Amazon,Shopping,2026-09-02 10:26:06.383101,pending,NONE,FR,web,False
baa56dc4-fdfb-4717-a4c0-2447186f1924,C6540,336.35,JPY,Apple,Electronics,2025-10-14 10:26:06.383104,pending,NONE,US,tablet,False
88260663-5966-4d84-b2f5-818c706625be,C7434,351.55,USD,Apple,Shopping,2026-04-19 10:26:06.383108,success,NONE,FR,mobile,False
c6ada2ab-f52e-45b8-9171-c853dcc5e775,C2439,127.65,USD,Costco,Utilities,2026-04-29 10:26:06.383111,pending,NONE,UK,mobile,False
9c557379-f058-42ad-b17a-f9602b416c27,C7448,220.41,USD,Costco,Shopping,2026-06-22 10:26:06.383115,failed,NONE,FR,tablet,True
979aa0b0-f352-4279-9fe1-7d8d550f66ff,C3421,180.19,GBP,Apple,Travel,2026-01-29 10:26:06.383119,failed,E001,JP,mobile,True
c7931b29-c893-4111-aeda-89300c7142e1,C9972,353.94,USD,Apple,Dining,2026-04-04 10:26:06.383123,failed,E002,CA,web,True
3b91897e-aa63-4c49-8577-b76bed3d7149,C9427,357.95,GBP,Uber,Groceries,2026-07-06 10:26:06.383126,failed,E003,DE,mobile,True
d1e61890-d478-410c-b7c0-5bf56c356a3b,C5426,447.72,GBP,Walmart,Shopping,2025-11-17 10:26:06.383130,failed,E001,FR,tablet,True
5dedac39-75aa-42c6-895b-94b59f4d8587,C3312,318.25,USD,Uber,Groceries,2026-04-11 10:26:06.383134,pending,NONE,DE,tablet,False
c328dabd-4189-4020-948e-33da5077f116,C6492,498.88,USD,Delta,Electronics,2025-11-30 10:26:06.383137,pending,NONE,FR,mobile,False
ac046d04-364c-46f2-8fb6-ddbaa8881967,C6032,145.23,USD,Apple,Travel,2026-04-14 10:26:06.383141,success,NONE,US,tablet,False
89d43518-7d4e-44ec-ac74-86bde46a22b5,C2329,296.93,JPY,Delta,Travel,2025-11-22 10:26:06.383144,success,NONE,FR,web,False
441002b7-bf2e-4b98-b736-39c34c308244,C8544,463.92,JPY,Target,Shopping,2026-05-21 10:26:06.383148,failed,NONE,FR,tablet,True
6c41e9ba-b97d-4227-abd2-1273801e668f,C7896,335.7,USD,Starbucks,Utilities,2026-01-15 10:26:06.383152,failed,E003,CA,web,True
40ae7b00-4372-4b4a-b704-fc463ceec78f,C2016,48.39,EUR,Walmart,Utilities,2025-11-08 10:26:06.383155,success,NONE,UK,web,False
3899e029-76ed-47a9-a43e-860ed20c501d,C6096,295.58,EUR,Amazon,Utilities,2026-01-29 10:26:06.383159,success,NONE,UK,mobile,False
32f98247-4f83-425e-b03a-659e1f60aafd,C1309,269.48,GBP,Uber,Electronics,2026-06-28 10:26:06.383163,pending,NONE,CA,tablet,False
09cc7b84-dcad-4398-8a17-c2b02d1e034c,C4260,482.99,JPY,Costco,Travel,2026-08-08 10:26:06.383166,pending,NONE,FR,web,False
d1296c37-bcf2-471f-bd87-96a857c787b7,C6721,182.3,USD,Costco,Groceries,2026-06-10 10:26:06.383170,success,NONE,FR,tablet,False
2734751e-ec9c-4e27-9827-bd511a97172c,C5046,431.24,JPY,Walmart,Dining,2026-01-07 10:26:06.383174,failed,E001,UK,tablet,True
2f146f15-a8ca-4a93-a52f-4f5f0f5fb2e2,C1192,150.23,JPY,Target,Travel,2025-10-20 10:26:06.383177,pending,NONE,JP,mobile,False
29d38530-a32e-4bf5-894c-2f358200c8f8,C1807,105.66,USD,Amazon,Groceries,2026-04-02 10:26:06.383181,failed,E002,DE,web,True
29956c0f-f6cc-40e6-9650-fbf42e10d6ca,C2622,88.41,JPY,Uber,Dining,2025-10-16 10:26:06.383185,pending,NONE,UK,tablet,False
a3826791-fc55-40a7-beb2-c66f2ab08895,C9147,131.48,EUR,Apple,Utilities,2026-04-29 10:26:06.383189,failed,E003,CA,tablet,True
0aedf933-4444-4153-9784-2fa43457171a,C2903,207.88,EUR,Apple,Electronics,2025-09-11 10:26:06.383193,success,NONE,CA,web,False
f3c761ef-51d1-4f09-a12b-80781a82a6db,C5527,454.77,EUR,Apple,Travel,2026-07-17 10:26:06.383196,pending,NONE,JP,mobile,False
385fc685-780b-4652-b8a8-0c011abfa5cc,C7031,400.01,EUR,Starbucks,Groceries,2025-12-03 10:26:06.383200,pending,NONE,CA,web,False
fb3588c2-027d-4aef-a1f8-d2ce73236dc2,C7269,80.17,USD,Amazon,Travel,2026-06-17 10:26:06.383203,failed,E001,DE,tablet,True
b66ccdd3-e215-4ef4-a87d-72eff515336d,C9860,197.41,USD,Delta,Shopping,2026-04-05 10:26:06.383207,pending,NONE,DE,web,False
87c6f8e9-5dca-40f2-90a2-f0a378c51ba2,C6229,261.97,USD,Uber,Electronics,2026-08-11 10:26:06.383211,pending,NONE,JP,web,False
9b3d9d7b-7280-4520-8da6-4d9942fe8a63,C7177,340.24,USD,Amazon,Groceries,2025-10-14 10:26:06.383214,failed,E003,US,tablet,True
158834c0-f5d7-4f15-887e-12d909579155,C4094,339.51,GBP,Apple,Utilities,2025-10-24 10:26:06.383218,failed,E003,UK,tablet,True
a12bcaef-28e0-44ee-b971-7aa1d85b6d2f,C4818,174.55,GBP,Amazon,Utilities,2025-09-27 10:26:06.383222,success,NONE,JP,mobile,False
7332eedb-760f-4e14-98c0-ce917cdf4630,C7768,341.77,GBP,Apple,Dining,2026-07-20 10:26:06.383226,success,NONE,US,web,False
153aa403-9ca9-4f0a-a341-0b86e1e67db2,C4558,409.86,USD,Apple,Shopping,2026-03-12 10:26:06.383230,success,NONE,UK,tablet,False
db963f14-c09f-4343-9a6c-434961ad1dd8,C6836,370.46,GBP,Costco,Groceries,2025-09-25 10:26:06.383233,failed,E003,US,mobile,True
18a05edd-b9ef-4fb9-9470-41344528eeeb,C9439,433.7,USD,Starbucks,Groceries,2026-01-12 10:26:06.383237,pending,NONE,DE,tablet,False
a3590433-6327-498e-880c-7fb936ed4329,C9530,62.01,GBP,Costco,Utilities,2025-11-21 10:26:06.383241,success,NONE,US,web,False
6ee270a1-4677-401d-b5ce-dddf875a648e,C4544,441.68,USD,Walmart,Electronics,2026-08-04 10:26:06.383244,pending,NONE,CA,mobile,False
3c4ca211-0732-47e4-9208-b903085878f4,C6296,274.29,USD,Starbucks,Travel,2025-10-06 10:26:06.383248,failed,E002,CA,web,True
d7bd18b9-4b44-40ce-946d-e08b18d8ff27,C8250,279.45,EUR,Walmart,Utilities,2026-04-26 10:26:06.383252,failed,NONE,DE,web,True
877ea76c-aa6c-443d-9c8c-f3ba99f82fe3,C7824,326.28,JPY,Delta,Dining,2025-12-13 10:26:06.383255,success,NONE,FR,mobile,False
763d1d45-a03b-4f81-bf0b-000c8cf474d8,C3146,318.23,GBP,Costco,Travel,2025-12-15 10:26:06.383259,pending,NONE,FR,mobile,False
2dc98f64-8bf0-465a-b2b9-d068093bbb24,C8837,333.15,JPY,Amazon,Electronics,2025-12-28 10:26:06.383263,success,NONE,FR,tablet,False
ff77dbaa-112b-4aaa-9030-ae78b7d5a56f,C6222,51.88,EUR,Apple,Utilities,2026-03-08 10:26:06.383266,success,NONE,DE,mobile,False
955f920c-286b-4879-ae23-5fd5f48fcd5a,C9924,186.79,USD,Amazon,Shopping,2026-03-05 10:26:06.383270,pending,NONE,US,tablet,False
c8b8fcd9-c5e0-4b04-bd0c-88daedd840ba,C8742,486.9,JPY,Walmart,Utilities,2025-11-03 10:26:06.383273,failed,E003,JP,tablet,True
05d543ed-8d5b-4712-884e-3e9cbca04fa2,C9478,183.04,JPY,Delta,Travel,2026-05-31 10:26:06.383277,pending,NONE,DE,tablet,False
3e8ac854-0ed2-4088-b7c2-1899dfbb87cf,C1507,317.1,USD,Starbucks,Dining,2026-06-27 10:26:06.383281,failed,E002,CA,mobile,True
e1111022-0507-4278-81fa-cea8ce5be51d,C6210,277.88,JPY,Costco,Utilities,2026-05-16 10:26:06.383285,success,NONE,UK,web,False
a68bff0e-0f2c-465f-bfb2-f6ea569a9f29,C8918,258.44,EUR,Target,Groceries,2026-08-18 10:26:06.383289,failed,E003,JP,tablet,True
13bf5334-ea83-4c8f-96dc-550f789f36b6,C8936,302.28,USD,Amazon,Shopping,2026-08-08 10:26:06.383292,success,NONE,US,mobile,False
ce97af96-3f78-4289-8b0c-42ba8758cf06,C5737,208.13,EUR,Delta,Dining,2026-08-12 10:26:06.383296,pending,NONE,JP,web,False
fcfce07e-087c-4492-9bfd-0615071c5718,C5569,197.5,EUR,Walmart,Electronics,2026-01-28 10:26:06.383300,pending,NONE,US,web,False
a70edd52-da13-4b38-9dd4-06e2f41dad8d,C2854,465.81,JPY,Amazon,Electronics,2026-08-12 10:26:06.383303,failed,E002,DE,web,True
bbbbcea2-9f69-405c-bb91-9441519eeeb0,C7354,117.38,JPY,Amazon,Groceries,2025-10-06 10:26:06.383307,failed,E003,DE,mobile,True
425cfc4c-722d-4d5a-8df9-03de4a09b02a,C3995,301.0,JPY,Apple,Travel,2026-04-02 10:26:06.383311,failed,E002,FR,web,True
755b9a82-1d46-4d56-a7de-6f03a8d60bd2,C3663,46.48,USD,Amazon,Dining,2026-01-11 10:26:06.383315,failed,E002,US,web,True
c575373d-ffea-4daf-b912-704a59615a97,C3448,118.02,JPY,Starbucks,Utilities,2026-03-21 10:26:06.383318,pending,NONE,FR,tablet,False
3672e788-8970-4831-8f75-f05b86225acb,C4183,27.16,USD,Target,Shopping,2025-12-05 10:26:06.383323,success,NONE,FR,web,False
9f86280c-061c-45e2-9cbf-7edec270f5a8,C2633,456.37,GBP,Delta,Utilities,2025-11-15 10:26:06.383326,success,NONE,JP,mobile,False
89029263-f64b-445d-a293-821d548dd1c5,C2063,89.16,EUR,Starbucks,Shopping,2026-05-22 10:26:06.383330,success,NONE,JP,web,False
52ae9a9a-89f8-4717-8b33-ef2f880010ba,C9118,310.36,GBP,Uber,Utilities,2025-09-27 10:26:06.383334,pending,NONE,JP,web,False
9b34bd21-4b46-423f-804b-6abcfddd4504,C1832,387.27,EUR,Starbucks,Utilities,2025-10-05 10:26:06.383337,pending,NONE,JP,web,False
c4964cf3-f4f2-4464-b306-0570788088eb,C2106,54.91,USD,Walmart,Travel,2025-11-25 10:26:06.383341,pending,NONE,FR,mobile,False
677fe445-6ee1-4ed7-b2a9-30335f016f4b,C5805,89.55,GBP,Delta,Utilities,2025-10-30 10:26:06.383345,failed,E002,JP,mobile,True
21189c3e-df57-4877-84fc-5d0e7dfd53de,C1527,411.4,JPY,Uber,Electronics,2026-05-07 10:26:06.383348,pending,NONE,DE,mobile,False
27defff7-6413-494b-ad1d-6b80a60d44a2,C2812,455.56,EUR,Starbucks,Utilities,2026-08-03 10:26:06.383352,success,NONE,US,tablet,False
7b883a1c-aeec-4b9a-9072-d8120e113d49,C5778,454.72,GBP,Costco,Groceries,2025-11-03 10:26:06.383355,pending,NONE,US,tablet,False
bd3ae787-910d-4dba-8e78-422d9e4425b1,C4256,248.51,GBP,Apple,Travel,2026-05-21 10:26:06.383359,failed,NONE,CA,tablet,True
e44dbaf1-7acf-410e-8cb5-5db6b2bc8519,C8875,451.01,JPY,Uber,Groceries,2026-08-05 10:26:06.383363,failed,E003,CA,tablet,True
4252485b-37dd-4921-8855-a6c903bb1bf0,C9337,263.16,EUR,Amazon,Groceries,2025-11-08 10:26:06.383366,pending,NONE,FR,web,False
df01c552-46fd-4dc0-9f80-3de5e13198f6,C5883,360.35,EUR,Starbucks,Electronics,2026-02-02 10:26:06.383370,failed,E002,DE,web,True
fe3d5dc4-a7eb-4483-a8d8-3f20a46d3cf9,C4501,271.37,USD,Amazon,Groceries,2026-05-28 10:26:06.383375,failed,E003,FR,tablet,True
f0e4ceb8-2357-4c16-a60e-fc55f26bfc29,C8400,319.63,GBP,Delta,Electronics,2025-11-05 10:26:06.383378,pending,NONE,CA,mobile,False
eaf55488-ea71-43fd-8a86-2f87da22edd4,C9334,155.06,GBP,Starbucks,Electronics,2026-06-27 10:26:06.383382,success,NONE,DE,mobile,False
43e6b1c0-d4b0-40c6-9303-4f7386c2744f,C7363,76.1,JPY,Amazon,Dining,2026-02-22 10:26:06.383385,failed,NONE,FR,web,True
ba4cf94a-8627-46cf-9417-074d96eee86a,C3435,220.24,EUR,Delta,Dining,2026-04-07 10:26:06.383389,success,NONE,CA,tablet,False
c3e76974-987f-448f-8fe3-c4a03add40e2,C1119,256.05,USD,Amazon,Utilities,2025-12-15 10:26:06.383393,pending,NONE,US,web,False
7b6d6625-5742-49f2-b5cb-11a36e7ff9f1,C8503,229.9,JPY,Delta,Dining,2025-11-12 10:26:06.383396,pending,NONE,FR,web,False
7d5ba6a0-4ad4-48a1-a582-14f7ab3c6db7,C4483,119.62,USD,Walmart,Shopping,2026-05-12 10:26:06.383400,failed,E002,CA,mobile,True
0efb7ad8-8429-4a21-b964-3761d3178dda,C9759,432.37,EUR,Starbucks,Travel,2025-10-28 10:26:06.383404,failed,NONE,CA,web,True
8d9d3567-f700-4c55-b9a7-e1dd356d5f38,C6370,162.77,JPY,Apple,Utilities,2026-01-16 10:26:06.383407,success,NONE,JP,web,False
b27b0a5a-196d-42d5-968e-e13b5bb273de,C6138,359.3,JPY,Walmart,Utilities,2025-09-11 10:26:06.383411,pending,NONE,UK,web,False
64b28ec2-d4fd-459d-87e4-68c6bd04aa5f,C7067,249.19,EUR,Target,Electronics,2025-11-17 10:26:06.383414,pending,NONE,JP,web,False
45397ed0-86f6-4089-96bd-187db9a15d0f,C2917,77.04,GBP,Target,Utilities,2026-01-07 10:26:06.383418,pending,NONE,JP,web,False
fbb488bd-3f51-4ed7-98eb-a40a2763a050,C4459,359.86,GBP,Costco,Dining,2025-12-06 10:26:06.383422,failed,E002,UK,web,True
4860ea6e-7a8f-4f24-bc3d-fec55cf769f9,C3724,175.92,JPY,Starbucks,Electronics,2025-09-09 10:26:06.383425,failed,NONE,CA,web,True
45ed1045-7092-4ec7-9004-af80f230e215,C8350,234.28,USD,Costco,Groceries,2026-07-26 10:26:06.383429,failed,E001,UK,web,True
a69ebac0-8819-4476-9b25-fdaf5c31f898,C3695,193.26,USD,Delta,Dining,2025-11-18 10:26:06.383433,pending,NONE,US,tablet,False
b3610da0-6c50-4721-b415-110a7e4ed34f,C3429,388.07,GBP,Apple,Groceries,2026-02-08 10:26:06.383436,success,NONE,UK,tablet,False
adbfb52a-7aab-4cb9-a809-bd54c31e0bbb,C4807,474.36,GBP,Costco,Groceries,2026-02-23 10:26:06.383441,pending,NONE,JP,web,False
8f1d06d1-b7c0-4efb-9d5b-55704588b4d7,C8440,425.21,GBP,Walmart,Utilities,2026-07-31 10:26:06.383445,success,NONE,US,web,False
f3849833-a6a9-4542-b68a-142067a3b732,C1278,120.64,EUR,Apple,Groceries,2025-12-05 10:26:06.383448,success,NONE,JP,tablet,False
c2de1890-91ac-4214-a63a-8af92111cf13,C1935,170.46,JPY,Uber,Utilities,2025-10-15 10:26:06.383453,failed,E001,JP,tablet,True
6df4d021-d807-429b-bde0-757d58074cce,C6526,321.75,EUR,Target,Electronics,2025-09-23 10:26:06.383456,pending,NONE,US,mobile,False
c526804e-a3fb-451e-917b-2ad87977aa09,C7096,75.15,USD,Delta,Electronics,2026-07-16 10:26:06.383460,failed,E001,DE,mobile,True
e12f94f7-6a32-467d-8575-612d6f1683fc,C4753,185.62,JPY,Target,Utilities,2025-09-19 10:26:06.383464,success,NONE,DE,tablet,False
1d2a6718-c0cb-487b-bb68-7312a9fbc661,C8079,451.31,GBP,Apple,Travel,2026-03-11 10:26:06.383468,failed,E002,UK,mobile,True
80444db8-b6ba-4b30-857c-89f92723de41,C5638,210.66,USD,Apple,Travel,2026-05-04 10:26:06.383471,failed,E001,US,web,True
9c033446-a465-46d1-81d2-3afc948b7968,C5044,404.55,JPY,Delta,Utilities,2025-12-19 10:26:06.383475,success,NONE,DE,web,False
f506fb2b-f766-46bc-aa4c-97f68da32347,C8176,17.24,EUR,Walmart,Travel,2025-10-21 10:26:06.383479,pending,NONE,JP,web,False
dd4393f2-4b5d-4409-8b36-6d005213f196,C8512,367.62,JPY,Uber,Utilities,2026-08-26 10:26:06.383483,success,NONE,US,mobile,False
0e29303a-59d5-4f41-b6c6-d2fe80a13fed,C1998,266.04,USD,Starbucks,Utilities,2026-06-01 10:26:06.383486,success,NONE,FR,mobile,False
02f48e36-0f05-4760-85cb-31b598972bc0,C2671,311.66,USD,Target,Shopping,2025-09-07 10:26:06.383490,success,NONE,US,mobile,False
251d402c-a4bc-417f-94d5-2e2ab0b660b9,C1702,255.05,GBP,Walmart,Utilities,2026-02-27 10:26:06.383493,failed,E003,DE,mobile,True
95ed8092-8b31-4ede-a149-8f03d647092c,C9802,230.94,USD,Target,Shopping,2025-10-09 10:26:06.383497,failed,E001,FR,web,True
40afea2c-7327-440e-9e1e-6aa720fe53dd,C5280,167.82,EUR,Target,Utilities,2026-03-16 10:26:06.383501,success,NONE,US,tablet,False
c20eb1da-07c5-4bd1-9902-ae88db505c85,C1000,148.22,GBP,Walmart,Groceries,2025-12-28 10:26:06.383504,pending,NONE,CA,mobile,False
25cc423c-e303-4fc0-8862-5c06ca716f32,C1472,79.79,USD,Delta,Electronics,2026-07-21 10:26:06.383508,success,NONE,UK,tablet,False
ed814a88-fff9-4f1e-bf9b-931f83571028,C3384,396.58,EUR,Starbucks,Utilities,2025-09-26 10:26:06.383511,success,NONE,UK,web,False
d7d20eae-f894-4156-a9d3-4c72f4b4a6d1,C2602,394.24,JPY,Costco,Electronics,2025-09-14 10:26:06.383515,failed,E002,DE,tablet,True
c9085d24-2bc8-4416-ba48-4e0664e1acb9,C2606,272.29,EUR,Delta,Travel,2026-06-24 10:26:06.383518,success,NONE,UK,web,False
58ab134e-11fb-4227-bede-478c0997afb6,C4660,78.65,USD,Starbucks,Travel,2026-03-31 10:26:06.383523,failed,NONE,JP,mobile,True
5cbf404d-631b-4a4e-9636-3deee8988e3b,C6705,159.18,USD,Costco,Shopping,2025-12-29 10:26:06.383527,pending,NONE,DE,mobile,False
27d60b14-b9b4-4f2f-93a2-6ade2b53ea4d,C6390,334.79,USD,Delta,Utilities,2026-08-21 10:26:06.383530,success,NONE,US,web,False
70e669a3-11e9-483b-b2ef-b871e6d395f1,C4388,434.06,JPY,Amazon,Dining,2025-12-24 10:26:06.383534,success,NONE,CA,web,False
d5f8c730-c117-4af6-81d8-3a2bdf3bf433,C9958,386.98,JPY,Apple,Electronics,2026-08-25 10:26:06.383537,pending,NONE,CA,tablet,False
49c9c049-2ee3-4586-b15a-4ae8ba1d0507,C6943,245.59,JPY,Starbucks,Utilities,2026-07-28 10:26:06.383541,pending,NONE,FR,web,False
b34fc768-dca1-435e-808b-c0d8e7d347c3,C2855,277.97,USD,Target,Groceries,2026-04-03 10:26:06.383544,failed,NONE,FR,web,True
825b9ad4-0b64-44c2-81a2-a453d9806088,C3518,244.79,GBP,Starbucks,Electronics,2025-12-28 10:26:06.383548,failed,E003,UK,mobile,True
bd4232af-3028-489e-9cf0-053f15c48759,C6777,206.6,JPY,Apple,Electronics,2025-11-04 10:26:06.383552,failed,E001,US,tablet,True
f4f4110b-d2dd-4205-a180-4c8b8ef0de21,C4102,175.66,EUR,Uber,Utilities,2025-10-10 10:26:06.383556,failed,E002,DE,tablet,True
80107540-1bdb-4bdf-9cf9-dfc828ee63bf,C9823,117.04,EUR,Apple,Dining,2026-06-28 10:26:06.383559,success,NONE,DE,mobile,False
e422a9d5-25a0-43f6-ac6d-e604e6355b29,C3807,100.58,GBP,Uber,Travel,2026-03-03 10:26:06.383563,pending,NONE,DE,tablet,False
9ba2d0c0-80e1-4c55-a51b-4b0ac13e938b,C1691,170.42,GBP,Apple,Shopping,2025-09-09 10:26:06.383566,pending,NONE,US,tablet,False
bb9a0a47-2c6e-4aab-8378-eed1654f9ac0,C5997,415.82,JPY,Target,Shopping,2026-01-13 10:26:06.383570,pending,NONE,JP,mobile,False
a7476315-3b93-4290-bfc2-892df84a5e6f,C1329,411.05,EUR,Amazon,Groceries,2025-12-24 10:26:06.383573,success,NONE,DE,mobile,False
cb40875a-9e78-4dee-ad84-f61b76fd10eb,C2623,457.94,USD,Delta,Dining,2025-12-18 10:26:06.383577,failed,E001,JP,tablet,True
65a02a3a-82a7-4ea9-b8ea-cbe2fc0a53be,C1040,11.94,USD,Delta,Shopping,2026-04-01 10:26:06.383581,success,NONE,US,mobile,False
be771960-919c-47d2-83d3-5aa0c17576de,C7146,182.56,JPY,Uber,Shopping,2025-10-18 10:26:06.383586,pending,NONE,US,web,False
426b4ec3-c7d6-42f9-ae89-c1119bf8cbc8,C7283,6.78,USD,Costco,Travel,2025-12-22 10:26:06.383590,success,NONE,FR,tablet,False
53e60562-6f41-4784-aad3-f1f3ee4125bc,C1349,176.59,USD,Walmart,Shopping,2026-03-01 10:26:06.383593,pending,NONE,UK,tablet,False
946227dc-20ec-498c-972b-8828fa65efb7,C8184,363.88,USD,Uber,Groceries,2026-05-12 10:26:06.383597,success,NONE,JP,web,False
2ae5353d-e390-4353-bca8-9ffb888ddf86,C4072,395.14,JPY,Delta,Groceries,2026-01-31 10:26:06.383601,failed,E001,US,mobile,True
f433e104-3be4-467b-ad75-d2f2d22d798e,C3328,465.88,GBP,Starbucks,Groceries,2026-08-16 10:26:06.383604,pending,NONE,JP,web,False
882df344-6e3b-4bc4-b73f-bc92a98486c9,C2372,324.95,GBP,Starbucks,Dining,2026-07-30 10:26:06.383608,pending,NONE,DE,tablet,False
fd519dfb-1948-4c7b-9113-155d0ec0931f,C6829,434.05,JPY,Apple,Dining,2026-08-29 10:26:06.383612,failed,E001,CA,tablet,True
36c0708a-2711-44bc-9152-ae4c8af080d4,C4346,53.65,USD,Apple,Groceries,2025-10-09 10:26:06.383615,pending,NONE,US,mobile,False
a191f68c-ef81-46d0-81a9-52396f2653e1,C4017,439.69,JPY,Costco,Travel,2026-06-07 10:26:06.383619,failed,E001,FR,tablet,True
b7ac2c6a-cee0-429d-92ee-10340558d137,C4746,412.01,JPY,Target,Groceries,2026-02-15 10:26:06.383623,failed,E003,UK,web,True
b16e409c-6a67-4aed-8838-f47acaa79288,C1230,439.49,JPY,Delta,Shopping,2025-11-24 10:26:06.383626,pending,NONE,DE,mobile,False
5aa0e05d-ca63-4bdb-ab82-80ee815e5887,C6866,15.25,USD,Amazon,Travel,2025-10-01 10:26:06.383630,success,NONE,UK,web,False
c48304a6-51e4-4f65-b7c0-8ae0a1accaf5,C9353,448.13,GBP,Amazon,Dining,2025-12-29 10:26:06.383633,pending,NONE,FR,tablet,False
17245062-7f6e-4255-9c99-ccbad5984d0f,C3588,426.47,JPY,Uber,Shopping,2025-09-11 10:26:06.383637,success,NONE,JP,tablet,False
596cfd85-823c-4349-bfcb-8fbb7783488c,C2672,73.05,JPY,Walmart,Dining,2025-12-12 10:26:06.383641,success,NONE,US,mobile,False
b5a93769-e9d3-4df1-bd0a-c8e599dd372f,C7810,56.83,EUR,Delta,Shopping,2026-08-27 10:26:06.383645,pending,NONE,DE,mobile,False
ca252ec3-5a26-4b7f-8601-6d3f9137b279,C5099,340.91,GBP,Delta,Electronics,2026-03-24 10:26:06.383648,failed,E003,FR,tablet,True
cc3d7ded-814d-44a0-bf44-5945d7ab68b0,C8093,130.11,GBP,Uber,Utilities,2026-03-24 10:26:06.383652,pending,NONE,DE,mobile,False
1fb320fd-0404-4b9f-be06-6e24f4d3576e,C7239,208.7,EUR,Costco,Groceries,2026-05-19 10:26:06.383656,pending,NONE,FR,web,False
ec731f34-ddc3-482b-9577-bbb3f20a08da,C6743,485.85,EUR,Apple,Electronics,2025-10-30 10:26:06.383659,success,NONE,UK,mobile,False
6296df28-2c7e-4be4-b526-4da3cf1cd023,C1468,138.5,USD,Delta,Utilities,2025-12-29 10:26:06.383663,success,NONE,JP,tablet,False
17338892-a1ed-4aa2-a9b7-13edcd7bb432,C9829,128.06,JPY,Delta,Electronics,2026-07-16 10:26:06.383667,failed,E003,US,mobile,True
21a2745f-1ed1-4c84-a770-53521432b614,C3014,430.25,EUR,Costco,Electronics,2026-04-20 10:26:06.383671,pending,NONE,FR,tablet,False
84b04278-bdb4-46a0-a632-dc3ef1c7000e,C7179,71.98,GBP,Uber,Shopping,2025-09-14 10:26:06.383675,failed,E001,FR,mobile,True
425e99c8-0caf-45e3-bf5f-19ff0491c574,C4623,213.29,EUR,Walmart,Dining,2025-12-12 10:26:06.383678,pending,NONE,CA,mobile,False
f83a3173-3c2a-4f2e-b50f-df073f3814d2,C3926,340.66,EUR,Delta,Electronics,2026-02-09 10:26:06.383682,pending,NONE,US,mobile,False
6ee514e5-1f3b-4f64-b106-4e2469954bd6,C8214,489.71,JPY,Costco,Groceries,2026-08-29 10:26:06.383686,pending,NONE,UK,web,False
4224120d-1339-4a37-b2c1-941965eb4527,C7535,468.1,EUR,Amazon,Groceries,2025-10-31 10:26:06.383689,success,NONE,UK,web,False
9c25afc2-e698-47cb-a36f-34b22b9f400f,C5636,345.77,USD,Uber,Electronics,2026-05-04 10:26:06.383693,pending,NONE,DE,web,False
5c0beaf0-8075-4cb6-adfa-6f474738cf73,C3202,63.8,USD,Apple,Groceries,2025-09-11 10:26:06.383696,pending,NONE,JP,tablet,False
ffe0cbb5-b4ca-4fa7-ab13-2b505a1c8783,C7650,82.52,USD,Amazon,Utilities,2026-02-09 10:26:06.383700,pending,NONE,JP,mobile,False
4c204393-5bc3-480e-914d-bc4ecd358006,C6607,223.56,EUR,Target,Groceries,2025-11-08 10:26:06.383704,failed,E003,DE,tablet,True
53030f3e-d916-46b0-ba05-4ce8de66563a,C8592,44.31,USD,Delta,Dining,2026-09-01 10:26:06.383707,success,NONE,JP,web,False
ab8242de-accb-48b2-b2d4-0b13bf34f1c9,C2076,259.95,EUR,Target,Shopping,2026-01-08 10:26:06.383711,success,NONE,FR,mobile,False
46c428f8-c5f5-466c-89e1-0dd98db3d776,C4065,19.67,GBP,Uber,Travel,2025-10-16 10:26:06.383714,failed,E001,CA,web,True
7716c79e-994f-49fa-a26b-514da8a73baf,C1191,51.51,EUR,Starbucks,Utilities,2025-09-15 10:26:06.383718,success,NONE,US,tablet,False
bc789657-0c9b-4078-898b-488ce2a5213d,C8318,148.69,EUR,Target,Utilities,2025-10-25 10:26:06.383721,pending,NONE,JP,tablet,False
efd18c64-f9d1-438f-86a3-6534e99b53f9,C6797,383.79,GBP,Target,Utilities,2025-09-09 10:26:06.383725,failed,E003,CA,mobile,True
38219043-3504-4dde-9f83-bc601f301c6f,C7959,150.16,JPY,Costco,Utilities,2026-01-20 10:26:06.383729,success,NONE,UK,tablet,False
a06c95ec-142b-41ef-ac99-0e7dbd168307,C2266,262.22,JPY,Walmart,Electronics,2025-12-17 10:26:06.383732,success,NONE,DE,mobile,False
db760013-c1d9-424a-977d-701c2a282775,C1713,87.94,EUR,Uber,Electronics,2026-05-17 10:26:06.383736,pending,NONE,DE,mobile,False
11b58a79-d955-4228-ac05-8d9fa8ced1f8,C1733,490.08,EUR,Walmart,Utilities,2026-01-02 10:26:06.383739,success,NONE,UK,web,False
49c07681-d7e6-435b-a73f-9dfc5d423ba6,C3288,230.94,EUR,Apple,Dining,2026-07-02 10:26:06.383743,pending,NONE,JP,web,False
7ca49b39-e012-4d5b-84fd-9990d8214d76,C5964,188.63,EUR,Starbucks,Groceries,2026-06-02 10:26:06.383746,failed,E002,DE,web,True
2fca32ae-0dc7-403d-9835-f87af0982892,C5072,198.01,USD,Amazon,Electronics,2026-01-14 10:26:06.383750,pending,NONE,US,tablet,False
11de6da1-1090-406f-aae2-c34031f4f8d1,C9244,288.28,GBP,Amazon,Travel,2026-01-01 10:26:06.383753,failed,E002,FR,mobile,True
d4f42daf-8b77-473f-8c9f-e3e9a1dd1b5f,C2959,423.03,GBP,Delta,Dining,2026-06-24 10:26:06.383757,pending,NONE,JP,mobile,False
c2f0c8e7-aac6-4906-9caa-e46ae10334e8,C3976,363.49,EUR,Target,Groceries,2026-05-21 10:26:06.383760,pending,NONE,DE,mobile,False
32131ab2-d05b-4ac9-b152-152e495f6753,C6138,147.4,GBP,Amazon,Travel,2026-03-06 10:26:06.383764,pending,NONE,CA,mobile,False
dc49cc78-465a-47ba-9e0e-5a35e9b29e52,C4707,44.61,JPY,Amazon,Groceries,2026-06-19 10:26:06.383767,success,NONE,JP,mobile,False
aaa2d7a7-9adb-4ac6-af60-4682b7c7f5be,C9037,155.25,EUR,Amazon,Dining,2025-11-25 10:26:06.383771,failed,E003,FR,mobile,True
72c54765-2aa3-479d-a470-b7ab33d70bf5,C1032,199.62,JPY,Apple,Utilities,2026-05-29 10:26:06.383775,failed,E003,JP,web,True
ec553875-8624-4e1d-b6ea-f86bbe75471d,C4940,243.58,EUR,Delta,Dining,2025-12-18 10:26:06.383778,failed,E001,US,web,True
0ec9d6ff-0ae6-4e5b-8003-3a399a82fdfd,C7804,31.11,JPY,Amazon,Shopping,2026-03-29 10:26:06.383782,failed,E003,CA,tablet,True
2621f667-64d0-4790-a795-89fc3d51c5e2,C1726,199.4,GBP,Apple,Travel,2025-10-28 10:26:06.383786,success,NONE,JP,mobile,False
b600bd32-83ed-4b97-bea5-159114930b23,C2889,213.71,JPY,Uber,Shopping,2026-06-02 10:26:06.383790,failed,E002,FR,web,True
0e55f658-33bb-4dd2-a1b3-530618efa6fc,C7302,358.24,EUR,Apple,Utilities,2026-01-31 10:26:06.383793,pending,NONE,DE,tablet,False
0d41db74-a1ad-4e0e-808b-c3c3fdb7b538,C3155,328.54,GBP,Amazon,Dining,2026-01-06 10:26:06.383797,success,NONE,CA,mobile,False
2ce5115f-2f81-4bf1-a512-d01da9055225,C8243,444.06,GBP,Walmart,Electronics,2025-09-17 10:26:06.383801,failed,NONE,FR,mobile,True
b0eff92b-34fd-44e3-b596-ca699456a895,C8699,28.89,EUR,Target,Dining,2026-02-22 10:26:06.383804,success,NONE,DE,web,False
773acb3d-4e30-4bd7-a005-386d4ab8e877,C2571,307.41,USD,Delta,Travel,2025-10-19 10:26:06.383808,pending,NONE,JP,tablet,False
af220346-a9b5-46e0-a5e3-120373065606,C6143,489.88,EUR,Costco,Utilities,2026-08-21 10:26:06.383811,success,NONE,CA,mobile,False
ce8fc239-c4e8-4432-969f-d2de3d26fdc7,C5004,133.41,EUR,Amazon,Utilities,2026-05-08 10:26:06.383816,failed,E001,JP,tablet,True
191a7366-e6c0-4188-9caa-a49cabb16fbd,C2774,102.5,JPY,Costco,Shopping,2026-03-10 10:26:06.383820,failed,E001,FR,tablet,True
ccb93057-bddb-4981-84b5-d955f447b91d,C7395,360.78,USD,Delta,Travel,2026-01-18 10:26:06.383823,success,NONE,US,tablet,False
4911e43d-92c4-4040-9eb3-0f3893034ed8,C7755,139.79,USD,Uber,Shopping,2026-01-03 10:26:06.383828,pending,NONE,UK,mobile,False
03c8db7d-7222-44d2-935d-8b3fe3daf42e,C2975,406.57,EUR,Uber,Electronics,2025-11-23 10:26:06.383832,pending,NONE,FR,tablet,False
06ccb2d1-203e-4223-a74f-52316d2a6eab,C5243,329.82,JPY,Target,Utilities,2026-06-25 10:26:06.383835,failed,E001,UK,mobile,True
07544a34-18e1-41a0-993d-19f03c0e0484,C4108,168.08,GBP,Costco,Shopping,2025-11-08 10:26:06.383839,success,NONE,UK,tablet,False
c6cf1b66-2aa3-42df-90ed-948ccb1695d1,C6343,460.83,GBP,Amazon,Groceries,2025-10-30 10:26:06.383842,success,NONE,UK,mobile,False
04d75cf4-ac6f-4700-8fbc-24fb414433cf,C9598,240.94,EUR,Apple,Dining,2025-10-14 10:26:06.383846,pending,NONE,UK,tablet,False
7d6e45c2-4206-47be-aa2c-f817410e7e9b,C9902,167.32,GBP,Uber,Dining,2026-03-25 10:26:06.383850,failed,E002,UK,mobile,True
4d24187a-c75a-4521-bcc9-1c687dc4fb6a,C9403,422.63,JPY,Walmart,Dining,2026-03-10 10:26:06.383854,success,NONE,FR,mobile,False
b793ce1f-c007-4e23-bcc6-953de6481d4b,C1152,264.3,GBP,Walmart,Shopping,2025-11-09 10:26:06.383857,success,NONE,JP,web,False
35020a23-5c08-4b1c-9925-440ee236d331,C6544,314.13,EUR,Target,Dining,2025-10-29 10:26:06.383861,pending,NONE,US,mobile,False
346e6d52-7f2a-4414-918f-9fb87ca8cb66,C7602,141.31,EUR,Walmart,Groceries,2026-01-27 10:26:06.383864,failed,E003,FR,web,True
5239f485-f604-4ef8-806f-6bfba0c3f5e5,C8349,262.47,EUR,Delta,Groceries,2026-05-16 10:26:06.383868,success,NONE,DE,mobile,False
93fad29e-0dcf-4817-bd75-6e5ccedb38ce,C6478,151.22,GBP,Delta,Groceries,2026-06-10 10:26:06.383872,failed,NONE,DE,tablet,True
11b2c420-9c8c-4852-948c-1ad6aee4f9dd,C6146,27.14,EUR,Target,Shopping,2025-12-09 10:26:06.383875,failed,E002,CA,tablet,True
057a25fa-0891-4e46-a369-5346581d3632,C2470,124.93,USD,Delta,Groceries,2026-04-02 10:26:06.383879,success,NONE,CA,web,False
17ff0cb9-ba1d-4bf7-a943-6d838e1c13d4,C9870,408.02,EUR,Delta,Travel,2026-07-03 10:26:06.383883,success,NONE,FR,web,False
fa94a029-439b-43fc-a864-1cdc9e9e8b36,C2086,128.36,JPY,Starbucks,Shopping,2025-11-07 10:26:06.383886,failed,E003,CA,tablet,True
4ecee4a1-6363-42db-9283-56728dc61bf6,C3678,417.55,JPY,Delta,Travel,2026-05-22 10:26:06.383890,success,NONE,UK,mobile,False
0fda4437-9ddb-4445-b6c9-2993bd7c3f6a,C7090,439.81,EUR,Delta,Utilities,2026-05-14 10:26:06.383894,pending,NONE,CA,tablet,False
0be080e3-3780-4c2a-b6b2-e7ce8f085aa2,C1463,322.25,GBP,Uber,Electronics,2026-07-22 10:26:06.383897,pending,NONE,DE,web,False
40576dd4-1fb4-4ab0-8b4e-27f5e18a02e5,C4573,425.67,EUR,Costco,Groceries,2026-04-15 10:26:06.383901,success,NONE,CA,mobile,False
d03400a3-cfb7-4587-9d6a-55a51b54c41d,C4590,12.07,GBP,Uber,Electronics,2026-04-16 10:26:06.383904,failed,NONE,US,web,True
c0dfa3fe-42ab-44cd-aeea-08b3d2559b7e,C7705,341.53,JPY,Starbucks,Utilities,2026-07-26 10:26:06.383908,pending,NONE,DE,mobile,False
8c6e9608-d99f-4cb9-81fb-25c8b65a6fad,C5614,201.64,USD,Apple,Groceries,2026-08-01 10:26:06.383912,success,NONE,CA,mobile,False
038dd64e-ac70-4480-81bb-bdf2519ddb53,C9299,387.77,GBP,Costco,Travel,2026-01-07 10:26:06.383915,failed,E001,US,tablet,True
f040cd7d-83e8-4355-882c-2576ae7590b2,C2301,289.51,JPY,Delta,Dining,2026-05-05 10:26:06.383919,success,NONE,FR,web,False
b4e98769-d4b5-46d7-be3f-32c0be117618,C6933,384.06,GBP,Costco,Electronics,2026-08-11 10:26:06.383922,success,NONE,US,web,False
619b976f-0b06-454a-8e21-30d17c265b3b,C9268,469.8,EUR,Target,Travel,2025-09-23 10:26:06.383926,success,NONE,FR,mobile,False
0c5069c1-cf7a-4c4c-9872-1fc8672b50ee,C6715,296.49,GBP,Apple,Dining,2026-05-13 10:26:06.383930,success,NONE,DE,tablet,False
3fecae93-38a0-472e-99db-d5952d4362d3,C3079,351.94,GBP,Starbucks,Utilities,2025-10-25 10:26:06.383933,success,NONE,DE,web,False
4b565f07-cc56-4771-acf3-691eed20de97,C8832,343.1,GBP,Walmart,Travel,2026-06-07 10:26:06.383937,failed,E001,CA,mobile,True
9c5e7860-ef22-45b0-9465-50f39dfe82c9,C4966,294.35,EUR,Starbucks,Dining,2025-11-22 10:26:06.383941,success,NONE,JP,tablet,False
fcdd7916-5d39-4550-b35f-312c1fd8bc90,C3703,437.62,EUR,Target,Dining,2025-11-06 10:26:06.383945,pending,NONE,DE,tablet,False
3bd299ae-2396-4fa1-9d00-0a27329f1a59,C5765,217.79,JPY,Delta,Utilities,2026-03-13 10:26:06.383948,failed,E003,DE,mobile,True
15506acf-8fe8-44ee-b07a-7f62fe2f6a5a,C6997,13.67,JPY,Apple,Dining,2026-02-15 10:26:06.383952,pending,NONE,DE,mobile,False
878706dd-c680-4c16-bee0-3ed3148e395a,C8785,96.32,EUR,Uber,Utilities,2025-12-30 10:26:06.383955,pending,NONE,CA,mobile,False
3247da9e-77bd-4f83-a8c6-28ea800d53af,C5051,463.3,EUR,Uber,Electronics,2025-10-17 10:26:06.383959,failed,E002,CA,web,True
4fb953da-1431-4d4f-8f07-3c46eacc650c,C9204,64.2,EUR,Delta,Travel,2026-07-22 10:26:06.383964,pending,NONE,US,tablet,False
b5aa0cc0-0475-42ac-9d61-536d49ad37b1,C1165,486.63,JPY,Costco,Utilities,2026-08-14 10:26:06.383967,pending,NONE,CA,mobile,False
b656d626-0de4-44ec-b47a-dca5b20dea88,C3501,154.21,GBP,Apple,Shopping,2025-11-11 10:26:06.383971,failed,E003,JP,web,True
eaf4cc6e-c62f-4669-9282-0bd069262cd7,C4501,206.56,JPY,Apple,Shopping,2026-05-31 10:26:06.383974,pending,NONE,FR,web,False
293b05fa-39be-44ba-ae07-3d9cd9665765,C3626,344.97,USD,Apple,Electronics,2025-12-16 10:26:06.383978,failed,E003,DE,mobile,True
7b64083e-1989-4000-a40d-80de9367abac,C4527,446.54,JPY,Amazon,Electronics,2026-07-06 10:26:06.383982,success,NONE,JP,tablet,False
7655ee63-5140-4928-9029-2bda6946f7ca,C9132,136.76,USD,Costco,Dining,2026-06-25 10:26:06.383985,success,NONE,US,tablet,False
d49cf9c3-65cd-4877-a10a-031936d817e0,C2275,379.74,GBP,Walmart,Travel,2026-03-18 10:26:06.383989,success,NONE,US,tablet,False
43093bcd-889a-485d-8bfc-4a92ec072a97,C4850,409.14,USD,Amazon,Groceries,2026-05-25 10:26:06.383992,pending,NONE,DE,tablet,False
efd8e4cc-18f1-48d5-85d2-29fb1052126b,C3399,496.71,USD,Walmart,Utilities,2026-03-08 10:26:06.383996,success,NONE,FR,tablet,False
5a710821-943b-4dcd-8491-7090d43dc002,C6303,308.18,GBP,Walmart,Groceries,2025-10-14 10:26:06.383999,success,NONE,FR,mobile,False
3f82b435-8c19-4b82-8b44-a7f2ffbfc1b4,C4756,211.98,JPY,Delta,Electronics,2025-12-24 10:26:06.384003,success,NONE,UK,mobile,False
a9e8a4a6-2793-4d1a-842a-923501191dcd,C6413,476.23,GBP,Amazon,Utilities,2026-08-09 10:26:06.384006,success,NONE,JP,web,False
91c0c77b-89d2-44bd-835c-aced5afddcf1,C6514,30.93,EUR,Starbucks,Groceries,2026-05-25 10:26:06.384010,success,NONE,US,tablet,False
55567c05-d1cf-4ae4-a45e-e13c75e89911,C6016,391.01,GBP,Starbucks,Shopping,2026-03-24 10:26:06.384014,failed,E001,JP,mobile,True
5182d93b-8e4d-4d32-b5c5-107387524d98,C3279,311.54,EUR,Amazon,Shopping,2026-08-08 10:26:06.384017,success,NONE,JP,tablet,False
47cfb679-9aba-4bc7-953f-09ec78db7931,C5190,369.27,JPY,Amazon,Dining,2026-02-03 10:26:06.384020,pending,NONE,JP,tablet,False
11ced641-7861-4b83-ac3e-4e17c6006aad,C2482,181.89,USD,Starbucks,Utilities,2026-02-18 10:26:06.384024,success,NONE,UK,mobile,False
909efa3f-d5a2-420f-9d30-05d22c0f457b,C2233,332.7,EUR,Uber,Shopping,2026-06-15 10:26:06.384028,pending,NONE,US,mobile,False
90783ef6-7222-4ab5-86c7-a8caa95181c4,C5032,486.51,EUR,Target,Groceries,2026-06-21 10:26:06.384031,failed,E002,UK,tablet,True
6066ab6a-1868-43d1-9ec8-b0decb55a5f3,C3345,196.27,USD,Amazon,Dining,2025-12-23 10:26:06.384035,failed,NONE,DE,mobile,True
902a3952-8cf5-4821-b599-d04f5f98bcaa,C2848,476.7,USD,Target,Dining,2026-04-26 10:26:06.384038,pending,NONE,US,web,False
58c53f09-8635-4c72-8ad0-48d05075f32d,C1906,60.31,GBP,Target,Shopping,2025-10-11 10:26:06.384042,pending,NONE,JP,web,False
da36e735-e59f-4ca8-9bdb-6a295f1f1431,C6283,139.67,USD,Delta,Utilities,2026-02-28 10:26:06.384045,success,NONE,FR,mobile,False
40e2e0c8-e2ce-4479-8d5f-0c8abddbc64b,C7078,239.36,GBP,Target,Dining,2026-01-24 10:26:06.384049,failed,E003,JP,tablet,True
fa4c6f9b-3dcf-4e16-b05b-e245950c7d13,C1176,203.75,EUR,Apple,Travel,2026-02-03 10:26:06.384052,success,NONE,UK,tablet,False
97d6e4b4-c24e-4879-a1ff-5a6f8dbdcb94,C1130,26.13,JPY,Target,Utilities,2026-02-17 10:26:06.384056,failed,NONE,DE,mobile,True
be7b3c70-b166-4447-b831-696c6a674ea3,C5292,353.17,USD,Delta,Travel,2026-03-09 10:26:06.384060,failed,NONE,CA,mobile,True
26feec6a-5d1b-49e7-bd3f-aa18b0b095d3,C6219,133.48,EUR,Walmart,Electronics,2026-03-20 10:26:06.384063,pending,NONE,DE,mobile,False
b8a1d492-2cf7-4702-af69-1e8ccd8bc725,C9654,183.95,USD,Target,Dining,2025-11-24 10:26:06.384067,success,NONE,CA,mobile,False
d5c177d9-d2a7-4502-88a2-7b1965fbaad1,C7030,478.75,EUR,Target,Utilities,2026-02-09 10:26:06.384070,pending,NONE,CA,web,False
6b4b2b81-3308-45c0-8dd5-db6d152d5614,C1256,474.85,GBP,Costco,Electronics,2025-10-01 10:26:06.384075,pending,NONE,FR,mobile,False
f7f2e51c-ddcf-412b-8977-dc67cccbe839,C9089,469.03,JPY,Uber,Groceries,2026-08-08 10:26:06.384079,failed,E003,UK,web,True
abb3cca2-f490-4559-9af0-262662078171,C2292,98.72,USD,Uber,Groceries,2025-09-29 10:26:06.384083,pending,NONE,DE,web,False
59323645-fbd6-427f-988e-634586a40553,C1784,143.42,GBP,Costco,Shopping,2025-09-29 10:26:06.384087,success,NONE,JP,web,False
872ad6c6-93de-452e-a7a3-bca8db30570d,C3212,142.49,USD,Target,Electronics,2025-12-16 10:26:06.384090,success,NONE,DE,tablet,False
bfc781a1-40ac-4fbd-be98-ffc07892f071,C4274,292.65,EUR,Apple,Travel,2026-03-21 10:26:06.384094,pending,NONE,DE,web,False
2386a089-0077-4b7d-bf69-398b80f6cfb0,C5247,253.71,EUR,Apple,Travel,2026-05-13 10:26:06.384098,pending,NONE,US,tablet,False
c30ea75a-785b-4e1e-8947-47fce79e404f,C5700,41.98,JPY,Starbucks,Groceries,2025-10-04 10:26:06.384101,failed,E002,DE,mobile,True
687dbe5b-527e-444b-b840-2e47c1446603,C2241,202.92,EUR,Target,Shopping,2025-11-03 10:26:06.384105,failed,NONE,FR,mobile,True
3906c7cc-55f1-49ac-a941-b32f49dc05aa,C4008,477.1,GBP,Uber,Utilities,2025-09-07 10:26:06.384112,success,NONE,JP,mobile,False
7aed14a7-6719-4c96-bff0-9a227f44ebf8,C3792,89.6,USD,Delta,Shopping,2026-01-26 10:26:06.384115,failed,E003,FR,mobile,True
7243704f-853e-49bb-80d9-7aa4b778a7ca,C3291,435.81,GBP,Delta,Groceries,2026-05-24 10:26:06.384119,failed,E002,FR,mobile,True
8a9d1678-cbf6-456e-8356-93dc2d95b25f,C6183,79.71,EUR,Uber,Electronics,2026-06-08 10:26:06.384123,pending,NONE,DE,web,False
90e72eb1-bc47-4b51-84d5-f75f1d4d21af,C8378,272.73,USD,Apple,Groceries,2026-01-09 10:26:06.384127,pending,NONE,FR,web,False
ff93582d-1522-483c-bc8b-5f37e248d4f4,C5001,19.94,GBP,Uber,Dining,2026-01-06 10:26:06.384130,failed,NONE,JP,tablet,True
d828c9c1-2c6e-479d-a510-f1f258a76b77,C8869,314.19,EUR,Amazon,Utilities,2026-01-02 10:26:06.384134,failed,E003,CA,web,True
e475cd5e-10ec-4d76-9016-8f2c2dce1bec,C7240,455.58,GBP,Starbucks,Travel,2026-01-21 10:26:06.384137,success,NONE,US,web,False
8892b0fc-f4df-4c22-8a7b-1c8fee98f873,C9986,349.23,GBP,Starbucks,Electronics,2026-04-09 10:26:06.384141,pending,NONE,US,tablet,False
c64cff07-235e-4ce9-80da-5860da79b232,C8920,348.17,EUR,Amazon,Electronics,2026-05-22 10:26:06.384144,pending,NONE,UK,tablet,False
b2946058-0bbe-4487-85b0-ce848ff14667,C3784,461.33,GBP,Amazon,Electronics,2026-04-14 10:26:06.384148,pending,NONE,FR,tablet,False
ff903692-c309-4a23-83c4-cfc508ac24da,C2647,321.99,JPY,Starbucks,Utilities,2026-08-03 10:26:06.384151,success,NONE,JP,mobile,False
82431e2f-c8bd-41da-94e0-0b8fe3be3935,C5381,180.43,JPY,Delta,Utilities,2026-03-29 10:26:06.384155,pending,NONE,DE,mobile,False
82cfd277-8c6e-4cb8-bbf0-2e66dd3db54c,C7471,122.23,USD,Target,Electronics,2026-03-27 10:26:06.384159,pending,NONE,DE,web,False
0cc457ba-982f-4f2d-acb5-78a8f770427d,C3796,63.45,GBP,Walmart,Utilities,2025-09-22 10:26:06.384162,failed,E002,JP,tablet,True
fa857fca-de47-41c3-865a-350bc7621ebb,C2691,383.01,EUR,Starbucks,Utilities,2025-09-17 10:26:06.384166,success,NONE,JP,mobile,False
073642b6-8635-408c-a9f4-bee73fa27e8e,C2540,260.57,USD,Walmart,Utilities,2025-12-05 10:26:06.384170,success,NONE,JP,mobile,False
2128e9bd-3a75-4680-9942-2f76221c3bbb,C9581,361.46,GBP,Delta,Travel,2026-06-16 10:26:06.384173,failed,E001,FR,web,True
4ab5e2b5-0b29-421f-a361-b5c87b3af791,C9790,172.08,JPY,Walmart,Utilities,2025-12-17 10:26:06.384177,success,NONE,CA,tablet,False
9e1879f0-242f-479a-a734-44e2525aa3b2,C9473,124.31,GBP,Costco,Travel,2026-03-25 10:26:06.384180,pending,NONE,JP,tablet,False
2685568e-661b-414e-abc0-c55766d5bda7,C5455,55.38,JPY,Walmart,Travel,2026-08-03 10:26:06.384184,failed,E003,US,tablet,True
ce886821-a138-48aa-85ee-2506018e7092,C8617,326.17,EUR,Amazon,Electronics,2026-03-13 10:26:06.384187,pending,NONE,CA,tablet,False
ff636d4a-f9f4-4403-91d2-15f03deaf496,C2229,454.76,USD,Costco,Groceries,2025-12-28 10:26:06.384191,success,NONE,DE,mobile,False
c4148830-69e2-423e-97f4-7c522415b610,C3726,53.18,EUR,Starbucks,Utilities,2026-07-02 10:26:06.384195,success,NONE,FR,tablet,False
312f2868-4828-487e-becb-1f9ac77a01c6,C3090,306.98,USD,Amazon,Electronics,2025-11-01 10:26:06.384198,success,NONE,UK,web,False
1e37713b-486b-41d9-8b2d-7a791ab3e550,C4971,304.54,GBP,Walmart,Shopping,2025-12-28 10:26:06.384203,failed,E003,US,tablet,True
1d0f1604-9520-4269-9e29-b8db3324444c,C4596,162.06,GBP,Delta,Travel,2026-04-15 10:26:06.384207,success,NONE,FR,mobile,False
c993794c-4cd3-4567-bc32-1e88d055c87d,C5390,184.04,EUR,Amazon,Travel,2026-07-01 10:26:06.384210,success,NONE,US,web,False
22017ca7-c68c-4cb1-8176-d0fd988f11d0,C9655,204.06,JPY,Delta,Dining,2026-01-17 10:26:06.384214,pending,NONE,JP,web,False
7d979155-3f25-41f4-8480-5d3cf99fe48a,C6711,236.51,USD,Starbucks,Utilities,2026-01-11 10:26:06.384218,pending,NONE,UK,mobile,False
df8d840b-cac3-4c16-8658-1c48eca4f57d,C4301,378.84,GBP,Costco,Shopping,2026-07-07 10:26:06.384221,failed,NONE,US,tablet,True
2ed084cb-5f54-4fbc-99ef-7cbbb2222ece,C2554,41.73,GBP,Walmart,Travel,2025-10-27 10:26:06.384225,failed,E001,CA,web,True
235a108d-c214-4592-a104-cea8e5741096,C5208,483.45,JPY,Walmart,Groceries,2026-02-15 10:26:06.384229,pending,NONE,JP,tablet,False
4e7b6424-4312-42a3-a904-54974e0fdf8b,C4364,388.67,JPY,Delta,Shopping,2026-02-25 10:26:06.384232,success,NONE,US,mobile,False
08778786-607e-40f0-ac45-ee62d862bbfa,C6703,325.16,EUR,Costco,Utilities,2025-11-04 10:26:06.384236,success,NONE,US,tablet,False
abcfdc2e-af08-42e1-81d9-c65370715fbf,C8180,130.11,JPY,Starbucks,Dining,2025-10-14 10:26:06.384240,failed,E001,CA,tablet,True
c1766515-1085-485d-8e99-d579ad79f36d,C4532,201.74,USD,Uber,Electronics,2026-01-22 10:26:06.384243,success,NONE,JP,tablet,False
ea52ac16-1f12-434c-8501-d523115a4e9f,C2028,419.1,USD,Target,Dining,2026-05-20 10:26:06.384247,pending,NONE,JP,mobile,False
fcc9d712-7f19-4a05-945f-82b7909e3c84,C4875,183.92,GBP,Walmart,Dining,2025-12-03 10:26:06.384251,failed,NONE,FR,tablet,True
8edf2449-6bfa-446c-9b1e-25da1154bdef,C9406,163.82,EUR,Apple,Utilities,2026-07-01 10:26:06.384254,success,NONE,FR,tablet,False
083e0322-4367-4404-91ad-9478b3217c3f,C7836,155.06,USD,Starbucks,Dining,2026-04-10 10:26:06.384259,failed,NONE,US,mobile,True
230cd437-33ca-4604-801e-cc3aa6e5159d,C6542,62.01,EUR,Uber,Shopping,2026-01-26 10:26:06.384263,success,NONE,UK,mobile,False
85e64051-93eb-4685-9023-dde56ba21f21,C9415,494.92,EUR,Costco,Electronics,2026-07-17 10:26:06.384266,failed,E001,US,mobile,True
5b4b3d2b-4e7a-4a2d-8643-b6ec0839037a,C4359,380.64,JPY,Delta,Utilities,2025-09-05 10:26:06.384270,failed,E002,US,web,True
66ad64b2-a33d-45ef-aac9-9c56a9abb657,C6113,168.32,USD,Uber,Travel,2026-07-16 10:26:06.384274,failed,E002,FR,tablet,True
c1c0131c-3a9b-4e69-8862-9cc1876ebce3,C9618,469.14,USD,Costco,Utilities,2025-11-04 10:26:06.384277,pending,NONE,UK,web,False
3808a8bc-176a-44ee-989a-e8ff28517316,C4844,140.42,USD,Starbucks,Travel,2025-11-02 10:26:06.384285,success,NONE,JP,web,False
2bba44be-b632-4c8e-82d0-64f0cbf4850c,C5890,415.91,GBP,Amazon,Dining,2026-06-08 10:26:06.384289,success,NONE,US,web,False
823ca60e-43c8-4cbd-ab14-ede92dbd25f5,C7592,313.76,GBP,Target,Travel,2026-07-03 10:26:06.384293,pending,NONE,US,mobile,False
d6b9d3ff-0095-42ed-b9e4-94669f04990a,C6057,420.86,GBP,Costco,Utilities,2026-05-31 10:26:06.384296,pending,NONE,UK,tablet,False
33fa0bf3-cecb-4b27-9430-5f0062b6316a,C8979,157.73,EUR,Target,Dining,2025-09-06 10:26:06.384300,pending,NONE,US,mobile,False
cd7ab294-d4ea-4b82-8229-0679f3945dbf,C2293,322.65,USD,Apple,Shopping,2026-05-04 10:26:06.384303,success,NONE,JP,mobile,False
abdd2b3a-516a-4fb4-bd19-29497a4826f2,C7219,275.62,EUR,Target,Electronics,2026-01-17 10:26:06.384307,success,NONE,FR,mobile,False
d277ece5-a997-463d-80df-4d01c69669f8,C2824,145.88,EUR,Amazon,Groceries,2025-10-02 10:26:06.384310,pending,NONE,US,web,False
34dcbdc4-be3c-45a7-9457-999e0685ca09,C4208,385.24,USD,Starbucks,Travel,2026-08-23 10:26:06.384314,pending,NONE,UK,tablet,False
f7497540-24cd-4ef3-bb64-ec9994d5b0aa,C1702,143.96,EUR,Amazon,Shopping,2025-10-17 10:26:06.384318,failed,E001,JP,tablet,True
1d865285-abed-47cc-b8c8-633b23090279,C7317,415.11,JPY,Walmart,Travel,2026-06-25 10:26:06.384321,success,NONE,UK,web,False
828efb15-a6ea-4775-9a4c-3ac33c387103,C5709,177.34,GBP,Apple,Groceries,2026-08-17 10:26:06.384325,failed,NONE,JP,tablet,True
ead87e17-b7d9-4c86-bd6e-b6270331536d,C9905,423.12,USD,Apple,Travel,2026-03-24 10:26:06.384329,pending,NONE,CA,tablet,False
4f858290-3b22-4505-a5c9-e96c18ba872e,C4011,180.25,USD,Uber,Utilities,2025-12-23 10:26:06.384332,pending,NONE,CA,tablet,False
532a7e0c-9b2c-43e8-953a-bc286051ff2d,C9729,393.5,EUR,Amazon,Groceries,2026-04-16 10:26:06.384336,success,NONE,CA,tablet,False
bcd63bdb-d66d-4cd1-b7ed-23e0bb1d72cb,C7185,37.51,GBP,Amazon,Dining,2025-11-13 10:26:06.384339,pending,NONE,DE,tablet,False
d5fad35e-1c76-4206-8fbd-21f58afec215,C8293,375.91,JPY,Amazon,Dining,2026-04-16 10:26:06.384343,success,NONE,DE,mobile,False
878229e7-18eb-4345-9768-1da3a95b3ffd,C3125,150.59,EUR,Costco,Electronics,2026-06-27 10:26:06.384347,success,NONE,CA,tablet,False
c37dfb43-8a7c-4a6d-843e-0fe66e7c4ca3,C5816,383.01,GBP,Apple,Electronics,2026-01-23 10:26:06.384350,pending,NONE,UK,web,False
3b378a12-d976-46ee-829b-f57bc3b1bf17,C6381,39.97,GBP,Delta,Travel,2025-12-06 10:26:06.384354,pending,NONE,CA,mobile,False
50e48d02-a62a-485a-b931-a6f32b8897b8,C6960,161.42,JPY,Amazon,Electronics,2025-10-30 10:26:06.384357,pending,NONE,US,mobile,False
5f704539-80be-445a-b896-5073f12768f8,C2378,300.53,USD,Amazon,Dining,2025-09-26 10:26:06.384361,failed,E002,DE,web,True
d477c486-2910-4516-a18b-7e87f3c54904,C8020,204.41,GBP,Apple,Travel,2026-08-30 10:26:06.384365,pending,NONE,CA,mobile,False
8590c276-039c-448e-9676-a1e725636f4f,C3569,231.4,JPY,Walmart,Groceries,2026-07-23 10:26:06.384368,failed,E003,DE,web,True
687bf92e-c9eb-4049-a26c-a5bc2a78874f,C4698,201.68,USD,Costco,Utilities,2026-02-14 10:26:06.384372,failed,E003,US,web,True
a0c434ff-3991-4e7e-acf8-27e27449e13d,C6407,381.43,GBP,Target,Travel,2025-10-13 10:26:06.384376,pending,NONE,CA,web,False
9f99e4c3-635f-4e41-8119-cab766591dbd,C9792,92.99,USD,Starbucks,Electronics,2026-06-03 10:26:06.384379,failed,NONE,DE,tablet,True
6e64fb92-753b-479a-9adf-bf0fb054f5d5,C9660,84.34,JPY,Delta,Utilities,2026-04-02 10:26:06.384384,pending,NONE,JP,mobile,False
d7cd9c0e-e6b2-48ae-b888-6aef72394bb5,C1372,442.35,JPY,Starbucks,Dining,2026-01-10 10:26:06.384388,success,NONE,CA,mobile,False
b0baa90d-29db-4f18-8276-f8a695cde6fe,C9087,16.53,JPY,Costco,Dining,2026-05-06 10:26:06.384392,failed,NONE,UK,web,True
1076191c-54d8-4f1e-b59c-42ea9c9a61f9,C7829,274.61,USD,Amazon,Groceries,2026-06-29 10:26:06.384395,success,NONE,JP,web,False
f9f4f63a-6194-49e3-b118-0a28fa10737c,C8158,339.22,USD,Uber,Shopping,2025-09-03 10:26:06.384399,success,NONE,FR,mobile,False
977a9808-3a75-49c7-8a73-d003af17d9a7,C6973,88.68,JPY,Target,Utilities,2026-02-19 10:26:06.384403,success,NONE,FR,web,False
1f74329e-f1d2-4207-9a72-c0a2bd795777,C8098,44.96,USD,Walmart,Utilities,2026-07-17 10:26:06.384407,success,NONE,US,mobile,False
16226ed8-2acf-4bfb-8aa4-d8022206c5e5,C9903,487.53,GBP,Uber,Utilities,2026-04-07 10:26:06.384411,failed,E001,DE,web,True
5f425a9f-e8a9-44ae-b53b-7d57e15c6d57,C5769,440.68,GBP,Walmart,Utilities,2026-08-26 10:26:06.384415,failed,E003,DE,web,True
b6f1d22f-753c-48fd-af03-338626a8a912,C9219,191.75,EUR,Costco,Travel,2026-08-17 10:26:06.384418,success,NONE,JP,tablet,False
8d10242f-320d-45b5-9e1e-1655408b5d3f,C3513,373.42,EUR,Starbucks,Shopping,2025-09-11 10:26:06.384422,success,NONE,FR,mobile,False
d8bfdf7b-337c-47ba-a940-fa5eeaccea50,C1707,496.21,EUR,Amazon,Groceries,2026-04-08 10:26:06.384426,failed,NONE,FR,tablet,True
9f28ac0b-7308-43bc-989c-9445bbcdceb3,C3561,22.19,GBP,Delta,Groceries,2026-08-11 10:26:06.384429,failed,NONE,JP,mobile,True
821e0c72-2eb8-4d49-a4a8-547593af8e12,C7507,326.47,EUR,Delta,Shopping,2026-04-11 10:26:06.384433,failed,E001,US,mobile,True
be7431c3-d57e-460e-8f67-317d37a9b20a,C4795,65.01,GBP,Target,Travel,2025-09-09 10:26:06.384436,success,NONE,US,tablet,False
1503b7ee-5117-43d5-8ddc-c329d4e46634,C4438,403.52,USD,Apple,Dining,2025-12-12 10:26:06.384440,failed,E002,DE,tablet,True
bcbf8683-a825-4d66-a161-8ef30e4cc6e9,C1383,437.57,JPY,Delta,Electronics,2026-02-08 10:26:06.384444,pending,NONE,CA,web,False
2a903224-565b-4f8b-bab4-f8a95091f72f,C3962,360.56,JPY,Walmart,Dining,2026-07-29 10:26:06.384447,pending,NONE,US,tablet,False
bfca4981-89d3-4c90-a39c-dbb949234201,C5046,396.44,JPY,Apple,Utilities,2026-06-13 10:26:06.384451,pending,NONE,CA,web,False
8f58b9db-7c42-45d6-bdfe-1fdd67afea48,C1224,55.7,JPY,Target,Dining,2025-09-20 10:26:06.384454,pending,NONE,DE,tablet,False
6cdabffb-47fd-4f3c-9174-c68c2d323371,C5851,68.68,JPY,Apple,Shopping,2025-11-29 10:26:06.384458,success,NONE,US,mobile,False
1d2b2a23-e49c-4165-b091-0619126b3171,C9998,12.8,GBP,Amazon,Dining,2026-01-31 10:26:06.384462,pending,NONE,FR,tablet,False
d6e8227f-729e-461e-9349-cc61e287cc80,C7602,204.36,USD,Walmart,Electronics,2026-08-10 10:26:06.384465,success,NONE,CA,mobile,False
84dcceec-ace6-4d0f-bfcf-d68a71bb84fa,C7847,41.95,GBP,Uber,Groceries,2025-10-18 10:26:06.384469,pending,NONE,CA,web,False
af7da362-6a3c-4c89-a61b-d339a79798b2,C2562,105.0,USD,Delta,Groceries,2026-07-04 10:26:06.384472,pending,NONE,DE,tablet,False
bd0fca44-e275-439a-a2d7-40bea7bdf94e,C4678,430.02,JPY,Apple,Groceries,2025-09-16 10:26:06.384476,pending,NONE,US,tablet,False
8830a80e-b582-47d0-a782-e3882b8c75c2,C2780,263.57,USD,Uber,Groceries,2026-08-01 10:26:06.384479,failed,E002,UK,tablet,True
294519e2-9122-476a-a715-92296cec881b,C5745,303.59,GBP,Uber,Dining,2026-05-21 10:26:06.384483,failed,NONE,UK,tablet,True
54421d11-fce5-4899-9705-bb7ba4704a1e,C4721,23.48,USD,Target,Shopping,2025-12-23 10:26:06.384487,success,NONE,US,tablet,False
be565493-1d37-4aba-88bb-be6181f78425,C9658,436.07,USD,Amazon,Utilities,2025-10-21 10:26:06.384490,failed,E002,FR,mobile,True
63262b7f-720c-48d7-a940-7c16321a8b0c,C7514,363.37,USD,Walmart,Travel,2026-06-21 10:26:06.384494,success,NONE,US,tablet,False
4941b930-decb-4d68-85f5-a92bf03807c6,C3362,298.83,EUR,Walmart,Travel,2026-01-04 10:26:06.384497,success,NONE,JP,tablet,False
8bc0cedd-a5b5-4445-9ca6-6a4d281baafc,C7257,338.97,GBP,Costco,Electronics,2026-03-12 10:26:06.384501,pending,NONE,US,web,False
a0a1fccd-fe82-4ea9-a3f1-a19e47103893,C3115,271.82,USD,Apple,Utilities,2026-05-04 10:26:06.384504,pending,NONE,US,tablet,False
5dbd3feb-0fa7-4305-bb0b-3f52d74b8832,C7234,361.77,GBP,Delta,Dining,2026-04-30 10:26:06.384508,pending,NONE,CA,tablet,False
59854193-de9d-4f3d-9204-42a4141b9b89,C4136,257.76,USD,Uber,Travel,2026-07-27 10:26:06.384512,failed,E003,DE,mobile,True
dab8b7f9-1af9-472a-8645-44383bb160fb,C6900,213.6,JPY,Costco,Electronics,2026-01-23 10:26:06.384515,pending,NONE,US,mobile,False
7139c65b-75cd-4c0c-8e7e-2cf5a59905a6,C7193,358.51,GBP,Apple,Electronics,2025-12-31 10:26:06.384519,success,NONE,UK,tablet,False
7c627d42-3093-4c7e-90d3-49661dc065a6,C9957,84.25,USD,Apple,Travel,2026-05-14 10:26:06.384522,failed,NONE,FR,tablet,True
ef15cf9e-641e-4697-a264-5f1d0f3324e5,C8454,64.42,EUR,Walmart,Dining,2026-02-08 10:26:06.384526,pending,NONE,US,web,False
297eac6c-981f-44b9-b12f-47d5c8f27722,C5456,367.8,EUR,Apple,Groceries,2025-09-23 10:26:06.384529,pending,NONE,CA,tablet,False
e81394c0-ae40-4441-9bdd-e9ad32aa9c73,C6267,227.04,GBP,Costco,Groceries,2026-07-19 10:26:06.384533,success,NONE,UK,mobile,False
647638b3-b40b-48b6-89f4-3e082d8113db,C2846,281.6,USD,Delta,Travel,2026-07-11 10:26:06.384537,pending,NONE,US,mobile,False
ac1fd4c2-2f27-4bd7-a45c-4a5c10e96375,C8690,250.93,EUR,Walmart,Utilities,2026-01-27 10:26:06.384541,failed,E001,JP,tablet,True
63e84b75-2ffc-4c66-81c1-0f8d007e6c71,C4030,88.1,EUR,Apple,Dining,2025-12-29 10:26:06.384546,pending,NONE,UK,tablet,False
ce7744a6-a4cb-48e2-aaf8-82b697846a01,C2142,241.15,EUR,Costco,Travel,2026-05-12 10:26:06.384550,failed,E001,FR,tablet,True
82d59d4c-70d3-488b-b2c7-3f727752d1f5,C9888,371.49,JPY,Uber,Dining,2026-02-26 10:26:06.384553,pending,NONE,UK,tablet,False
d5991463-6ba1-4129-a6b3-dd0aa2be5aca,C8653,98.35,USD,Costco,Electronics,2026-03-27 10:26:06.384558,pending,NONE,DE,mobile,False
4ab27db3-c13b-4ac9-857e-b2d0a92f963f,C5562,452.98,GBP,Uber,Electronics,2026-02-12 10:26:06.384561,success,NONE,CA,tablet,False
fe2ddff6-e67d-4510-a4f5-53a91ee19c8d,C8587,462.19,EUR,Amazon,Electronics,2026-04-28 10:26:06.384565,failed,E002,UK,mobile,True
0d80f755-8672-4407-b49f-d6027aafd46d,C9361,13.26,EUR,Uber,Travel,2026-06-22 10:26:06.384569,failed,NONE,UK,web,True
65e0c8ff-d1e0-4f00-bf7a-cb978524f42c,C9582,84.45,USD,Target,Shopping,2025-11-12 10:26:06.384572,success,NONE,FR,mobile,False
e19600ea-0d7b-49b6-86cc-566db3b656a6,C8554,87.06,USD,Target,Shopping,2025-10-07 10:26:06.384576,pending,NONE,CA,tablet,False
f5a9221f-c82c-46a6-910f-66674ed18151,C6994,31.28,USD,Uber,Shopping,2026-04-04 10:26:06.384580,failed,NONE,FR,tablet,True
2c99a6ae-b163-464b-aa49-b67b8ae8a65c,C2853,288.85,USD,Amazon,Travel,2026-03-10 10:26:06.384584,pending,NONE,FR,web,False
7abaa55e-bf39-416f-903b-323fd6ba3921,C1011,230.74,GBP,Starbucks,Electronics,2026-01-02 10:26:06.384588,failed,E001,DE,tablet,True
a624cf84-cfdd-4f13-ba6b-37779683155f,C7867,449.98,JPY,Starbucks,Groceries,2026-07-17 10:26:06.384592,failed,NONE,FR,mobile,True
8c98a543-467e-42bf-90b9-b99ac2c2c56a,C6596,280.63,JPY,Costco,Travel,2026-05-26 10:26:06.384596,success,NONE,DE,web,False
d06e6854-fe6f-47cc-980b-bac606f2532c,C8721,447.16,EUR,Delta,Shopping,2025-09-14 10:26:06.384599,failed,NONE,UK,tablet,True
f1ab9ec4-59fe-46ed-bf2e-86afbdc8ce58,C8601,385.15,JPY,Delta,Travel,2026-01-09 10:26:06.384603,pending,NONE,DE,web,False
1fd137aa-aaba-4c57-b405-87bac6d6b6a6,C1048,194.37,EUR,Amazon,Shopping,2026-03-06 10:26:06.384607,failed,NONE,FR,web,True
259edf33-312f-4501-ba2b-af5df74b4a92,C9086,230.55,USD,Costco,Utilities,2026-08-24 10:26:06.384611,success,NONE,FR,web,False
dda7e6c8-5ecc-40ae-a5c0-3d6362847400,C5238,479.19,GBP,Uber,Groceries,2026-07-08 10:26:06.384614,success,NONE,DE,tablet,False
6367c999-9b1f-4025-94d6-75be6ad44ba9,C6791,463.47,USD,Uber,Electronics,2025-10-16 10:26:06.384618,pending,NONE,FR,tablet,False
c9f62262-90d3-46eb-ae27-3cf423915c74,C2180,19.82,EUR,Uber,Utilities,2025-11-22 10:26:06.384621,failed,E003,FR,mobile,True
d3c65815-5c22-4c7f-845d-88a7d885fc35,C5767,343.85,EUR,Uber,Shopping,2026-02-22 10:26:06.384625,success,NONE,UK,web,False
40caafc9-fac8-4deb-9beb-752c8e8fd3a5,C3833,192.63,JPY,Walmart,Shopping,2025-09-15 10:26:06.384629,pending,NONE,UK,web,False
8787f415-fe74-4f46-88ff-b0ab3d7eedfe,C9614,159.17,EUR,Apple,Dining,2026-06-29 10:26:06.384632,failed,NONE,FR,mobile,True
e187c331-e3a5-4403-8a5f-54710188dace,C6009,179.28,USD,Amazon,Electronics,2025-11-24 10:26:06.384636,pending,NONE,JP,mobile,False
e383de4f-1dce-4449-8a40-085552c097d0,C4930,317.63,GBP,Starbucks,Travel,2026-05-31 10:26:06.384640,success,NONE,DE,mobile,False
d72dcdad-705c-4638-9def-e533710681b0,C6749,174.69,USD,Walmart,Dining,2025-11-20 10:26:06.384643,pending,NONE,UK,tablet,False
2969814a-4c15-4ac5-8bec-7159cf5deca3,C4543,172.32,GBP,Delta,Electronics,2025-09-16 10:26:06.384647,pending,NONE,FR,tablet,False
905707dd-d623-4e30-afe8-f4f6e4b379e0,C9844,366.25,EUR,Costco,Shopping,2026-03-11 10:26:06.384650,failed,E001,CA,mobile,True
0563df26-771b-4c11-a217-ea8320687f71,C3669,7.51,EUR,Delta,Dining,2025-11-26 10:26:06.384654,failed,E001,US,tablet,True
608a3da3-a1f2-4daf-8690-23f1a01bf06b,C6369,384.63,EUR,Target,Travel,2026-04-19 10:26:06.384658,pending,NONE,UK,web,False
9e5689a4-c32a-4dd7-9663-ce420cfaafc2,C2755,192.45,USD,Target,Electronics,2025-09-10 10:26:06.384661,pending,NONE,UK,mobile,False
3572f418-4e8e-4cd6-92eb-afea9049cfb1,C1634,425.78,EUR,Starbucks,Groceries,2025-11-13 10:26:06.384665,failed,E003,DE,mobile,True
f5072db3-1ba6-41ba-a687-d0904d537df2,C5178,295.58,GBP,Target,Groceries,2025-12-24 10:26:06.384668,pending,NONE,CA,mobile,False
ed7195e9-6154-42fb-92f0-5298fe1ab879,C5613,290.52,GBP,Uber,Utilities,2026-04-28 10:26:06.384672,pending,NONE,US,tablet,False
e2aacb9f-bdbf-4112-ad24-3e15420a6ab4,C2496,123.66,USD,Uber,Dining,2025-10-24 10:26:06.384676,failed,E002,JP,mobile,True
ec106ba4-1241-44ad-be10-73076454bb62,C7408,393.22,GBP,Walmart,Travel,2025-11-08 10:26:06.384679,failed,E001,US,tablet,True
9f3965bf-712b-4e95-ac8a-44ffa6039a49,C5859,380.64,JPY,Apple,Travel,2026-01-24 10:26:06.384683,pending,NONE,US,tablet,False
a8ce17d5-e52b-43d1-93b6-90cfa91a54b6,C2754,160.65,JPY,Uber,Shopping,2026-03-02 10:26:06.384687,success,NONE,UK,mobile,False
a2c10948-c90a-4055-bbae-43e045bed20b,C4432,94.64,EUR,Delta,Utilities,2026-07-31 10:26:06.384691,failed,E001,US,tablet,True
06d4ad11-729e-499e-b00a-2f463d546896,C4390,84.85,GBP,Delta,Shopping,2026-05-26 10:26:06.384694,pending,NONE,CA,mobile,False
e0666e48-d9c5-4978-8cdf-f781d3133260,C6154,247.73,GBP,Apple,Dining,2026-08-25 10:26:06.384698,failed,E001,CA,web,True
b6e0273a-950b-4690-b27f-2fa985932a50,C4624,119.82,EUR,Delta,Electronics,2025-09-29 10:26:06.384702,failed,E002,UK,web,True
ea1402bb-eccc-44ea-98fe-df3a0127074d,C6621,45.27,EUR,Amazon,Dining,2026-01-18 10:26:06.384706,failed,NONE,JP,mobile,True
817f18ee-2b34-4c6c-804a-06875bbac646,C6060,65.67,USD,Uber,Utilities,2025-10-17 10:26:06.384710,success,NONE,DE,mobile,False
24dd11d9-506d-4599-91fa-b0750d2237f6,C1287,7.04,USD,Starbucks,Utilities,2026-05-13 10:26:06.384713,failed,E002,FR,mobile,True
86b56fca-4d31-46ca-ba73-29824ab92528,C7391,423.87,JPY,Uber,Dining,2026-08-23 10:26:06.384717,success,NONE,UK,tablet,False
e2b5e095-9d83-492e-aa38-a463bffcc89e,C8071,69.12,USD,Starbucks,Utilities,2026-03-30 10:26:06.384721,success,NONE,CA,web,False
d9a03878-af7c-4f5f-b20e-d9ebf3b69e66,C6274,9.28,USD,Walmart,Utilities,2026-02-09 10:26:06.384724,pending,NONE,US,web,False
1cfbd2f1-d417-4bdc-a7a4-5fad65e05ba6,C8266,332.76,JPY,Delta,Shopping,2025-10-02 10:26:06.384728,failed,NONE,FR,mobile,True
86cdb676-aad6-46ec-8c43-d4c2b8b2071a,C5588,295.05,EUR,Amazon,Travel,2026-02-28 10:26:06.384732,failed,E001,DE,tablet,True
1a76a544-488f-4a1d-9e8e-166482ac9e23,C7478,122.49,EUR,Uber,Groceries,2025-12-31 10:26:06.384736,failed,E001,DE,tablet,True
63a38e7b-206e-49b2-ba81-6bc49fed101a,C8036,19.9,EUR,Amazon,Groceries,2026-07-28 10:26:06.384739,pending,NONE,CA,tablet,False
1b17bc07-e3de-41e2-aabe-890ab41b10cb,C2652,132.61,EUR,Starbucks,Shopping,2025-10-21 10:26:06.384743,success,NONE,US,tablet,False
8fec8b5d-1d88-4d16-9cee-18f875e53faf,C2245,201.21,EUR,Apple,Travel,2025-12-25 10:26:06.384746,success,NONE,FR,web,False
55d19988-6898-4c27-be87-3b219760c09f,C9770,37.12,GBP,Costco,Groceries,2025-10-23 10:26:06.384750,success,NONE,DE,mobile,False
786644bd-57cd-4b26-8df7-240e3a925a2f,C4839,499.36,USD,Amazon,Shopping,2026-06-05 10:26:06.384753,pending,NONE,CA,mobile,False
64af5c5a-bd5e-421c-b7ef-d622b471e7e1,C7183,88.72,JPY,Starbucks,Shopping,2026-05-14 10:26:06.384757,success,NONE,CA,tablet,False
33849733-9ad9-4114-b3a9-221e507bc240,C1079,251.56,JPY,Amazon,Dining,2026-06-14 10:26:06.384760,failed,E001,FR,web,True
c1bcd10d-7645-433e-a2d9-1eafd5978e9a,C3871,257.41,GBP,Costco,Dining,2026-06-10 10:26:06.384764,failed,E002,UK,web,True
24fbc23f-9ac0-4ec3-9469-9413300d3263,C1308,472.53,USD,Uber,Utilities,2026-02-24 10:26:06.384768,success,NONE,DE,web,False
3cd1dd29-f18e-47ff-ac3d-e0c8c86418ef,C4140,254.79,JPY,Delta,Shopping,2025-09-05 10:26:06.384771,success,NONE,FR,web,False
49d27428-f738-4801-8223-9198cb40d06c,C7775,74.97,JPY,Costco,Dining,2026-06-09 10:26:06.384775,failed,E001,FR,web,True
c779829a-0414-4109-86cc-339d03a76023,C2579,427.05,USD,Apple,Utilities,2025-10-23 10:26:06.384779,success,NONE,FR,tablet,False
d4014cd7-a42d-45c3-bec5-39829daf815e,C9801,61.35,GBP,Amazon,Utilities,2025-09-10 10:26:06.384782,success,NONE,JP,mobile,False
e22e6a31-7845-4a29-b88c-1e2fc98f1423,C2071,25.65,JPY,Amazon,Shopping,2026-05-19 10:26:06.384786,failed,E003,JP,web,True
cf34478e-2390-4797-83bf-49f9680035f6,C6920,372.73,USD,Amazon,Utilities,2026-01-04 10:26:06.384790,failed,E002,CA,web,True
eca289a6-f442-4446-984f-6f0f291d3c01,C1758,170.32,USD,Apple,Electronics,2026-01-08 10:26:06.384793,success,NONE,DE,tablet,False
6bd3036a-0a83-4137-9dfc-74ddeb16387e,C5407,363.8,EUR,Walmart,Electronics,2025-12-18 10:26:06.384797,pending,NONE,UK,tablet,False
e1ce4148-6916-4d10-a00c-c1cf34b21f79,C8611,404.52,USD,Delta,Groceries,2025-11-29 10:26:06.384800,pending,NONE,JP,mobile,False
9a95a427-cbe6-450c-85dd-1e95091673f3,C3469,322.91,GBP,Delta,Travel,2026-01-11 10:26:06.384804,success,NONE,US,mobile,False
024a5eb6-ebb9-454a-b6aa-c7f67fb434d6,C8301,60.77,EUR,Delta,Utilities,2026-02-23 10:26:06.384807,success,NONE,CA,tablet,False
0605436a-7302-4ce0-b346-5b2d90444c59,C2296,81.22,JPY,Amazon,Groceries,2025-11-15 10:26:06.384811,pending,NONE,JP,web,False
b0e29ebd-63be-4099-bad8-e28d717ef7b0,C8299,234.93,JPY,Walmart,Groceries,2026-09-01 10:26:06.384815,failed,E001,FR,tablet,True
cc4367b9-a7b6-460c-8103-bf0e1cce32f1,C8542,293.98,USD,Delta,Electronics,2026-08-28 10:26:06.384819,success,NONE,DE,web,False
c1c250be-47d1-4d7d-b5ed-cf6c35e09994,C5555,481.53,GBP,Uber,Groceries,2026-03-23 10:26:06.384822,pending,NONE,US,web,False
8e3efd66-7742-4d21-b0d8-71ba644c9095,C8849,369.23,EUR,Apple,Utilities,2026-01-25 10:26:06.384826,failed,E001,UK,web,True
d9f69a68-325e-47ca-b6d9-a5c9f42a788a,C7354,457.26,EUR,Starbucks,Groceries,2025-09-25 10:26:06.384829,success,NONE,DE,mobile,False
e71864f1-cb84-4524-93e2-1f10e8dc1f0e,C4088,241.71,EUR,Starbucks,Groceries,2025-12-24 10:26:06.384833,failed,E001,US,mobile,True
e0e36e4c-c15c-4500-8379-768026d025a9,C5325,35.77,EUR,Uber,Dining,2026-07-16 10:26:06.384837,pending,NONE,US,web,False
b8e9a6cb-5104-4fd9-895f-cc506d79e15d,C9947,453.82,EUR,Walmart,Shopping,2026-03-25 10:26:06.384840,success,NONE,UK,web,False
faa2a8e1-f34b-4d66-893c-c41792be3318,C2761,354.87,JPY,Target,Dining,2025-09-04 10:26:06.384844,pending,NONE,UK,tablet,False
c1b8963e-1c3f-422c-9795-f7c33855664c,C7954,475.86,EUR,Delta,Groceries,2026-07-20 10:26:06.384847,failed,NONE,US,tablet,True
e7dd3a7d-2824-4087-bf84-8b1a9791213d,C1590,282.13,GBP,Starbucks,Dining,2026-01-02 10:26:06.384852,failed,NONE,FR,tablet,True
72154b51-549b-490a-9c69-0de123922543,C1913,290.72,USD,Starbucks,Shopping,2026-03-08 10:26:06.384856,pending,NONE,CA,tablet,False
93eec8a6-4703-4a65-bb41-219a0ec49ac1,C5282,42.38,USD,Walmart,Electronics,2025-12-11 10:26:06.384859,success,NONE,FR,mobile,False
418ff618-30f6-4f84-be51-b498355fe510,C7905,51.83,EUR,Walmart,Dining,2026-04-03 10:26:06.384863,success,NONE,JP,web,False
2aebf336-f5da-44d7-b3d7-8ec9f226b354,C8561,119.62,GBP,Walmart,Shopping,2026-01-21 10:26:06.384866,failed,E001,JP,mobile,True
62564b4d-a99c-4fab-a2f1-d1e1bf155128,C4735,344.02,USD,Apple,Electronics,2025-12-11 10:26:06.384870,failed,NONE,US,mobile,True
30b1894c-a11d-4b0e-b738-69a33183d0bb,C6284,159.13,JPY,Target,Shopping,2026-06-22 10:26:06.384874,failed,NONE,FR,tablet,True
c1c90028-ec08-4d0f-b72f-b6d9f675402c,C3891,428.65,JPY,Walmart,Shopping,2026-08-22 10:26:06.384877,pending,NONE,DE,tablet,False
76a4b47c-a8f6-4307-bfd8-4615909340e9,C2114,231.37,GBP,Amazon,Dining,2026-04-05 10:26:06.384881,success,NONE,FR,web,False
4fd6469e-e88e-4820-bf3e-bd73919538fc,C2941,356.92,JPY,Starbucks,Groceries,2026-06-12 10:26:06.384884,pending,NONE,DE,mobile,False
aac703f3-022d-4418-883f-d55de3defac9,C3177,106.57,USD,Target,Electronics,2026-04-12 10:26:06.384888,failed,NONE,DE,web,True
78f30e13-a456-4c88-94cc-d09e82b915c2,C7353,6.34,JPY,Uber,Groceries,2026-08-12 10:26:06.384892,failed,NONE,UK,mobile,True
c90348c0-d06c-44da-82a3-e8178f748a20,C8057,234.88,USD,Walmart,Travel,2026-03-06 10:26:06.384896,failed,E002,JP,web,True
fc16c0be-575e-4692-99ec-330b4f072a7b,C9498,499.27,JPY,Walmart,Shopping,2026-08-26 10:26:06.384899,pending,NONE,JP,mobile,False
b0ad7d80-00fd-45e9-98a4-d5c9a4cef6dc,C5965,104.67,EUR,Starbucks,Shopping,2026-08-20 10:26:06.384903,failed,E001,JP,tablet,True
2de556a1-c28f-44a1-a535-f10c6fefdc6e,C6233,324.53,USD,Target,Utilities,2026-02-10 10:26:06.384906,success,NONE,DE,mobile,False
6f76daab-760f-4a22-96c4-15fc231ace7a,C2133,170.91,JPY,Target,Travel,2026-06-04 10:26:06.384910,success,NONE,UK,tablet,False
b12512c3-507e-41b5-b0aa-22aba6287207,C9479,361.27,EUR,Uber,Travel,2026-08-21 10:26:06.384914,success,NONE,DE,web,False
214347e0-5dc6-4fd7-8f49-a05ea83362b0,C1208,20.25,USD,Costco,Dining,2025-12-31 10:26:06.384917,pending,NONE,UK,web,False
1bef8113-139e-4596-9250-b7ba3a6dc438,C4081,222.33,GBP,Target,Electronics,2026-04-23 10:26:06.384921,success,NONE,JP,tablet,False
c1195482-4811-455c-a940-c0c4523d3522,C9219,359.13,EUR,Target,Dining,2026-05-08 10:26:06.384924,success,NONE,US,mobile,False
521f87ed-2cff-40e0-be66-579d26ac19d2,C1793,292.54,JPY,Starbucks,Shopping,2025-10-02 10:26:06.384930,pending,NONE,US,web,False
93cad034-8fbc-4b36-9f63-e810e6ea9ec2,C8257,466.29,GBP,Delta,Electronics,2025-09-26 10:26:06.384934,success,NONE,JP,mobile,False
f9800e7e-fac6-447b-9662-6cd2a2e0e24c,C4263,372.59,USD,Walmart,Utilities,2026-07-30 10:26:06.384938,success,NONE,JP,tablet,False
67de53b7-eaa6-4dbd-bad8-612b2cd797a2,C6593,178.09,JPY,Apple,Utilities,2026-06-30 10:26:06.384941,failed,E003,CA,mobile,True
caa0329e-42b6-4871-8b78-c34c921f98c6,C3288,426.93,USD,Apple,Electronics,2025-09-07 10:26:06.384945,failed,NONE,CA,web,True
22309d9b-7688-4c4b-9531-1d862dd6afe1,C6569,163.57,GBP,Amazon,Groceries,2025-11-05 10:26:06.384948,pending,NONE,DE,tablet,False
95cff2ee-c9d9-44fb-9ef3-b4441062ca0f,C1928,321.62,JPY,Apple,Dining,2026-09-01 10:26:06.384952,success,NONE,CA,mobile,False
96b72e84-4ba1-4d99-a87e-5caab1189962,C9875,441.08,EUR,Target,Groceries,2026-02-02 10:26:06.384956,success,NONE,UK,tablet,False
6cfcb7f4-95fa-4484-81fc-4933d8163112,C8689,91.52,USD,Uber,Utilities,2025-10-05 10:26:06.384960,pending,NONE,CA,mobile,False
94f6224c-05ce-4cb5-a896-c6f9d2293bca,C9870,68.43,EUR,Costco,Utilities,2026-01-27 10:26:06.384964,success,NONE,US,web,False
08640507-80dd-4a07-9293-c424f9652d63,C8484,302.52,JPY,Target,Travel,2026-04-03 10:26:06.384967,success,NONE,CA,web,False
fed3d2e0-cd86-4b75-9c9c-b18437218115,C8525,258.77,GBP,Apple,Travel,2026-07-11 10:26:06.384971,success,NONE,UK,mobile,False
0949ce5c-09be-4862-9cd9-7d16da26cd80,C6822,99.51,GBP,Walmart,Travel,2025-11-23 10:26:06.384975,pending,NONE,UK,mobile,False
faa53c93-cf66-4d17-976f-fceef39b5b89,C1192,71.55,JPY,Apple,Travel,2026-07-13 10:26:06.384978,pending,NONE,CA,tablet,False
dae96c6a-f714-40a3-91b1-8005261f79ef,C6049,120.98,JPY,Amazon,Dining,2026-08-31 10:26:06.384982,success,NONE,JP,mobile,False
2ac698ad-351a-4616-8447-a2da2ba86c95,C2812,293.85,GBP,Costco,Utilities,2026-06-15 10:26:06.384986,success,NONE,DE,tablet,False
43927d66-8f65-4331-bb14-3cc3958c9166,C3509,136.43,USD,Walmart,Dining,2026-07-22 10:26:06.384990,failed,E003,US,mobile,True
651446c2-9e1d-44b3-8e8b-c975b82a3e3a,C1139,6.23,GBP,Amazon,Utilities,2026-05-11 10:26:06.384993,pending,NONE,UK,tablet,False
92d221a3-1689-42ae-b81b-fa306ce9107b,C9200,115.41,GBP,Delta,Electronics,2026-04-27 10:26:06.384997,success,NONE,JP,mobile,False
e443d647-867f-45c9-bee2-0cafcae59ae8,C9379,330.69,USD,Starbucks,Shopping,2026-02-07 10:26:06.385003,pending,NONE,CA,mobile,False
16dacfb5-3e5c-4f61-9380-c457ee9c3f36,C8821,469.93,USD,Uber,Electronics,2025-09-09 10:26:06.385007,failed,E002,CA,mobile,True
595426be-b5c9-493e-bf9d-d06f66700b35,C4001,369.17,EUR,Amazon,Shopping,2026-05-02 10:26:06.385011,success,NONE,FR,tablet,False
6141e974-3e1a-416a-80bf-c23537192e31,C5137,98.09,EUR,Target,Dining,2025-09-16 10:26:06.385015,success,NONE,DE,mobile,False
31c1019a-9713-43cc-a7d5-7ae42a04ba6b,C9698,36.52,USD,Starbucks,Electronics,2026-07-25 10:26:06.385019,failed,E002,JP,tablet,True
41663975-4a47-414c-85b4-8fa84cad3800,C9101,449.89,JPY,Walmart,Travel,2026-08-14 10:26:06.385022,success,NONE,JP,tablet,False
b4ead75c-57d3-40be-bb6e-504ddc7ecd2c,C8395,444.96,GBP,Uber,Travel,2025-12-18 10:26:06.385026,failed,E001,CA,tablet,True
19db0975-973d-468d-8fbc-6811f0582200,C2898,227.21,GBP,Costco,Utilities,2026-04-14 10:26:06.385029,failed,E001,UK,tablet,True
e2cc26ec-6da4-4410-9bc1-d61d61b50c72,C1167,423.08,JPY,Delta,Electronics,2025-12-30 10:26:06.385033,success,NONE,FR,web,False
92dc1267-4b56-41dd-9e80-ad73e447a542,C1802,198.25,JPY,Walmart,Utilities,2026-03-10 10:26:06.385037,pending,NONE,FR,web,False
b0305cfa-8680-49a0-86c7-0518a4769e82,C8420,272.36,USD,Uber,Groceries,2025-12-05 10:26:06.385040,success,NONE,US,tablet,False
b1f02de1-167b-4774-8790-e9bc332d8cab,C2734,428.35,EUR,Target,Groceries,2025-11-22 10:26:06.385044,failed,E002,FR,tablet,True
b9ae763c-5423-4e21-8f8f-c5c9c5194e37,C9677,291.78,GBP,Target,Shopping,2026-01-31 10:26:06.385048,failed,E001,FR,tablet,True
d823cc12-f4dd-4c8e-92d1-227a94e49879,C3128,95.57,EUR,Target,Utilities,2026-05-03 10:26:06.385051,success,NONE,JP,tablet,False
db04af43-0d09-49e1-b5ff-0b35ea4dd02d,C9564,473.02,EUR,Target,Groceries,2026-03-26 10:26:06.385055,pending,NONE,CA,tablet,False
1f543c58-1caf-4b66-8945-b377f243af16,C4215,88.86,EUR,Delta,Groceries,2026-06-03 10:26:06.385058,failed,E003,UK,mobile,True
61a9c5a5-b5a4-45fd-a97b-9bf624f78225,C2567,192.44,EUR,Target,Dining,2025-12-28 10:26:06.385062,success,NONE,DE,mobile,False
fa40f9ca-cff8-4f18-b19c-dea56412724a,C6074,65.9,GBP,Costco,Dining,2025-10-20 10:26:06.385066,failed,E001,DE,mobile,True
f1492528-a67b-4d26-a7be-f65cb3f87eef,C2841,61.9,USD,Starbucks,Electronics,2026-08-15 10:26:06.385069,pending,NONE,US,mobile,False
02e7011a-26df-4dea-a6fb-7ec866028d74,C7523,488.62,USD,Starbucks,Utilities,2026-01-01 10:26:06.385073,success,NONE,CA,web,False
3d69d81a-3e3f-409e-9113-8922f9f2594f,C5433,123.62,USD,Walmart,Dining,2025-12-07 10:26:06.385076,success,NONE,US,tablet,False
0327c7ee-91a8-4e9f-a0b8-b3938bc1434b,C5511,260.38,EUR,Costco,Electronics,2026-05-02 10:26:06.385080,success,NONE,US,web,False
55220683-dc90-4ed6-928a-2b6d84d64690,C2662,292.06,USD,Target,Electronics,2025-09-28 10:26:06.385083,failed,E003,JP,mobile,True
18a5a37c-82df-487b-aae4-28a925550ed4,C9990,248.71,USD,Delta,Dining,2026-01-15 10:26:06.385087,success,NONE,UK,web,False
f6a9eebc-0582-481d-b539-107b786c278c,C2980,364.98,JPY,Apple,Dining,2026-03-09 10:26:06.385091,pending,NONE,DE,web,False
c4c5b55b-3269-4651-aa8e-758cb79492ee,C5250,238.78,USD,Apple,Shopping,2026-04-13 10:26:06.385094,pending,NONE,US,mobile,False
94855922-c229-4e53-88da-0ebaa797dfe4,C8572,278.61,EUR,Uber,Dining,2025-09-29 10:26:06.385098,failed,E002,US,tablet,True
f60b0663-dcbd-4214-935e-779fc68a9778,C8250,10.21,GBP,Costco,Electronics,2026-01-12 10:26:06.385102,pending,NONE,UK,mobile,False
cc03aa8a-de21-4b96-be00-02413a697cca,C9550,178.36,JPY,Costco,Groceries,2026-01-01 10:26:06.385105,pending,NONE,US,mobile,False
7ad6a50d-9481-4fc4-aecf-5a5621688911,C4542,232.97,JPY,Costco,Utilities,2025-11-20 10:26:06.385109,pending,NONE,DE,tablet,False
829c004f-b064-4502-babb-fa915fd43b23,C1906,168.27,GBP,Walmart,Groceries,2026-06-09 10:26:06.385112,success,NONE,JP,web,False
4bcb1e95-a715-474f-b93a-d4a7a5a3e844,C6562,363.79,GBP,Delta,Travel,2026-03-04 10:26:06.385116,failed,E002,CA,mobile,True
2e8badc8-bf2a-4c0f-91cc-1edf38c26fa6,C8432,120.11,GBP,Apple,Travel,2026-07-16 10:26:06.385120,pending,NONE,DE,mobile,False
12ba2165-435d-4ab6-91c9-3a154b1cc00a,C8364,60.56,GBP,Costco,Electronics,2026-08-11 10:26:06.385123,failed,E002,DE,web,True
c4493a23-9916-4255-b23a-3bb035af7982,C3248,41.39,JPY,Walmart,Utilities,2026-07-13 10:26:06.385127,pending,NONE,JP,mobile,False
c1f6ea43-2ee9-4b9a-9953-a969e842b14f,C9925,301.69,JPY,Walmart,Dining,2026-01-12 10:26:06.385130,pending,NONE,JP,tablet,False
a3beede8-138f-4aab-8c46-8b9cb48a3f5c,C1470,251.82,GBP,Delta,Electronics,2026-07-19 10:26:06.385134,failed,NONE,UK,web,True
b4a112f1-af4f-432d-ad88-9b9842691768,C8148,144.08,USD,Starbucks,Shopping,2026-03-01 10:26:06.385137,success,NONE,FR,mobile,False
bdf3a8b1-71e4-405f-89d9-9a267a6b243a,C9912,365.59,USD,Target,Dining,2026-06-04 10:26:06.385141,failed,E003,DE,mobile,True
db57675b-3ee8-429c-8580-bbc0814b9814,C5212,451.89,GBP,Target,Dining,2026-04-14 10:26:06.385145,failed,E001,DE,web,True
ad680cb7-602d-4db0-b0bc-73c1e6a3bc74,C2513,241.47,JPY,Apple,Utilities,2026-02-01 10:26:06.385150,failed,E002,JP,tablet,True
d6215d11-3cf7-4093-872d-f164ffe14ccb,C8789,72.75,EUR,Costco,Dining,2025-11-18 10:26:06.385153,success,NONE,JP,web,False
f320d385-cd2f-4ed0-9879-b5c7feb4ca29,C3218,368.62,JPY,Amazon,Shopping,2026-05-22 10:26:06.385157,pending,NONE,CA,tablet,False
44fcb804-d6a5-44dd-91ee-fa5267c47023,C3630,77.91,JPY,Delta,Shopping,2026-03-27 10:26:06.385160,success,NONE,DE,mobile,False
211ac84d-df1b-4ad5-be1e-2a825dec77d0,C8996,461.69,GBP,Target,Electronics,2025-12-07 10:26:06.385164,failed,E002,JP,tablet,True
61c40f03-65fe-45db-bc48-bb45173d1428,C9945,179.5,USD,Uber,Shopping,2026-08-27 10:26:06.385168,failed,E003,JP,web,True
ab372a97-9832-4335-a317-c98b9472688d,C6130,407.06,EUR,Uber,Groceries,2026-02-24 10:26:06.385172,failed,E002,DE,mobile,True
61b7d54c-297c-4c2f-a599-138a429fba81,C7013,128.43,GBP,Apple,Dining,2025-10-19 10:26:06.385175,success,NONE,UK,mobile,False
6112ad75-e2d4-4459-b542-7ee032ea0843,C1037,70.28,JPY,Apple,Electronics,2025-09-26 10:26:06.385179,failed,E001,JP,tablet,True
67f52591-c0df-47d1-b39f-5a92daf115ae,C1446,269.81,GBP,Walmart,Travel,2026-02-14 10:26:06.385182,pending,NONE,DE,tablet,False
3082534d-5046-48d9-9331-e9004a6f92ef,C7155,458.06,GBP,Costco,Dining,2026-01-15 10:26:06.385186,pending,NONE,CA,web,False
75c25316-0771-4434-b57f-786696690874,C9075,404.11,JPY,Amazon,Shopping,2026-08-05 10:26:06.385190,failed,NONE,DE,web,True
67dd17fd-ce3b-4532-8ace-77a265015163,C8633,208.19,EUR,Uber,Dining,2026-03-20 10:26:06.385193,failed,E001,FR,web,True
2d336edd-9faf-46e4-9098-5446ae040f35,C2345,181.21,EUR,Costco,Shopping,2025-11-26 10:26:06.385197,failed,E001,FR,web,True
4a5a75a5-01f8-4ea5-9b15-be692bb62586,C5870,137.06,USD,Walmart,Shopping,2025-09-20 10:26:06.385201,pending,NONE,UK,mobile,False
ca643362-f151-4161-8249-1ace51d77127,C4568,299.85,GBP,Target,Shopping,2026-05-04 10:26:06.385204,pending,NONE,DE,mobile,False
f5359da7-120c-47a6-b222-82b50a44c073,C4473,108.73,EUR,Uber,Dining,2025-09-27 10:26:06.385209,pending,NONE,DE,tablet,False
7937e237-c56a-47a0-96b5-7e9314527272,C5668,8.09,JPY,Starbucks,Groceries,2026-08-22 10:26:06.385213,success,NONE,DE,web,False
1f3e4b74-bb70-445c-8acf-ef49196db1d7,C4802,428.16,GBP,Costco,Utilities,2025-11-07 10:26:06.385217,failed,E001,UK,mobile,True
caeee853-b569-44da-862a-adf7d94ddbf0,C5977,492.77,EUR,Apple,Groceries,2025-11-21 10:26:06.385220,success,NONE,DE,tablet,False
0a2b2236-f1d6-4f0f-9461-0b82c0fb25f7,C5909,272.97,JPY,Amazon,Shopping,2026-08-11 10:26:06.385224,success,NONE,JP,mobile,False
cf06bde4-5b23-44cc-a4fa-71603148f9f2,C7429,493.91,GBP,Walmart,Utilities,2026-04-07 10:26:06.385228,failed,E001,DE,tablet,True
d9544d8d-cc20-4385-96b1-409f5560dcdc,C9958,386.17,EUR,Delta,Shopping,2025-11-20 10:26:06.385231,pending,NONE,DE,mobile,False
731cc1d5-1b3a-4ac6-a5e5-9a651e4ee18f,C7285,6.34,GBP,Apple,Shopping,2026-02-01 10:26:06.385235,success,NONE,US,mobile,False
4c7c5159-a561-4c24-b199-70a6211c5275,C6979,234.49,GBP,Target,Groceries,2026-02-01 10:26:06.385238,pending,NONE,US,tablet,False
8ef2f3b7-0493-4ea9-bc58-d91ece5fa0af,C6187,313.17,EUR,Costco,Electronics,2025-09-03 10:26:06.385242,failed,E002,FR,mobile,True
24543bd6-37a7-48e8-a81b-d3edc21f673c,C6109,397.11,USD,Walmart,Electronics,2026-06-04 10:26:06.385246,pending,NONE,CA,web,False
f57f7081-2e30-44bd-ab84-8ff9bb1bda0e,C7268,274.2,USD,Apple,Utilities,2025-10-06 10:26:06.385249,pending,NONE,US,tablet,False
bf942558-b154-456c-8e55-8ab580065d7f,C9088,411.73,EUR,Target,Dining,2026-07-27 10:26:06.385253,pending,NONE,US,web,False
5b424662-0036-4673-98f6-c3f4c6eb7fc9,C6253,298.58,JPY,Walmart,Utilities,2026-03-13 10:26:06.385257,failed,NONE,JP,web,True
b3b01111-4447-43a3-9897-4dee3ba4d1af,C1190,254.97,JPY,Delta,Groceries,2025-11-28 10:26:06.385260,failed,E003,DE,web,True
57fc33ae-83f5-4bc3-95c9-49438d47d287,C8062,317.25,JPY,Walmart,Groceries,2026-08-29 10:26:06.385264,failed,E001,JP,tablet,True
92bb3df8-b561-4e32-bcda-5fa1695ca520,C2462,34.5,GBP,Uber,Groceries,2026-08-15 10:26:06.385268,failed,NONE,DE,mobile,True
c01a57a7-dcd1-47a9-92a6-67409df27f77,C7543,289.47,JPY,Uber,Dining,2026-03-30 10:26:06.385271,pending,NONE,JP,mobile,False
528af9c6-1993-4418-ad9e-c0963d62dd5e,C1715,465.42,EUR,Delta,Dining,2025-11-19 10:26:06.385275,failed,E003,CA,mobile,True
612412c5-3ab6-459d-a414-e976a7f02a76,C5769,105.6,GBP,Delta,Dining,2026-08-21 10:26:06.385279,failed,NONE,JP,web,True
679249fb-ee5d-4126-9c7b-3c487068b94e,C9948,482.83,EUR,Walmart,Shopping,2026-08-03 10:26:06.385282,success,NONE,FR,tablet,False
08b09a28-422c-48fa-b102-24beb270abff,C8925,353.28,EUR,Delta,Electronics,2026-04-04 10:26:06.385286,failed,NONE,FR,web,True
2f5d2319-7c9b-4301-ae29-7d793e042c7f,C7898,183.84,GBP,Target,Shopping,2026-07-02 10:26:06.385290,success,NONE,US,tablet,False
d222feb0-2783-415e-89f9-3b9c7996bffa,C5456,299.68,GBP,Walmart,Groceries,2025-10-10 10:26:06.385293,success,NONE,DE,mobile,False
3bdc48e5-4b40-4e3f-90af-cb96262fa6db,C8903,414.18,JPY,Uber,Utilities,2026-05-12 10:26:06.385298,failed,E002,DE,web,True
aad5e484-32a5-4d61-bb36-7d93c10755a5,C1502,209.26,USD,Apple,Shopping,2025-10-28 10:26:06.385301,pending,NONE,FR,web,False
506aa2de-8756-4a0f-b32c-16c406ea8952,C9175,174.27,EUR,Delta,Utilities,2026-05-12 10:26:06.385305,failed,E003,FR,tablet,True
76e9db1f-4e5a-4dad-8c96-3337d6387ef3,C2404,314.34,GBP,Apple,Shopping,2026-01-06 10:26:06.385309,pending,NONE,JP,web,False
54c53fd4-6112-459b-828d-ae69a31cff1c,C6203,23.68,GBP,Amazon,Shopping,2026-03-05 10:26:06.385312,pending,NONE,UK,web,False
aa0b6d9c-1dfc-45f2-a6cf-9041680bb9ed,C9973,398.32,GBP,Starbucks,Shopping,2026-08-05 10:26:06.385316,pending,NONE,DE,tablet,False
82427001-ec2b-4747-a14f-8af8690e4036,C8564,496.26,JPY,Uber,Electronics,2026-05-08 10:26:06.385319,success,NONE,DE,web,False
eeb2e983-37ad-4799-b39d-0ddca50b6dca,C2162,265.03,JPY,Delta,Groceries,2026-07-31 10:26:06.385323,pending,NONE,US,web,False
5a91f929-1ce8-484e-9bb4-7d5091846e93,C5857,266.74,GBP,Apple,Groceries,2026-08-21 10:26:06.385327,pending,NONE,US,mobile,False
19541825-303b-4154-afcc-02ef6bac710f,C5312,235.95,USD,Costco,Dining,2025-12-25 10:26:06.385331,failed,NONE,UK,mobile,True
9019db20-1b91-4c02-8841-2e7709cad5cc,C1010,248.55,USD,Costco,Groceries,2026-07-10 10:26:06.385334,success,NONE,UK,tablet,False
99e4f632-eb92-44ba-8cc2-c8b45ddc04fb,C4553,341.04,EUR,Starbucks,Groceries,2026-08-30 10:26:06.385340,failed,E001,FR,tablet,True
eafa7690-24d2-4c16-8176-c1a52b28d4cc,C3175,171.69,GBP,Uber,Groceries,2026-02-16 10:26:06.385344,success,NONE,FR,web,False
3aa9c6ee-cd52-4bd3-bc25-02592a0563e9,C8776,215.64,GBP,Uber,Travel,2026-06-19 10:26:06.385348,failed,E002,US,web,True
71980038-f36a-44ea-8fe0-b509f7e04adf,C4384,212.87,JPY,Starbucks,Shopping,2026-07-28 10:26:06.385351,failed,E003,FR,web,True
01bf5204-f1f5-4cd9-9bc7-67cb369b3ef5,C5492,102.7,USD,Apple,Shopping,2026-04-19 10:26:06.385355,failed,E003,CA,mobile,True
8c635c11-4c37-4c71-9365-7a21b3d3e42b,C3535,98.45,JPY,Costco,Shopping,2025-12-14 10:26:06.385359,pending,NONE,US,mobile,False
bd524b8b-4f00-4792-87b0-0f6a3375cbf6,C4569,22.61,EUR,Target,Travel,2026-05-17 10:26:06.385362,failed,E001,CA,web,True
7c4e8005-a070-4039-a567-43637623de62,C9071,498.7,USD,Target,Electronics,2025-12-20 10:26:06.385366,pending,NONE,CA,tablet,False
9f8ba782-b90e-467e-ad81-57ba5ce8cc40,C3951,264.44,EUR,Amazon,Electronics,2026-08-28 10:26:06.385369,success,NONE,JP,mobile,False
23af0fe9-b99a-4dad-8442-4d4fdb08c7cd,C8077,145.03,EUR,Walmart,Travel,2025-10-01 10:26:06.385373,pending,NONE,US,web,False
4e329d54-cfe8-4df1-80be-edef1f5f518f,C5120,137.05,JPY,Delta,Groceries,2026-02-07 10:26:06.385377,failed,E002,JP,mobile,True
8813df26-c8c5-46a7-b526-ee07bee1e048,C1050,474.18,JPY,Target,Travel,2026-02-21 10:26:06.385381,failed,E002,JP,web,True
cc03269f-5dec-4fc0-aaac-53959c137399,C5373,367.96,GBP,Delta,Travel,2025-11-08 10:26:06.385384,pending,NONE,US,web,False
d300600e-9cde-4d72-aa4d-56884b2b3a8d,C5537,190.86,GBP,Delta,Electronics,2025-11-12 10:26:06.385388,success,NONE,FR,tablet,False
7eea2c79-395b-4dc1-befa-0dfe0e5f0bc7,C1901,108.33,JPY,Amazon,Utilities,2026-01-09 10:26:06.385391,pending,NONE,FR,web,False
d66703cb-5a94-4fb5-b41e-ac197afd272a,C4842,383.8,USD,Amazon,Shopping,2026-05-13 10:26:06.385395,failed,E001,UK,tablet,True
d256feb3-8a53-4435-895b-1aa240e2362d,C4400,438.01,JPY,Uber,Electronics,2026-06-21 10:26:06.385398,success,NONE,JP,tablet,False
21298c51-bb0b-4aa5-b638-22fdc10cd527,C2870,106.08,USD,Target,Shopping,2025-11-28 10:26:06.385402,pending,NONE,CA,tablet,False
936cb74e-a012-4bcb-ba3c-68f651208e3e,C4899,252.11,USD,Target,Groceries,2026-01-01 10:26:06.385406,pending,NONE,UK,mobile,False
bd0f5404-0d56-4139-8fb9-35462e5ad9d4,C1251,137.72,EUR,Walmart,Electronics,2025-12-20 10:26:06.385409,failed,NONE,JP,mobile,True
45b058c2-0564-478f-bd84-feee9e8e34f8,C9403,35.11,JPY,Apple,Utilities,2025-11-30 10:26:06.385413,pending,NONE,UK,tablet,False
8604bb01-212e-4e8e-ade1-34a88c205bd7,C9196,347.89,USD,Amazon,Groceries,2025-12-18 10:26:06.385416,pending,NONE,UK,mobile,False
2acf0c0f-185e-4134-9e98-3cc01f9cc98f,C8277,142.51,EUR,Uber,Shopping,2025-10-12 10:26:06.385420,failed,NONE,UK,mobile,True
d85ad5c5-e493-43cb-8aeb-0d4bb1ff2d35,C9324,124.16,JPY,Costco,Electronics,2026-01-11 10:26:06.385424,pending,NONE,CA,mobile,False
9a8533e6-d95a-4228-b871-1555ea73ee0f,C3739,483.03,EUR,Costco,Electronics,2026-04-09 10:26:06.385427,success,NONE,FR,mobile,False
69532048-e3a8-4144-b827-0c885809cb89,C3450,207.3,USD,Walmart,Shopping,2026-04-07 10:26:06.385431,pending,NONE,DE,tablet,False
8feb5683-f683-4b91-8eb6-7e18084de8ee,C4966,35.17,GBP,Amazon,Travel,2026-01-16 10:26:06.385434,pending,NONE,JP,tablet,False
ee7ef8e2-6bcb-4cd7-8202-372ad5c8f19e,C3722,414.08,JPY,Starbucks,Utilities,2026-07-30 10:26:06.385438,pending,NONE,DE,tablet,False
e93c28ad-e121-4c27-b394-77340b31791f,C3940,479.35,EUR,Costco,Electronics,2025-12-02 10:26:06.385442,success,NONE,DE,tablet,False
c89af98b-5ce5-4dad-b338-748562f5a747,C4196,492.94,GBP,Apple,Dining,2026-03-08 10:26:06.385446,success,NONE,UK,tablet,False
47b76268-6ea9-419c-862f-849b4f2405d2,C5013,336.57,USD,Apple,Dining,2026-05-03 10:26:06.385450,success,NONE,JP,mobile,False
d0f36899-7269-48bf-a217-e550f7f0e55d,C5367,492.41,JPY,Walmart,Travel,2025-10-16 10:26:06.385453,success,NONE,US,mobile,False
dc27e55f-32b7-4216-8c3f-a5b518082bca,C2536,30.6,JPY,Amazon,Travel,2025-09-27 10:26:06.385457,pending,NONE,DE,web,False
23721d3a-07ae-496b-8f2e-dea1381981c4,C6738,325.35,USD,Walmart,Electronics,2026-04-06 10:26:06.385461,failed,E001,FR,mobile,True
b48d8943-b422-4737-83f0-0cda7da0a901,C3932,311.9,JPY,Uber,Travel,2026-02-15 10:26:06.385464,pending,NONE,JP,web,False
3566a1e5-a851-482a-a058-39a8c72819dd,C6315,139.22,EUR,Delta,Groceries,2026-04-03 10:26:06.385468,success,NONE,FR,tablet,False
39e5821d-fc11-4b3c-87bf-2919a1226e44,C5254,162.94,USD,Uber,Travel,2026-03-15 10:26:06.385471,failed,E002,CA,tablet,True
88c91b4d-69b8-47a7-8e2d-89020242b07a,C7816,24.36,USD,Uber,Travel,2026-03-26 10:26:06.385475,pending,NONE,DE,tablet,False
ea8b6de8-703a-472d-be9f-ddaa73392b02,C4096,488.09,USD,Uber,Travel,2026-02-19 10:26:06.385478,success,NONE,JP,web,False
da5b8da2-ea16-4fdd-a495-25bab88f7dfa,C4713,463.96,USD,Starbucks,Dining,2026-08-08 10:26:06.385482,pending,NONE,CA,web,False
8952b592-3a82-4441-91b6-daa95404d7bf,C8250,10.87,EUR,Starbucks,Groceries,2026-07-03 10:26:06.385486,failed,E001,CA,tablet,True
cd26800a-9e25-446b-b3d0-dd0188ce59bd,C2125,417.24,EUR,Amazon,Utilities,2025-09-15 10:26:06.385489,success,NONE,FR,mobile,False
d877bf94-bf20-446d-81cf-20a5371ca0d7,C4920,312.9,GBP,Delta,Shopping,2025-12-27 10:26:06.385493,success,NONE,JP,web,False
6fd36557-cc92-419d-8f3b-6a0753527ab6,C1413,371.53,EUR,Uber,Dining,2026-08-31 10:26:06.385496,failed,E002,DE,mobile,True
021f6fb4-fab8-42dc-98c3-68e8b440892c,C5588,278.53,GBP,Starbucks,Shopping,2026-03-07 10:26:06.385500,failed,E003,CA,mobile,True
485415e6-9f3a-432f-9d95-09bb9627a286,C6321,306.02,USD,Walmart,Electronics,2025-10-05 10:26:06.385504,success,NONE,DE,tablet,False
5f275dbd-5121-4576-9e8d-8864d6c6a008,C7796,266.49,JPY,Apple,Travel,2026-02-14 10:26:06.385507,failed,E001,US,tablet,True
ae0d2d66-d96a-449b-afa2-7d05b2bc5801,C9816,30.18,GBP,Delta,Utilities,2026-02-28 10:26:06.385511,success,NONE,CA,mobile,False
7d309aaa-48d3-45aa-b228-648c28935fe4,C3488,207.13,JPY,Amazon,Electronics,2026-05-28 10:26:06.385514,pending,NONE,CA,tablet,False
4c797aa0-fe23-4203-a2c8-89f39bff0bc1,C7553,429.67,JPY,Amazon,Utilities,2026-07-11 10:26:06.385518,success,NONE,US,tablet,False
80547a42-524c-4d5c-af6d-64b70ff1d2b0,C9433,88.07,GBP,Delta,Groceries,2026-03-10 10:26:06.385521,pending,NONE,JP,tablet,False
7bcec7c0-0379-4198-b6fa-d4013c839f58,C1401,247.8,USD,Starbucks,Utilities,2026-07-18 10:26:06.385525,pending,NONE,FR,mobile,False
f2b2cd96-5b04-4044-8d8c-8dcbecc02ed3,C4004,321.41,GBP,Starbucks,Electronics,2026-05-23 10:26:06.385528,success,NONE,US,mobile,False
c75dd3e3-61df-4212-856d-642eb0189698,C6276,414.87,GBP,Amazon,Shopping,2026-07-31 10:26:06.385532,failed,E003,JP,tablet,True
ce06deb5-376d-4a46-8559-c86096d2d75a,C6112,456.12,EUR,Walmart,Shopping,2026-01-13 10:26:06.385536,success,NONE,FR,mobile,False
11e1d770-1a1f-4121-9f1d-f855cc602345,C1702,300.49,JPY,Delta,Groceries,2026-01-08 10:26:06.385539,failed,E003,JP,web,True
e7e4ecf7-773f-4ab2-bf2b-b3427061322c,C6160,155.37,JPY,Starbucks,Electronics,2026-08-07 10:26:06.385543,failed,E001,JP,web,True
07499132-2f5f-406c-ad1a-a56e67bd9bd1,C1639,348.5,JPY,Starbucks,Shopping,2025-11-16 10:26:06.385547,success,NONE,DE,mobile,False
e795791e-de7f-4f67-9396-e45d7e8bdb1f,C7734,293.8,EUR,Delta,Travel,2026-02-07 10:26:06.385550,pending,NONE,JP,mobile,False
27e9218a-aaa4-43e3-b725-d97c712f4f9a,C9280,78.24,USD,Costco,Electronics,2026-08-30 10:26:06.385554,success,NONE,FR,web,False
54bbfc1d-e746-4a7f-a1c1-773b1ba52c58,C7929,135.74,EUR,Costco,Travel,2026-04-24 10:26:06.385558,failed,E001,CA,mobile,True
f4a1dded-1995-4f45-a93b-31f7eb14e897,C8264,292.01,JPY,Apple,Utilities,2025-09-02 10:26:06.385561,failed,NONE,JP,mobile,True
f8e58af7-d082-459a-a9f1-c1d8296d76f5,C6584,98.65,JPY,Costco,Travel,2026-02-01 10:26:06.385565,success,NONE,DE,web,False
c99ce8ef-e662-443a-bda4-73fb59514c0f,C1736,109.24,USD,Walmart,Shopping,2026-01-11 10:26:06.385568,pending,NONE,JP,tablet,False
7776bdbe-e8c3-4475-956e-dc7bc2aeb081,C9859,476.96,GBP,Walmart,Groceries,2026-06-03 10:26:06.385572,success,NONE,UK,web,False
f751f5f4-9a60-41d8-9c2b-b73b90914889,C4679,478.81,GBP,Amazon,Electronics,2026-05-22 10:26:06.385575,pending,NONE,DE,tablet,False
f19726aa-d00d-4e64-9f91-fb064dcfbb3e,C4879,136.81,EUR,Target,Groceries,2026-05-05 10:26:06.385579,failed,E001,DE,mobile,True
681dc6da-dbd6-46a1-a71a-717f1b0956aa,C5851,410.2,GBP,Uber,Travel,2025-12-04 10:26:06.385582,failed,E002,UK,web,True
2b18519a-92ec-44ce-9402-467da9596cec,C9271,14.46,USD,Walmart,Travel,2026-01-20 10:26:06.385586,success,NONE,JP,tablet,False
60263cb1-21c9-40e8-86bd-bd3f5f846a08,C1302,386.5,USD,Amazon,Dining,2026-01-26 10:26:06.385590,pending,NONE,JP,tablet,False
20438cef-0c01-4626-a8e7-fafcd0bcb34a,C3750,225.57,EUR,Amazon,Dining,2025-12-29 10:26:06.385594,success,NONE,US,tablet,False
8c061048-cd60-4cc9-b80f-fe85e3787ced,C1873,446.42,USD,Starbucks,Travel,2026-05-31 10:26:06.385598,failed,E002,US,web,True
654f45c7-3fa9-4a82-9433-78c736af56f5,C7675,55.53,USD,Delta,Electronics,2025-09-02 10:26:06.385601,pending,NONE,US,tablet,False
a43c5009-01c2-47a5-ac11-3a4f3fa50137,C8577,12.08,JPY,Amazon,Groceries,2026-01-26 10:26:06.385605,failed,E003,DE,tablet,True
b2cb73e6-fad1-427a-8576-c4189fe1547e,C3188,365.13,JPY,Uber,Electronics,2025-11-21 10:26:06.385608,pending,NONE,UK,mobile,False
81ba1c90-e6fc-47ed-9aa1-f0e2aa4c2b93,C1743,459.12,USD,Uber,Shopping,2026-05-23 10:26:06.385612,failed,E003,CA,tablet,True
06cad875-3fd1-48a5-a664-91c90c9bba59,C3763,395.84,JPY,Amazon,Shopping,2026-07-04 10:26:06.385616,failed,NONE,FR,mobile,True
33c92912-654d-44b8-bb66-794f900e67ca,C2501,468.31,USD,Target,Travel,2026-06-06 10:26:06.385619,success,NONE,DE,web,False
e09346f0-d562-4053-ac78-cd5c3ec72797,C3632,478.39,JPY,Starbucks,Electronics,2026-06-01 10:26:06.385623,failed,E001,CA,mobile,True
339c5c0c-eccc-4319-afdc-7fa7ab321020,C5848,193.73,USD,Delta,Travel,2026-07-02 10:26:06.385627,failed,E003,FR,mobile,True
a2fbe65d-cf59-40a2-bc80-2b7c9134fa81,C4165,344.33,GBP,Costco,Travel,2026-03-12 10:26:06.385630,pending,NONE,JP,mobile,False
f51adbf5-018a-406c-a358-a2061c1459a9,C2024,28.57,GBP,Starbucks,Dining,2026-01-08 10:26:06.385634,success,NONE,JP,tablet,False
cf0371e9-9ef9-40d1-867a-a0185609c04c,C6275,251.53,JPY,Starbucks,Utilities,2026-08-02 10:26:06.385637,success,NONE,JP,mobile,False
3bd14351-8544-4fbd-851d-6a3d9dd87942,C4632,202.77,USD,Delta,Travel,2026-04-26 10:26:06.385641,failed,E002,DE,tablet,True
bac5c238-d140-4201-9f76-755fef3c96a2,C4437,241.27,JPY,Walmart,Groceries,2025-09-11 10:26:06.385644,success,NONE,DE,tablet,False
67640fad-34a4-43b2-8251-624a58bdf3f3,C7772,484.76,GBP,Amazon,Electronics,2026-07-21 10:26:06.385648,success,NONE,FR,web,False
c9b7bbea-02ab-4a6e-b95a-8a3f1f6fcec2,C3433,277.16,EUR,Amazon,Dining,2026-01-12 10:26:06.385652,success,NONE,US,mobile,False
a577c838-c257-4f51-b886-c9e4c7dd7426,C3331,488.09,GBP,Uber,Utilities,2026-02-04 10:26:06.385655,pending,NONE,DE,web,False
f6d20b3a-267a-4c5d-ba0f-7797682d6fa3,C3468,402.67,EUR,Amazon,Shopping,2025-09-07 10:26:06.385659,failed,E003,DE,tablet,True
bf27dc57-b102-4bbc-a6da-480ef253d3f3,C6136,390.11,USD,Apple,Electronics,2026-04-16 10:26:06.385663,failed,E002,DE,tablet,True
387261fe-6ac3-42e8-8210-44ea7063c149,C3652,126.35,USD,Delta,Dining,2026-08-19 10:26:06.385666,success,NONE,DE,web,False
5e7a5537-b195-4f8a-b65e-19380e7a4552,C7543,217.98,EUR,Costco,Utilities,2026-04-23 10:26:06.385670,pending,NONE,JP,mobile,False
655e4797-c2b1-421e-8414-3116dc186418,C3106,357.67,USD,Apple,Dining,2025-10-15 10:26:06.385673,success,NONE,UK,tablet,False
a2743a3d-f628-4924-9166-1d80a0cce927,C2140,370.31,EUR,Delta,Utilities,2026-04-21 10:26:06.385677,failed,E001,DE,web,True
f6571648-17e6-4cf1-a29c-52c783b30be2,C3743,216.59,EUR,Costco,Travel,2026-08-07 10:26:06.385681,pending,NONE,CA,mobile,False
b5a44ec4-7f2b-407f-b009-8988cf8e59bd,C1501,318.59,GBP,Uber,Travel,2026-05-22 10:26:06.385684,success,NONE,US,tablet,False
2c5307ce-6132-4a6c-8318-c05107650fc0,C7013,376.93,GBP,Amazon,Electronics,2026-07-22 10:26:06.385688,failed,E002,FR,tablet,True
33f7ad4e-e25d-4431-b285-70347a7eca11,C6808,272.07,JPY,Starbucks,Groceries,2025-12-12 10:26:06.385691,success,NONE,JP,web,False
3fc6d052-b240-4a57-8314-995bf32d3e22,C9135,146.21,GBP,Walmart,Groceries,2026-03-01 10:26:06.385695,success,NONE,DE,web,False
a8bb6ac5-eed7-4abe-b42f-956a3e038faa,C8238,461.4,GBP,Amazon,Utilities,2026-07-11 10:26:06.385699,pending,NONE,US,web,False
72fbb7d1-7f9d-4cb9-b402-ce1e8e433e72,C4046,105.98,EUR,Apple,Dining,2026-01-19 10:26:06.385702,success,NONE,US,tablet,False
ef4c6916-6e03-4ff1-9383-b2e8af936a10,C1266,460.74,GBP,Apple,Dining,2025-10-20 10:26:06.385706,failed,E002,FR,tablet,True
80a6ec77-752c-4f0e-85e1-e8ba27103121,C3162,335.55,EUR,Delta,Groceries,2026-07-29 10:26:06.385710,pending,NONE,CA,web,False
178f5380-5224-47fc-bd3c-3bbe168d043b,C1710,279.25,JPY,Target,Travel,2026-04-13 10:26:06.385714,pending,NONE,US,web,False
12beee88-0db4-4588-a4eb-20349f9bfa46,C8611,91.79,GBP,Uber,Dining,2026-08-21 10:26:06.385718,failed,NONE,US,web,True
271eba68-f9b1-401f-acf8-cfb5222e8ad1,C7900,14.91,JPY,Uber,Shopping,2025-12-13 10:26:06.385721,pending,NONE,DE,tablet,False
8cd21e70-896d-4d60-b37c-8f1e1e2a1256,C7077,122.15,EUR,Target,Travel,2026-08-22 10:26:06.385725,pending,NONE,FR,web,False
e57b9546-5470-481f-89ec-f445701923b5,C4160,196.65,JPY,Uber,Electronics,2026-08-01 10:26:06.385728,pending,NONE,JP,mobile,False
65975046-c4c4-4e65-bad7-5158227413fe,C7713,115.38,USD,Apple,Groceries,2026-08-06 10:26:06.385732,failed,NONE,UK,tablet,True
82584038-5db7-4576-a3c5-df3477e58764,C4849,362.37,GBP,Walmart,Utilities,2026-07-12 10:26:06.385736,pending,NONE,JP,web,False
b42de47c-8b54-43c0-b185-54d9dbdd5376,C5894,117.69,EUR,Target,Shopping,2026-01-04 10:26:06.385740,pending,NONE,UK,tablet,False
4428eac6-94cb-4b29-b2bb-e418a261e74e,C1475,470.13,GBP,Target,Electronics,2025-11-06 10:26:06.385744,success,NONE,FR,web,False
9a9ca7e9-d4d9-4de4-9285-12a44f69c70a,C9260,390.72,EUR,Apple,Electronics,2025-10-29 10:26:06.385747,pending,NONE,CA,tablet,False
d4c8c368-ea6c-4f93-8085-dd66266189c0,C8696,262.35,EUR,Target,Electronics,2025-12-16 10:26:06.385751,pending,NONE,US,mobile,False
12e6c5da-3061-4527-a83d-6d035acddc2f,C9292,19.73,USD,Amazon,Utilities,2026-04-29 10:26:06.385754,success,NONE,DE,web,False
01c789a0-e0b3-4704-a8fc-5ccdd5ed1c99,C7715,224.17,EUR,Starbucks,Shopping,2026-05-19 10:26:06.385758,failed,NONE,UK,web,True
e80a4eaa-7f03-4aa0-bf0f-48d9ea721dfd,C2575,158.98,EUR,Starbucks,Dining,2026-07-17 10:26:06.385762,success,NONE,DE,tablet,False
6397d9de-8218-442c-bf8f-256ac757c3d9,C9572,432.23,GBP,Amazon,Dining,2026-03-27 10:26:06.385765,failed,E001,CA,web,True
895e281e-1428-4ba3-a9b2-836d76e97610,C1244,122.84,JPY,Walmart,Shopping,2025-12-04 10:26:06.385769,pending,NONE,DE,mobile,False
91bf9c51-7892-4c7f-8699-e13e0123f6bf,C4211,136.22,USD,Delta,Travel,2026-04-20 10:26:06.385772,success,NONE,JP,mobile,False
0d86d33c-894a-4b04-9505-398dff173bc2,C2518,13.29,GBP,Delta,Utilities,2025-09-06 10:26:06.385776,success,NONE,US,tablet,False
7b2300f8-db48-4e13-937f-356b92402310,C9125,203.26,EUR,Uber,Groceries,2025-12-05 10:26:06.385780,pending,NONE,UK,tablet,False
0aa09b17-d492-4956-a162-061742c9fdef,C2985,228.9,USD,Delta,Electronics,2026-03-04 10:26:06.385783,success,NONE,FR,mobile,False
8c2318fe-ada2-4084-ae35-3ea40d6fa165,C4002,205.61,GBP,Walmart,Shopping,2026-06-03 10:26:06.385787,failed,E003,DE,web,True
bfa832a8-eb3b-43e8-9b29-a2f4c2660a46,C5530,249.98,EUR,Target,Electronics,2026-02-09 10:26:06.385790,success,NONE,JP,tablet,False
cd9b2024-8c7d-4eba-af6b-0b6a15049e01,C2394,268.06,USD,Walmart,Electronics,2026-01-01 10:26:06.385794,success,NONE,DE,tablet,False
16c2321f-9c5f-40dd-a32d-e223da68fa29,C6016,359.83,USD,Walmart,Dining,2025-12-31 10:26:06.385798,failed,NONE,UK,tablet,True
4a153900-d528-42e9-9ead-b3104079f372,C3942,199.01,EUR,Costco,Shopping,2026-02-25 10:26:06.385801,success,NONE,US,web,False
5bc215ca-4744-4440-b354-3ff09e5a95ff,C2704,374.59,JPY,Uber,Groceries,2025-10-04 10:26:06.385805,failed,E002,FR,web,True
58a6eaa7-f34f-41e5-a765-32ff8c949821,C5109,117.78,EUR,Target,Groceries,2026-03-25 10:26:06.385809,failed,NONE,JP,mobile,True
680242c1-8a2d-49af-9ab8-609c6d560a79,C7519,218.65,JPY,Starbucks,Travel,2026-05-11 10:26:06.385812,pending,NONE,CA,mobile,False
e1009072-0185-4a30-9d46-5b8c8d9ef61d,C8174,317.12,JPY,Costco,Dining,2025-09-05 10:26:06.385816,success,NONE,CA,mobile,False
439a6444-1992-4080-acf4-bf73ae7db719,C3402,394.33,GBP,Delta,Dining,2025-12-23 10:26:06.385820,failed,E003,US,mobile,True
f6854ab1-05b3-452a-8821-be46fb672160,C9588,409.52,JPY,Apple,Dining,2025-12-10 10:26:06.385823,failed,E003,UK,mobile,True
3c5a3d7e-76ab-4c55-87e4-dbe9af4f7d3a,C2734,281.9,GBP,Walmart,Travel,2026-05-27 10:26:06.385827,failed,E003,JP,web,True
f14d9fe3-4559-4a94-a7e7-95f54332f38f,C9651,85.7,EUR,Starbucks,Utilities,2026-02-09 10:26:06.385831,success,NONE,JP,web,False
86a6571e-9894-404c-b1e1-0449d297ecce,C5887,193.07,USD,Target,Travel,2025-12-10 10:26:06.385834,success,NONE,FR,web,False
05f26f98-40e9-4e65-bf36-1ee10d988127,C3530,127.5,USD,Uber,Travel,2026-06-11 10:26:06.385838,success,NONE,US,web,False
72d207ed-7ba9-47ef-9c64-0552d9d25dbb,C6057,461.48,JPY,Apple,Utilities,2026-07-10 10:26:06.385841,failed,E002,US,mobile,True
e99c85c5-5a25-4b3b-9198-dc5dbd86b052,C5779,46.22,JPY,Uber,Groceries,2025-10-03 10:26:06.385845,success,NONE,FR,tablet,False
7f810046-1690-4bb7-a453-b165a0212265,C3177,369.28,GBP,Apple,Shopping,2026-01-23 10:26:06.385848,failed,NONE,US,mobile,True
1f707a1d-21ed-4873-ba68-f78f8967d4aa,C7059,463.46,JPY,Delta,Dining,2026-06-04 10:26:06.385852,pending,NONE,JP,mobile,False
ebb86674-e6ac-46ab-889a-d00e3272716c,C9033,484.95,JPY,Starbucks,Electronics,2026-06-13 10:26:06.385855,success,NONE,FR,web,False
b59460d1-6aa0-44e2-aa44-82a001811fc0,C8544,436.61,JPY,Apple,Dining,2025-12-17 10:26:06.385859,pending,NONE,JP,tablet,False
4de576f3-90d6-470f-9b29-df794b971c4d,C9495,393.85,USD,Delta,Electronics,2025-09-27 10:26:06.385862,success,NONE,FR,mobile,False
595a8e40-6f39-4965-823a-0ac5400b879b,C6045,86.95,GBP,Uber,Shopping,2026-05-19 10:26:06.385866,failed,E003,FR,mobile,True
610e6cdb-242d-4344-9ea5-619791ab38ba,C7509,125.49,JPY,Starbucks,Groceries,2025-12-02 10:26:06.385870,failed,E001,DE,mobile,True
c8f4d5bb-a043-4b28-95da-905af92f9f1a,C6429,317.34,JPY,Amazon,Shopping,2026-04-18 10:26:06.385874,pending,NONE,US,tablet,False
7cad7de9-4487-4455-88a2-cb13f0d2503e,C7868,229.02,USD,Target,Groceries,2026-07-31 10:26:06.385877,success,NONE,DE,web,False
31590e42-cf7e-4635-8a8a-fd6888150dce,C4854,256.04,EUR,Costco,Travel,2025-09-05 10:26:06.385881,failed,E001,CA,mobile,True
ffb5d4c3-bc61-4a5f-899f-edea552f8976,C5761,320.42,JPY,Delta,Travel,2026-03-06 10:26:06.385885,pending,NONE,CA,tablet,False
56fef781-2f8e-4703-8c46-7e23568011f5,C7299,267.89,GBP,Costco,Electronics,2025-10-01 10:26:06.385889,pending,NONE,JP,web,False
36adcebb-f186-4c26-aed3-d86511bd28e8,C4436,478.09,GBP,Apple,Electronics,2025-10-23 10:26:06.385893,success,NONE,CA,web,False
a9055405-4ec9-4ea3-b879-a3ab8c539c6c,C4174,305.43,EUR,Starbucks,Utilities,2026-06-11 10:26:06.385896,failed,NONE,JP,tablet,True
1b843b0d-b61b-4531-a1c4-99ff7e45fe2e,C7188,45.51,JPY,Costco,Utilities,2026-03-24 10:26:06.385900,success,NONE,JP,web,False
a09b8328-0fd2-4a7a-81e2-ce501e13b34c,C7639,206.69,EUR,Costco,Travel,2026-05-16 10:26:06.385903,success,NONE,FR,web,False
6abd9f90-9797-443f-b54a-a3947d08bf42,C7349,245.17,EUR,Uber,Shopping,2025-12-10 10:26:06.385907,failed,E002,US,mobile,True
db0c26d9-7df4-43a7-a8fb-7ac9d80eb6b1,C4197,124.51,EUR,Amazon,Dining,2026-06-23 10:26:06.385911,failed,E001,FR,tablet,True
9598e14a-6e93-4f4d-8002-0eb618b5e3c1,C9680,339.82,GBP,Target,Dining,2026-08-27 10:26:06.385914,failed,E002,JP,web,True
31e05d43-59a1-4731-baa2-ad40097516a8,C9942,86.29,USD,Apple,Groceries,2026-03-04 10:26:06.385918,failed,E001,FR,web,True
6e483376-4741-4dba-b33f-9c8956e99a69,C9495,480.13,JPY,Delta,Dining,2025-09-18 10:26:06.385922,pending,NONE,JP,tablet,False
6f50dcd7-bf44-4b2e-aef8-929ef9886283,C2263,178.6,EUR,Target,Shopping,2025-12-27 10:26:06.385925,pending,NONE,DE,mobile,False
34391aa3-62bc-481a-a1aa-c81a276dc267,C8815,445.29,USD,Uber,Shopping,2025-10-15 10:26:06.385929,failed,E001,UK,web,True
1a4907ce-dac3-44d9-9d2b-ba0030d2cfe6,C5893,464.99,USD,Apple,Travel,2025-10-29 10:26:06.385933,failed,E001,DE,web,True
4d8d6ecd-6884-4f52-a9c1-059e0722cbb3,C2112,181.77,EUR,Walmart,Shopping,2025-11-17 10:26:06.385936,failed,NONE,DE,web,True
ffbc18fd-e9d2-4194-a1c4-28f80bc29b02,C7483,101.28,EUR,Walmart,Electronics,2025-12-23 10:26:06.385940,failed,E001,DE,web,True
59b336fd-1915-414e-855b-71f4f50952a8,C3450,328.43,JPY,Costco,Groceries,2026-03-22 10:26:06.385944,pending,NONE,DE,mobile,False
5c8c21bc-75ba-41ed-9302-850a5416702f,C2611,313.82,JPY,Target,Shopping,2026-01-31 10:26:06.385947,failed,E002,JP,tablet,True
0b3d33cb-c7dc-4420-90d0-cf8be89eb022,C5626,203.64,EUR,Uber,Electronics,2026-09-02 10:26:06.385951,success,NONE,DE,tablet,False
52ded924-6c62-49bc-86c9-db5ca0df1d2f,C9792,111.61,USD,Uber,Shopping,2026-06-28 10:26:06.385955,success,NONE,CA,mobile,False
dcb2784a-985c-40b2-a53d-cbf3d39beecd,C3684,192.27,JPY,Amazon,Utilities,2025-09-21 10:26:06.385958,pending,NONE,US,web,False
5c76b12a-536d-42dd-8303-cb42db2d07b3,C2935,465.87,JPY,Costco,Electronics,2025-12-06 10:26:06.385962,success,NONE,JP,tablet,False
8b81c32e-4b1c-4735-b66c-9248c1d46154,C6988,244.82,USD,Costco,Dining,2025-09-12 10:26:06.385965,failed,E001,US,mobile,True
fe07d447-f64c-4a7e-bdc3-7e1f524967e5,C7891,332.9,EUR,Delta,Shopping,2026-07-24 10:26:06.385969,pending,NONE,UK,tablet,False
a6dba195-5ba6-40d6-a2fd-f8f10f6b29dd,C9075,160.79,JPY,Amazon,Groceries,2026-03-29 10:26:06.385973,failed,E002,US,web,True
7ce50398-c315-4d83-88b3-dbb0858edb60,C8828,392.29,USD,Walmart,Shopping,2025-10-07 10:26:06.385976,success,NONE,US,mobile,False
15ad88ad-735d-4e6a-ab0e-4f4c7dd62f3e,C6154,333.35,GBP,Starbucks,Electronics,2025-11-21 10:26:06.385980,success,NONE,UK,mobile,False
4613a0e1-5c32-4aca-b42b-a6593e8035eb,C5648,477.73,GBP,Target,Shopping,2025-09-05 10:26:06.385984,success,NONE,JP,mobile,False
51241e74-7786-4fed-a331-84d35a884b33,C3778,417.35,JPY,Walmart,Shopping,2025-11-05 10:26:06.385988,failed,E002,UK,web,True
2ffb79dd-2094-4b70-bf7c-1be5a02950d1,C7378,313.64,JPY,Delta,Shopping,2026-03-22 10:26:06.385991,success,NONE,CA,mobile,False
ad5e159d-d74c-4867-8ac9-ce2ee91ad6b8,C8968,402.82,EUR,Starbucks,Electronics,2026-08-15 10:26:06.385995,pending,NONE,US,mobile,False
a7bf0629-c47e-4688-a519-11e28e480ec7,C8094,166.55,JPY,Amazon,Travel,2025-10-24 10:26:06.385998,success,NONE,US,mobile,False
aa49858a-e938-4a08-bd04-3099218cbf92,C7918,236.13,EUR,Uber,Dining,2026-08-18 10:26:06.386002,success,NONE,UK,tablet,False
10009590-2641-431f-b11b-8bd8d0c83bd0,C7772,260.74,GBP,Amazon,Groceries,2026-06-24 10:26:06.386005,success,NONE,JP,tablet,False
e60a09cf-b6f0-4dcf-9d4f-f487eb09d156,C2103,120.23,GBP,Apple,Groceries,2026-03-07 10:26:06.386009,failed,E002,CA,mobile,True
f80f3a78-90b7-4212-be35-e890434f6040,C6032,104.88,JPY,Target,Travel,2026-08-31 10:26:06.386013,failed,E001,FR,web,True
4eda3f88-8bb9-4412-b2f2-36c377239428,C2178,52.65,JPY,Delta,Electronics,2026-04-28 10:26:06.386016,failed,NONE,UK,tablet,True
a39c3fe2-bd12-4323-ae8a-aebe73952dff,C1340,496.64,USD,Delta,Dining,2026-05-17 10:26:06.386020,pending,NONE,UK,mobile,False
6fb0302f-5018-4c0a-9ffc-cf029f285571,C5794,450.39,JPY,Starbucks,Utilities,2026-05-03 10:26:06.386024,success,NONE,CA,tablet,False
aa4aa25d-6e67-4fd5-9f7b-438faa70357a,C8916,149.63,GBP,Walmart,Dining,2025-09-23 10:26:06.386031,success,NONE,CA,tablet,False
f3b30bab-4120-438b-96c9-748eccc302e7,C9465,190.25,EUR,Costco,Dining,2026-08-11 10:26:06.386035,success,NONE,DE,mobile,False
45682692-3566-4f6f-bffb-26c65c96dfb9,C8212,385.38,EUR,Costco,Groceries,2026-06-16 10:26:06.386038,failed,E003,FR,web,True
178c4a5d-35d4-490e-b5f4-d9b92154d054,C2015,121.32,USD,Uber,Dining,2026-03-10 10:26:06.386042,success,NONE,US,mobile,False
ab3ffa02-0535-435f-a304-96aa45209f09,C9564,368.68,GBP,Costco,Travel,2026-03-14 10:26:06.386046,failed,E003,CA,mobile,True
bed6eb08-622a-41ff-94ee-14ef815a1fbc,C2572,227.78,GBP,Target,Utilities,2026-08-30 10:26:06.386049,failed,E002,FR,mobile,True
e1eb5a88-734c-401b-b164-a605ad87e6b5,C1865,209.68,GBP,Amazon,Dining,2026-06-04 10:26:06.386053,pending,NONE,DE,web,False
9b26dcff-80aa-4414-8d14-7d4698d01614,C7732,111.78,GBP,Target,Shopping,2025-09-21 10:26:06.386056,failed,E002,CA,mobile,True
bb40e87e-acb9-4e39-9bcd-1827898f9f78,C7401,142.86,USD,Amazon,Groceries,2025-11-11 10:26:06.386060,pending,NONE,CA,mobile,False
663d0a20-a747-4e57-92eb-de6ca754d9c3,C6338,281.46,JPY,Delta,Shopping,2026-01-12 10:26:06.386064,pending,NONE,US,mobile,False
94aabb6e-25f9-4f96-b385-aa78031bc4fc,C7085,431.1,USD,Starbucks,Electronics,2026-07-25 10:26:06.386067,pending,NONE,FR,mobile,False
ba325ec2-2890-45f4-abfd-5ecfa8d5b24c,C5373,399.92,GBP,Apple,Utilities,2026-03-19 10:26:06.386071,pending,NONE,FR,web,False
b82d7146-b20b-47ce-ac6b-4a43611a3aa6,C8739,285.97,EUR,Delta,Shopping,2026-06-19 10:26:06.386074,pending,NONE,CA,tablet,False
ba244233-991b-47a6-995b-5a75a08067b0,C5201,486.77,JPY,Apple,Shopping,2026-02-10 10:26:06.386078,failed,NONE,DE,tablet,True
6bf862f3-f8ee-44a0-be7c-74cf9518fb78,C4248,77.11,USD,Costco,Dining,2025-11-26 10:26:06.386082,pending,NONE,DE,mobile,False
9a9c201a-b2eb-40df-9dee-26d6c96b6938,C3336,162.84,JPY,Walmart,Dining,2026-03-11 10:26:06.386086,success,NONE,UK,web,False
e749c39f-30d8-44f7-9889-b180c4085dd9,C2180,115.56,USD,Amazon,Travel,2026-07-07 10:26:06.386090,success,NONE,CA,mobile,False
8701554e-0764-4ff0-b08a-889bb0251732,C8922,44.77,GBP,Amazon,Travel,2026-04-06 10:26:06.386093,success,NONE,UK,tablet,False
72ec3725-ecff-4083-bb30-3c65b8e0bc65,C7670,266.49,EUR,Uber,Utilities,2026-02-25 10:26:06.386097,success,NONE,FR,tablet,False
272e7ed4-a277-448a-8cbe-b333aee3f3dc,C9160,153.09,EUR,Uber,Utilities,2026-01-15 10:26:06.386100,pending,NONE,US,mobile,False
82e1dcd2-f99d-466b-ad4e-6dcb0930c39f,C6433,494.27,USD,Apple,Travel,2026-01-15 10:26:06.386104,pending,NONE,FR,mobile,False
a2926a62-2894-4044-8d73-e9440315fa3d,C9983,208.12,JPY,Uber,Groceries,2026-08-27 10:26:06.386107,failed,E002,JP,web,True
8a2a1355-ca3e-433d-9adf-0b6855aa49d3,C7771,239.58,EUR,Delta,Utilities,2025-12-30 10:26:06.386111,failed,E002,DE,web,True
45f89a84-99d1-4e31-80ae-003a2dc9b5c0,C8704,126.91,EUR,Uber,Shopping,2025-11-17 10:26:06.386114,pending,NONE,CA,tablet,False
8443c2c2-ed1e-4eb7-b44e-7efed2ad3825,C8757,179.22,EUR,Walmart,Groceries,2026-02-20 10:26:06.386118,pending,NONE,CA,web,False
1098c66e-b0f2-47ff-b3a6-c48ba38f1501,C1540,168.4,JPY,Apple,Groceries,2026-02-03 10:26:06.386121,pending,NONE,JP,mobile,False
679242be-ee1f-41e7-a600-1207d7c7830a,C9074,398.56,USD,Amazon,Utilities,2025-10-08 10:26:06.386125,pending,NONE,US,mobile,False
48780fb0-679b-40dd-836a-05b5f10ba0af,C3448,203.71,EUR,Costco,Dining,2026-01-23 10:26:06.386128,pending,NONE,UK,tablet,False
e042dbc1-6203-4058-8d5d-2ea50ac78ef1,C4315,477.0,USD,Walmart,Travel,2026-06-09 10:26:06.386132,pending,NONE,CA,web,False
fbd646d2-7c80-43ca-89f2-a8c017475dba,C5478,334.67,JPY,Uber,Groceries,2026-08-09 10:26:06.386136,failed,E001,DE,web,True
32e0fcb0-334e-44c3-b632-ac53800ddc03,C7654,271.5,USD,Uber,Utilities,2025-10-31 10:26:06.386139,pending,NONE,JP,mobile,False
0e4f1277-32b3-4dca-b614-c4a845984e82,C3175,343.89,GBP,Delta,Shopping,2026-08-28 10:26:06.386143,failed,NONE,JP,web,True
fcef5989-a52d-4015-9587-f18dc3928e23,C1373,88.96,JPY,Target,Travel,2025-11-20 10:26:06.386147,failed,NONE,DE,mobile,True
51579971-2da9-47b2-8e69-212fc5947260,C3434,123.22,EUR,Starbucks,Groceries,2026-02-11 10:26:06.386150,pending,NONE,DE,mobile,False
b7cd7f8d-0bf9-4442-b5ef-69b41293f327,C5254,432.06,EUR,Walmart,Dining,2026-08-04 10:26:06.386154,failed,E001,FR,web,True
585a1434-3c60-4090-bc34-b1508ca6f390,C2297,323.29,USD,Costco,Dining,2026-05-20 10:26:06.386157,success,NONE,DE,tablet,False
ab550f69-de4a-4b91-b5fd-c28266c4d81c,C2867,495.45,GBP,Amazon,Utilities,2025-11-07 10:26:06.386161,success,NONE,DE,mobile,False
18baeebc-4a85-47a6-86e2-0852c7d44c4f,C6654,298.01,GBP,Costco,Shopping,2025-12-04 10:26:06.386165,failed,E001,DE,web,True
6d6afc48-2f1d-4ce2-828c-6eca31eb7e75,C2176,437.45,JPY,Amazon,Groceries,2025-11-29 10:26:06.386168,failed,E003,FR,web,True
bd293f38-0cec-46da-8f29-a3ce8c4a3436,C1821,184.26,USD,Starbucks,Groceries,2026-05-06 10:26:06.386172,failed,E001,UK,web,True
09f71a98-721a-43c4-92e5-6c830390b0a5,C2505,159.55,GBP,Delta,Travel,2026-03-07 10:26:06.386177,failed,E003,JP,web,True
45a7935c-2eb0-47aa-842f-98ec9754ce3c,C4532,376.28,GBP,Delta,Groceries,2026-01-01 10:26:06.386180,pending,NONE,FR,mobile,False
e51aeed5-44db-44ec-8bda-1fd99224aa3f,C1601,126.87,EUR,Costco,Groceries,2025-12-19 10:26:06.386184,pending,NONE,FR,mobile,False
481bc283-f4ba-4e41-a31f-6502d2e44800,C7591,70.65,EUR,Uber,Utilities,2026-07-06 10:26:06.386187,pending,NONE,CA,web,False
9756f8c8-fe0c-4228-a134-043fcd9e0ab1,C3659,204.79,USD,Walmart,Utilities,2026-07-28 10:26:06.386191,failed,E003,FR,web,True
2a5a24f5-f71b-4ba1-b215-60811ca74d03,C1426,160.52,USD,Costco,Dining,2026-07-03 10:26:06.386194,failed,E002,JP,mobile,True
454b7faa-2c8c-4773-8c50-1ebdcee4fc0a,C3262,402.1,JPY,Apple,Groceries,2026-06-16 10:26:06.386198,success,NONE,UK,tablet,False
cb76fb58-072d-49c3-8846-1c46035a9338,C5109,436.17,USD,Costco,Shopping,2025-12-22 10:26:06.386202,pending,NONE,UK,web,False
421b3a5a-d557-4342-ad13-2767334900b9,C5916,417.26,JPY,Amazon,Travel,2025-11-08 10:26:06.386206,failed,E003,JP,web,True
ae0bf7ed-59a1-48f8-80f6-b9659dd3fee9,C8222,359.45,EUR,Amazon,Utilities,2025-12-20 10:26:06.386209,pending,NONE,US,tablet,False
283fc3d8-f1b6-4b93-bb00-2a3fc2506e9b,C5978,229.02,GBP,Walmart,Dining,2026-05-09 10:26:06.386213,success,NONE,DE,web,False
55cd9a19-2b4f-4446-8e34-866f09ec52ee,C3999,85.55,JPY,Target,Travel,2026-08-17 10:26:06.386217,failed,E003,FR,tablet,True
1e7f2f55-471d-4dbc-8837-0fe7cc52c770,C5717,418.63,USD,Costco,Dining,2026-07-07 10:26:06.386220,pending,NONE,DE,web,False
09313ed3-a604-4e0f-bedc-ccb33b026ba5,C9842,277.17,JPY,Walmart,Groceries,2026-03-31 10:26:06.386224,pending,NONE,UK,mobile,False
40313972-b1c5-4baa-b310-4027742548a7,C9479,246.86,JPY,Apple,Shopping,2026-03-15 10:26:06.386227,success,NONE,US,web,False
7d4337d5-ed44-4e32-9663-5bbc4f801d62,C3094,84.15,EUR,Walmart,Dining,2026-02-17 10:26:06.386231,success,NONE,US,tablet,False
10c4bf1b-91ea-4d8e-b5eb-fadc6add4a46,C3145,30.2,JPY,Costco,Utilities,2026-01-12 10:26:06.386235,pending,NONE,FR,web,False
c21c7c79-1136-4157-b35d-bc0d2740b558,C1158,350.4,JPY,Target,Groceries,2025-10-01 10:26:06.386238,failed,E002,DE,tablet,True
2c71b372-2313-46aa-a6d6-bfbdcca07656,C9993,396.17,EUR,Walmart,Travel,2026-01-07 10:26:06.386242,pending,NONE,FR,tablet,False
52e5513f-fe32-4d6d-8f62-962afc4cbee8,C5922,220.09,JPY,Apple,Shopping,2026-08-04 10:26:06.386245,failed,E001,US,web,True
80bbb5f0-43ac-4461-b9fd-736d65fa624e,C3296,292.58,EUR,Walmart,Shopping,2026-02-18 10:26:06.386249,pending,NONE,US,web,False
af4b27f8-2838-4315-821d-28d9c9b27162,C8180,11.49,EUR,Target,Electronics,2026-04-01 10:26:06.386252,pending,NONE,JP,mobile,False
36f77d8b-977f-4e0f-8f78-48f517e2dd2f,C2398,74.08,GBP,Target,Dining,2026-07-30 10:26:06.386256,pending,NONE,UK,tablet,False
d3915b03-ad98-4099-aaee-ec32ba74f3d7,C5801,308.02,EUR,Apple,Travel,2025-09-23 10:26:06.386260,failed,E002,UK,mobile,True
f71b1a7b-3d03-4166-bddd-1858edacc8b1,C7196,307.92,USD,Starbucks,Shopping,2026-06-16 10:26:06.386264,failed,E003,JP,web,True
a9ba3d53-d274-4a12-9d6a-d7f9048d26ea,C9256,303.0,GBP,Uber,Electronics,2025-12-22 10:26:06.386268,success,NONE,FR,tablet,False
915ba5ca-0b06-4d78-9b0d-8f6fb54a5e23,C8111,141.17,GBP,Amazon,Electronics,2025-09-11 10:26:06.386271,pending,NONE,US,web,False
9f5de233-acfa-494f-aa10-d8a95ce6bc48,C4141,408.75,GBP,Walmart,Travel,2025-10-26 10:26:06.386275,success,NONE,US,tablet,False
3892768d-0f31-42dd-9a39-f62b8b9097e9,C7622,427.02,USD,Uber,Travel,2025-12-31 10:26:06.386279,success,NONE,FR,web,False
7da9a954-268c-4b8a-90b6-e342c39bfd53,C7538,377.44,EUR,Uber,Electronics,2026-06-10 10:26:06.386282,failed,E001,CA,tablet,True
5410e478-226c-4e26-ba42-3cbaede2259f,C2674,176.3,USD,Starbucks,Dining,2026-08-06 10:26:06.386286,success,NONE,DE,mobile,False
f673902a-4cf5-498c-85d9-de752ad8e186,C7770,174.01,EUR,Costco,Shopping,2026-06-24 10:26:06.386290,failed,E002,FR,web,True
96cdb76b-444b-4bbd-907b-b004304eecd5,C3151,428.36,EUR,Target,Dining,2026-02-13 10:26:06.386293,failed,E003,DE,web,True
2eb9b04a-164e-4575-8686-bf5b978bf4a7,C5298,367.83,JPY,Apple,Travel,2026-08-28 10:26:06.386297,failed,E003,DE,tablet,True
934a038b-7599-4655-b6e0-aa6dc5365910,C9011,155.33,EUR,Walmart,Groceries,2025-12-15 10:26:06.386301,failed,E002,CA,tablet,True
d62b395e-6f8f-4fac-a8e8-e86a96f27fc3,C8173,207.62,USD,Walmart,Dining,2025-09-17 10:26:06.386305,failed,E003,CA,mobile,True
530af561-1dd3-47d1-bf41-084efc698d10,C5369,408.71,JPY,Starbucks,Electronics,2026-05-23 10:26:06.386308,pending,NONE,CA,tablet,False
79b7cd00-5477-4065-afd2-3385aa596000,C3521,28.01,JPY,Walmart,Groceries,2025-09-26 10:26:06.386312,success,NONE,US,mobile,False
221a5201-b61b-453c-bea2-df55fab237b1,C6624,478.66,USD,Uber,Electronics,2026-07-02 10:26:06.386315,success,NONE,JP,web,False
283579ea-c67c-4ad5-8d23-7a7a5681eda1,C6341,396.87,GBP,Starbucks,Utilities,2025-10-07 10:26:06.386319,success,NONE,JP,mobile,False
69202305-a03d-4fc8-84a4-c251bf113d17,C4603,309.57,GBP,Costco,Utilities,2025-10-15 10:26:06.386323,failed,E002,US,tablet,True
60c94903-4c36-4c4a-a2ad-63f92efdf32c,C4798,426.87,USD,Delta,Travel,2025-11-11 10:26:06.386327,failed,E003,US,tablet,True
35f08158-c53c-4ef5-8c6a-1fe020ee764a,C7707,303.63,EUR,Apple,Travel,2025-12-04 10:26:06.386331,pending,NONE,UK,web,False
ae2b44ab-d974-4eb7-a46b-a0b303d13281,C5932,9.18,USD,Costco,Shopping,2026-01-28 10:26:06.386334,success,NONE,UK,mobile,False
f1c39aaa-91b2-4d54-9f8c-87c6e9f26736,C4280,165.96,GBP,Apple,Travel,2026-02-14 10:26:06.386338,failed,E002,DE,mobile,True
ac9be7b9-cf36-4bb3-9ef0-ea2a3cb0b9de,C6905,479.88,EUR,Walmart,Groceries,2026-08-20 10:26:06.386342,failed,E002,UK,tablet,True
06b74a2f-ade5-40c5-a2f0-b1ce87c27818,C2236,335.39,EUR,Target,Utilities,2026-06-14 10:26:06.386345,success,NONE,DE,tablet,False
386a7887-763e-4f1e-afdd-c6cb59749c7d,C6237,103.19,EUR,Costco,Electronics,2025-12-22 10:26:06.386349,success,NONE,JP,web,False
213f4ef5-9af9-4ac7-ad3b-5b802d475cbe,C2321,301.74,EUR,Delta,Groceries,2026-06-21 10:26:06.386353,success,NONE,DE,web,False
eeb1f9bf-ed69-4e37-a0e3-cdfc96146303,C5469,23.65,JPY,Target,Shopping,2026-04-05 10:26:06.386356,pending,NONE,DE,tablet,False
42a3cfab-c0b5-4f1f-87e9-63746472436c,C3949,401.99,EUR,Uber,Groceries,2026-05-26 10:26:06.386360,failed,E002,DE,mobile,True
e73c5cec-74ad-405a-8439-0d6b04602333,C8618,107.76,GBP,Amazon,Dining,2025-11-14 10:26:06.386363,success,NONE,FR,web,False
af90524d-2757-4e05-8841-0467b456e333,C3824,296.69,USD,Amazon,Groceries,2026-02-08 10:26:06.386367,success,NONE,JP,mobile,False
ec1fd134-51ce-4e82-9940-656729ceb2e7,C5304,333.39,JPY,Target,Shopping,2025-09-09 10:26:06.386371,failed,NONE,UK,web,True
dacaaf74-240a-4cb8-8d2a-e2d32b5e0444,C9553,306.35,USD,Target,Groceries,2025-09-07 10:26:06.386375,failed,E003,CA,web,True
f93a33bb-3dcc-4765-b0f3-442b1d883d7c,C7500,419.4,USD,Target,Shopping,2026-03-30 10:26:06.386378,pending,NONE,UK,web,False
f978162a-1987-439b-b25d-6b3bec397c3e,C2191,421.55,JPY,Apple,Utilities,2026-07-25 10:26:06.386382,pending,NONE,UK,tablet,False
1e2befa5-dd2a-47be-bf40-c4a09ab30e29,C6538,317.42,GBP,Walmart,Dining,2026-01-29 10:26:06.386385,failed,E001,CA,mobile,True
5f816e98-4223-434b-8321-cfca577189ed,C1707,23.81,GBP,Walmart,Electronics,2026-04-01 10:26:06.386389,success,NONE,FR,mobile,False
861ea420-a7b5-48d5-8b33-12dce0483909,C2026,35.35,GBP,Starbucks,Dining,2025-11-07 10:26:06.386392,failed,NONE,FR,mobile,True
5d6077ec-ff0c-431d-a543-b7ecd51ac6e1,C2157,266.39,GBP,Apple,Shopping,2026-08-04 10:26:06.386396,pending,NONE,US,tablet,False
920d2fbb-d580-4842-9702-fa42dc03e6b0,C2565,144.03,USD,Uber,Electronics,2026-03-28 10:26:06.386400,pending,NONE,JP,web,False
338ad271-0987-41b0-a05d-0afcec9b3fed,C7242,15.03,GBP,Target,Electronics,2025-11-28 10:26:06.386403,failed,E003,FR,mobile,True
b9c0a3a8-79b7-426e-ad94-b93c5e993caa,C5286,437.24,JPY,Amazon,Dining,2025-10-05 10:26:06.386407,failed,E002,JP,tablet,True
51e0ad72-2724-46f8-896f-a0db1cf06874,C2041,28.22,GBP,Amazon,Dining,2026-01-04 10:26:06.386411,pending,NONE,CA,tablet,False
258b0d9d-2c0f-4b54-b652-15a73af25fe8,C2658,320.8,EUR,Delta,Travel,2026-05-20 10:26:06.386416,pending,NONE,JP,tablet,False
9d184ea3-fe70-4ebe-83c7-fbdfe14912a3,C4690,277.65,USD,Amazon,Shopping,2026-03-15 10:26:06.386420,pending,NONE,US,web,False
e19ee717-97c0-44b9-9a5a-f4f9d840b995,C7319,48.73,USD,Starbucks,Electronics,2025-11-09 10:26:06.386425,success,NONE,FR,web,False
9fedbfea-b14f-43b1-97c6-fcb4cb70e8ff,C7676,191.96,USD,Walmart,Dining,2026-04-18 10:26:06.386428,success,NONE,CA,mobile,False
7539a654-42eb-4b65-ae9b-d5ab0a0c92ff,C4788,195.94,JPY,Delta,Electronics,2026-08-12 10:26:06.386432,failed,NONE,DE,web,True
362085b1-3bd7-4dd0-b3ca-683fff80a52e,C2908,471.82,GBP,Apple,Dining,2025-10-20 10:26:06.386435,failed,NONE,US,tablet,True
40bf0061-d2cf-4b66-8e43-4f42a0364f5e,C7364,380.99,JPY,Delta,Shopping,2026-03-05 10:26:06.386440,failed,NONE,CA,web,True
7d390fc0-1a6f-40c9-ad56-410db1a2bcbe,C8122,108.57,EUR,Costco,Groceries,2025-10-27 10:26:06.386445,failed,E001,UK,web,True
f3902e3d-713f-46ad-bf75-bfe0f7bc6912,C9973,360.68,USD,Walmart,Shopping,2025-12-10 10:26:06.386451,failed,E003,US,mobile,True
b48ec189-8d09-449c-8cec-f191974e584c,C2558,273.84,EUR,Costco,Shopping,2026-05-29 10:26:06.386455,success,NONE,US,web,False
4d594518-6469-4a33-aa88-6037097c6c9a,C6797,199.25,EUR,Uber,Utilities,2026-08-18 10:26:06.386460,failed,E002,UK,mobile,True
12c15857-ebe1-483d-86b5-e1c35a04d208,C1261,205.86,JPY,Amazon,Electronics,2026-07-26 10:26:06.386464,success,NONE,US,tablet,False
5b3569c6-e2b0-478e-b91f-0739f8b0a376,C5175,277.62,JPY,Costco,Utilities,2025-10-24 10:26:06.386469,success,NONE,UK,mobile,False
5fbe6a09-52f8-477a-beb3-70d176d120b6,C4281,379.96,USD,Starbucks,Dining,2026-01-24 10:26:06.386473,failed,NONE,UK,tablet,True
89f878c9-3ae6-4b40-9fe2-9001c21e909b,C4318,267.28,USD,Amazon,Dining,2026-06-06 10:26:06.386476,pending,NONE,JP,web,False
9fe02c77-cb29-4c50-8fad-cf3c8b24d652,C7293,246.91,USD,Delta,Travel,2025-11-15 10:26:06.386481,failed,E002,UK,mobile,True
cc454f6d-375c-4312-bd18-29b9b338f547,C3011,479.08,USD,Target,Utilities,2026-02-14 10:26:06.386485,failed,E001,CA,tablet,True
f083b16f-015e-49d1-bb90-98c5909fd0a1,C1009,6.4,USD,Costco,Utilities,2026-03-24 10:26:06.386488,pending,NONE,DE,mobile,False
2551ece9-0e7d-4ec8-b785-6a60ae10ea46,C4827,403.59,JPY,Walmart,Electronics,2026-04-09 10:26:06.386492,failed,NONE,JP,tablet,True
25d77651-7242-4c64-8510-91b897f62cd4,C3131,333.81,GBP,Amazon,Dining,2026-03-03 10:26:06.386495,success,NONE,CA,mobile,False
8eb299a1-83cb-4a9d-9937-72e2afe2c297,C7314,480.57,EUR,Delta,Dining,2026-07-26 10:26:06.386499,pending,NONE,CA,tablet,False
f23ed160-c7cb-4f88-88cd-c3bfefd2c295,C7641,208.08,EUR,Walmart,Travel,2026-06-28 10:26:06.386503,failed,E003,DE,mobile,True
2a095188-f934-4dac-a89b-75cbc776fdd3,C4752,35.37,JPY,Costco,Dining,2025-10-22 10:26:06.386506,success,NONE,JP,tablet,False
8dfbbe3e-b8d6-4185-a3b4-7b5140ead75d,C1611,296.66,JPY,Amazon,Travel,2025-10-07 10:26:06.386510,failed,E002,US,web,True
80a32f9b-9d46-44f6-bb27-f60468b3081c,C6754,317.93,JPY,Starbucks,Travel,2026-08-25 10:26:06.386514,success,NONE,UK,web,False
a74257f1-fb0e-4cf8-9b8d-bab3410eda88,C8429,285.1,JPY,Apple,Groceries,2026-05-31 10:26:06.386517,success,NONE,US,tablet,False
36c6c2bb-915e-46ce-a233-ebf07b9040bb,C8997,221.59,GBP,Starbucks,Dining,2026-02-23 10:26:06.386521,pending,NONE,CA,tablet,False
5567a698-36b7-49bf-892d-6964f061dda6,C7217,286.12,GBP,Walmart,Dining,2025-09-29 10:26:06.386525,failed,E002,UK,mobile,True
1abe2a3b-288d-481d-8620-7bf3887f53fb,C8442,270.91,JPY,Amazon,Electronics,2025-09-26 10:26:06.386528,success,NONE,FR,web,False
fdec548a-c532-4064-8260-44ab42c6161f,C9087,281.97,USD,Uber,Shopping,2026-02-10 10:26:06.386532,failed,NONE,FR,mobile,True
09eed989-1a14-41d5-9b6f-48feb09a3b78,C6965,88.06,GBP,Starbucks,Shopping,2026-03-28 10:26:06.386535,success,NONE,JP,web,False
0d106581-b4f8-4f1f-8052-b45595b3e7cc,C4063,14.55,USD,Costco,Groceries,2025-09-25 10:26:06.386539,pending,NONE,JP,mobile,False
4ca6dd6f-ffe2-4967-b22f-25fb9424e552,C2382,291.31,USD,Costco,Electronics,2026-08-25 10:26:06.386543,success,NONE,UK,tablet,False
f5f3ba9b-b8c3-46b2-948d-4be982e1411e,C9898,90.68,JPY,Uber,Groceries,2025-11-08 10:26:06.386546,failed,NONE,CA,mobile,True
f5bc18a0-7750-48b7-9c09-f239941cc079,C8402,442.27,GBP,Starbucks,Shopping,2026-05-30 10:26:06.386550,success,NONE,DE,web,False
64cde155-c25f-4e6d-a497-bb24667570a0,C2663,16.38,GBP,Amazon,Dining,2026-03-10 10:26:06.386553,pending,NONE,CA,tablet,False
6b4e6159-5f1f-4c40-a863-d2a2f1cf5a44,C3706,391.17,USD,Uber,Groceries,2026-06-30 10:26:06.386557,failed,E003,JP,tablet,True
c55b0c68-63fa-4370-b942-b5d780fb4053,C3210,243.54,USD,Uber,Electronics,2025-11-24 10:26:06.386561,failed,E003,CA,mobile,True
df67414d-06bc-48d3-ae25-44ee723cf446,C8701,21.03,EUR,Amazon,Dining,2026-05-22 10:26:06.386564,success,NONE,CA,web,False
9590aae1-6452-417a-9f67-a1b320a53671,C8956,470.65,USD,Costco,Dining,2026-08-22 10:26:06.386568,failed,E003,CA,mobile,True
c320d280-6c25-4e81-9307-05062db10450,C5326,470.15,GBP,Starbucks,Utilities,2026-05-23 10:26:06.386571,pending,NONE,FR,tablet,False
11236be3-6af0-4ba3-b006-4363d1895c2b,C8997,61.49,EUR,Target,Utilities,2026-08-24 10:26:06.386575,failed,E003,CA,tablet,True
f3761b81-0795-4c72-a97d-1cdf924b3488,C7884,285.95,JPY,Target,Travel,2025-12-15 10:26:06.386578,success,NONE,UK,web,False
9db44794-25b2-4f7f-b6a2-553a5906cded,C4094,54.51,USD,Amazon,Dining,2025-12-18 10:26:06.386582,success,NONE,US,tablet,False
02054541-9536-4aff-b893-5444f96cfcc9,C2100,459.68,USD,Uber,Dining,2026-02-26 10:26:06.386586,success,NONE,UK,tablet,False
556e93ed-d333-4b42-b04c-cb6973be4938,C4791,140.71,JPY,Uber,Shopping,2026-07-17 10:26:06.386589,failed,E003,US,web,True
6f4bd770-a8c9-455f-b77f-dd3652ef52b2,C6584,319.28,GBP,Target,Electronics,2026-06-03 10:26:06.386594,pending,NONE,CA,mobile,False
41256009-f58c-42e6-bf3e-eb5aa36f9579,C3608,367.39,JPY,Delta,Electronics,2025-12-25 10:26:06.386598,failed,E001,DE,web,True
a174306a-f960-4c7b-a16a-3193366e8b05,C2774,195.32,GBP,Target,Electronics,2026-04-24 10:26:06.386602,success,NONE,US,mobile,False
56a3f688-1f91-4437-92df-e4d590a0deca,C9361,274.61,EUR,Apple,Dining,2026-05-03 10:26:06.386605,pending,NONE,CA,mobile,False
104c7fba-6c98-4cf5-9f02-84a7554221b3,C5293,46.99,GBP,Costco,Electronics,2026-06-11 10:26:06.386609,success,NONE,CA,mobile,False
18d9dbc7-53fd-4432-bf79-077257a8e80f,C6389,406.11,EUR,Costco,Electronics,2025-12-08 10:26:06.386613,pending,NONE,DE,tablet,False
e3c5da5f-d98f-4baa-9720-734a8e877632,C2065,397.76,JPY,Target,Groceries,2025-09-29 10:26:06.386616,success,NONE,FR,web,False
04bb9497-ba70-4314-8553-eb5a8ab6c43b,C7527,246.48,GBP,Costco,Utilities,2026-06-24 10:26:06.386620,pending,NONE,JP,tablet,False
a88b4be3-b1d0-4372-a15d-51553586e099,C6067,281.71,GBP,Costco,Utilities,2026-07-04 10:26:06.386623,pending,NONE,DE,web,False
a3a58177-4a34-42cd-8dd8-abaf40a84d91,C5430,386.28,EUR,Target,Travel,2026-02-03 10:26:06.386628,pending,NONE,UK,tablet,False
0f75ea9b-15e3-4ace-a009-36a98aff034a,C1159,438.84,GBP,Apple,Dining,2025-09-24 10:26:06.386632,failed,E002,FR,web,True
cc8882cd-2e4a-4e9c-a909-84266c13b99a,C3642,394.5,JPY,Target,Electronics,2026-05-06 10:26:06.386635,failed,E001,CA,mobile,True
0106a673-ba6a-4eaa-a25e-748028266cb1,C1164,59.02,GBP,Target,Electronics,2026-06-07 10:26:06.386639,failed,E003,DE,tablet,True
698a9d7d-5999-4929-ba83-cef3c046b650,C1081,456.81,USD,Target,Shopping,2025-09-07 10:26:06.386643,success,NONE,CA,tablet,False
75b88620-bbb4-43b3-adab-99107f4445fb,C7938,66.5,USD,Target,Shopping,2025-09-09 10:26:06.386646,pending,NONE,UK,web,False
b6bf8ee8-ccc7-4ab0-bb8c-68cbcfe04c07,C6369,387.4,GBP,Starbucks,Electronics,2025-12-11 10:26:06.386650,failed,E002,UK,mobile,True
dbd14f19-3528-4909-8879-019316a3f6b6,C1410,292.52,EUR,Target,Electronics,2026-06-25 10:26:06.386653,success,NONE,FR,web,False
6a535212-48b0-4b6f-a1b5-89ccfa7f72cd,C1973,88.27,USD,Target,Groceries,2025-11-19 10:26:06.386657,success,NONE,US,tablet,False
9b07f29f-a305-4030-9d57-086b12555644,C1519,187.75,JPY,Starbucks,Groceries,2025-12-14 10:26:06.386661,pending,NONE,CA,tablet,False
af55078f-addd-4fbe-9a57-5653a095aede,C3280,118.21,GBP,Amazon,Utilities,2026-07-25 10:26:06.386665,success,NONE,UK,web,False
fdec0339-fb3c-4860-ba13-9877a3c1b635,C8449,407.23,JPY,Amazon,Travel,2026-04-24 10:26:06.386668,success,NONE,UK,tablet,False
6a26a66b-96e8-49fd-99a8-07af898c9e39,C3560,34.62,EUR,Costco,Dining,2026-06-26 10:26:06.386672,success,NONE,US,mobile,False
2480e1f4-dcab-4746-818e-0a049c6ed5d5,C4128,407.51,JPY,Starbucks,Shopping,2026-01-11 10:26:06.386675,failed,E002,FR,tablet,True
b76c34f6-4e26-4b24-9c6f-31fee40d05cf,C1092,288.5,GBP,Walmart,Shopping,2026-05-17 10:26:06.386679,failed,E003,CA,web,True
168ff5a4-aa91-4198-93e9-5a0d0689857c,C5099,191.13,EUR,Walmart,Travel,2026-01-06 10:26:06.386683,failed,E002,FR,web,True
8f6549e3-fd17-4bf5-80b9-499cd80aea5b,C4281,154.61,GBP,Apple,Groceries,2026-06-12 10:26:06.386686,success,NONE,UK,tablet,False
aac46ae4-d4ae-468d-915d-ab3cfc53d661,C6446,305.83,JPY,Starbucks,Shopping,2026-05-12 10:26:06.386690,failed,E001,JP,tablet,True
69560110-3bb2-4c2f-95ee-609ce37831b3,C7860,69.36,EUR,Amazon,Electronics,2026-06-27 10:26:06.386693,pending,NONE,US,web,False
aa0dcb95-a0c4-4f5f-a954-1dbc9fae79ad,C9052,342.16,GBP,Delta,Electronics,2026-05-02 10:26:06.386697,pending,NONE,JP,web,False
c2e22daf-1b2d-47ca-90e4-84b34419aae7,C9950,263.76,GBP,Apple,Groceries,2026-04-03 10:26:06.386700,failed,E001,UK,tablet,True
f90ae155-acb0-4a7f-9f3d-9a6faba0c800,C3658,450.94,JPY,Starbucks,Shopping,2026-08-05 10:26:06.386704,success,NONE,JP,tablet,False
adf8d231-b69a-43d5-ae4d-3278c3cbbc67,C9892,154.83,USD,Amazon,Groceries,2025-10-30 10:26:06.386707,failed,E003,US,tablet,True
045cf518-f176-478b-b727-b5e375829673,C7815,453.36,USD,Costco,Utilities,2025-11-11 10:26:06.386711,success,NONE,JP,mobile,False
aedcdc9f-6e2d-455d-a94f-f6e0e7651924,C7455,179.44,GBP,Uber,Electronics,2026-05-11 10:26:06.386715,success,NONE,JP,tablet,False
bfe9b8bb-7711-424b-a059-66572761273f,C4729,59.1,EUR,Costco,Electronics,2026-02-15 10:26:06.386718,failed,E002,FR,mobile,True
7e016b46-968e-42d9-81ac-842a9e39145c,C7676,79.49,GBP,Walmart,Shopping,2025-10-08 10:26:06.386722,pending,NONE,US,mobile,False
c24946fb-c84b-4d64-a95a-deda92841aba,C9221,405.44,GBP,Starbucks,Utilities,2026-01-28 10:26:06.386725,failed,E002,CA,tablet,True
0c30f23a-4b11-4a38-955c-a67bce23c34d,C6023,480.96,JPY,Costco,Shopping,2026-05-17 10:26:06.386729,failed,NONE,JP,mobile,True
bc9f9c1c-e083-4a99-b8e8-d88325ccfcae,C9065,366.05,USD,Apple,Groceries,2025-11-13 10:26:06.386733,pending,NONE,US,web,False
86b118b0-3636-4ab1-a23c-082c566813f1,C4047,385.28,EUR,Amazon,Groceries,2026-03-17 10:26:06.386736,pending,NONE,UK,mobile,False
b71cf7d1-4128-4ade-a27e-682d467b9ad6,C7020,247.12,GBP,Uber,Utilities,2026-05-24 10:26:06.386740,failed,E002,US,mobile,True
0c4ae4ce-af16-40c9-914b-2f20168ecff9,C4411,486.2,USD,Apple,Dining,2026-08-13 10:26:06.386743,pending,NONE,JP,mobile,False
e36c067e-0aa6-4281-bc10-09a13b33893f,C7074,149.64,USD,Target,Dining,2026-08-24 10:26:06.386747,success,NONE,DE,tablet,False
32db92d9-8b43-4144-9d90-cc3cd7c2f2f5,C8015,33.1,JPY,Starbucks,Dining,2026-04-06 10:26:06.386751,success,NONE,UK,web,False
43774977-f70e-456c-8ab4-51b0dae79b13,C3221,83.39,GBP,Walmart,Shopping,2025-12-04 10:26:06.386754,pending,NONE,UK,tablet,False
ced1c510-0e99-4c3c-8ea8-406f80370895,C4101,316.99,EUR,Uber,Groceries,2026-06-15 10:26:06.386758,failed,E002,UK,mobile,True
148e1829-b249-4bd7-bd52-924578b1ac19,C2773,232.33,EUR,Costco,Electronics,2025-09-19 10:26:06.386761,pending,NONE,US,mobile,False
dc035ca8-c918-4325-9b86-fbabf8c8c0b0,C6870,84.48,EUR,Amazon,Shopping,2026-05-22 10:26:06.386765,pending,NONE,US,web,False
ba59b1e9-2208-4655-b540-620c7edb4ae8,C9515,154.9,JPY,Delta,Travel,2025-11-04 10:26:06.386768,success,NONE,FR,tablet,False
278127b0-30a5-4e57-ae41-47882f936e96,C9702,307.12,GBP,Uber,Dining,2026-03-20 10:26:06.386773,success,NONE,FR,mobile,False
d1fc7b55-1332-4fc7-a10e-35ea1a8bae33,C5710,73.04,EUR,Amazon,Shopping,2026-05-05 10:26:06.386777,failed,E003,FR,tablet,True
57a794fe-0e8f-42b6-a712-7618485995d2,C7483,247.08,GBP,Amazon,Electronics,2026-01-10 10:26:06.386780,pending,NONE,JP,mobile,False
0422ffa0-075f-4e80-adf3-7fec0e637bca,C8986,322.04,EUR,Target,Shopping,2026-01-04 10:26:06.386784,success,NONE,DE,tablet,False
384efbf2-0b21-4d80-b276-2c974d80e539,C2332,121.0,EUR,Target,Groceries,2026-04-17 10:26:06.386787,pending,NONE,UK,mobile,False
cfa9e929-fc07-49f8-9ae4-48c607a290bb,C5254,327.95,EUR,Apple,Electronics,2026-04-05 10:26:06.386791,pending,NONE,JP,mobile,False
f81bcda1-9e5e-4cea-8027-fba982d90a8a,C2331,221.77,USD,Delta,Travel,2025-11-16 10:26:06.386794,pending,NONE,CA,web,False
1a68c5d2-f339-4c8e-ba9c-70772845222e,C6880,78.46,EUR,Amazon,Electronics,2026-08-26 10:26:06.386798,pending,NONE,CA,mobile,False
91ad04b2-c8b3-4e8d-a583-63e75b63a5c3,C6364,227.18,USD,Target,Dining,2026-04-04 10:26:06.386801,pending,NONE,UK,mobile,False
35938cf5-29aa-4186-a572-6005eb749918,C3311,149.05,USD,Starbucks,Dining,2025-11-15 10:26:06.386805,success,NONE,CA,tablet,False
5b6bab55-645a-498f-937c-0e5517919964,C3310,282.45,EUR,Walmart,Shopping,2026-06-27 10:26:06.386809,success,NONE,DE,tablet,False
8be1a89d-3137-493e-94ac-d05667b8459e,C5087,226.03,EUR,Delta,Utilities,2025-12-20 10:26:06.386812,success,NONE,CA,web,False
3859e8de-1951-4061-858c-2e0923d33157,C2862,238.92,JPY,Walmart,Groceries,2026-07-30 10:26:06.386816,pending,NONE,JP,web,False
5e96b30e-6bdc-473e-ba26-fbb2b1559e20,C8737,324.56,GBP,Walmart,Dining,2026-03-22 10:26:06.386819,success,NONE,UK,web,False
b77c13b3-ca0f-443d-a41c-3a6f00c1c68e,C1180,201.73,GBP,Delta,Dining,2026-01-26 10:26:06.386823,failed,E002,DE,web,True
b77795f9-5fb9-4a6a-a538-712b304ccb97,C1356,274.93,GBP,Apple,Dining,2025-10-13 10:26:06.386826,pending,NONE,US,web,False
354dcddc-6f37-49d5-9e46-628247f66258,C7146,111.97,JPY,Target,Groceries,2025-12-29 10:26:06.386830,pending,NONE,DE,tablet,False
a30be8c3-5141-4238-a69c-551df7a07b76,C6753,198.7,JPY,Delta,Electronics,2026-02-07 10:26:06.386833,success,NONE,JP,tablet,False
88e11719-f5ea-4c2c-862d-029f450c9b58,C5067,23.41,JPY,Delta,Travel,2025-09-10 10:26:06.386837,pending,NONE,CA,web,False
ccfeb665-7019-4b8c-b73a-cb7e2af1eb1b,C3832,84.23,USD,Delta,Groceries,2025-12-22 10:26:06.386842,pending,NONE,US,mobile,False
aea1db5d-2f13-47f7-b37e-6ee9c9fcf866,C8469,275.5,GBP,Starbucks,Shopping,2026-02-03 10:26:06.386845,failed,E003,US,web,True
4b11ac6d-e280-46b3-ba41-7d8b705204eb,C3893,431.67,GBP,Amazon,Electronics,2026-06-12 10:26:06.386849,success,NONE,DE,web,False
cb614c67-650a-45f7-a903-b94c42bd23a3,C6421,402.71,EUR,Uber,Shopping,2025-11-28 10:26:06.386852,success,NONE,DE,web,False
97b81401-aeb8-4ab8-b67d-e647f4dc4296,C6843,76.07,JPY,Walmart,Dining,2026-08-24 10:26:06.386856,failed,E001,CA,tablet,True
aa9676e4-bf4a-4113-9ef6-d0ff0ea2e65d,C3629,89.57,USD,Target,Utilities,2026-08-03 10:26:06.386860,failed,E001,DE,web,True
977ec4c5-1f23-4731-8935-5f0ff853181c,C2051,214.51,JPY,Walmart,Shopping,2025-12-17 10:26:06.386863,success,NONE,FR,mobile,False
769fe0f7-7f2f-4de3-b39f-d53b1bc0f6ab,C8954,365.33,JPY,Target,Groceries,2025-12-22 10:26:06.386867,pending,NONE,UK,web,False
79935076-3cfc-493f-9f01-8be769b9ad33,C4391,13.94,JPY,Uber,Utilities,2026-02-01 10:26:06.386871,failed,NONE,FR,mobile,True
42d893ef-e032-44bb-93d3-41dfd622fb1d,C8047,453.45,JPY,Walmart,Utilities,2026-01-01 10:26:06.386874,success,NONE,US,web,False
9e42a01b-b795-4ecb-989d-c63901a08a75,C3144,355.41,GBP,Walmart,Groceries,2026-08-11 10:26:06.386878,success,NONE,DE,web,False
ef308287-2e63-4e07-b5d4-3080847b0ddb,C5275,360.29,USD,Starbucks,Travel,2025-12-15 10:26:06.386881,pending,NONE,UK,tablet,False
358f912a-97a5-4ed2-9dbf-440700d59ac8,C7894,131.33,GBP,Apple,Shopping,2025-10-30 10:26:06.386885,failed,NONE,US,web,True
8c3e2f29-6203-4728-8098-f63627faa6cf,C4433,160.94,EUR,Walmart,Groceries,2026-08-06 10:26:06.386889,failed,E002,CA,web,True
9440b813-4306-4687-90c3-f6af0c79fbe1,C5083,490.25,USD,Amazon,Travel,2025-10-17 10:26:06.386892,failed,E001,US,mobile,True
5fe98610-b3d6-4478-b8c3-624cf7c6621d,C4651,298.73,GBP,Amazon,Utilities,2026-09-01 10:26:06.386896,failed,E003,UK,mobile,True
12799d28-ba2d-4660-9273-0e50ddbcf860,C7916,358.32,JPY,Walmart,Groceries,2025-09-22 10:26:06.386900,pending,NONE,CA,mobile,False
72c1df0a-9518-4da1-a7d5-33b43e460591,C8992,425.29,JPY,Starbucks,Travel,2026-04-02 10:26:06.386903,failed,E003,DE,mobile,True
5f121a83-8b7f-4d26-b938-890416456d57,C1000,39.22,USD,Apple,Travel,2025-10-26 10:26:06.386907,pending,NONE,JP,tablet,False
f7d4a333-aba0-414b-b148-bfff007e26d9,C4444,18.86,EUR,Walmart,Travel,2026-06-13 10:26:06.386911,pending,NONE,FR,mobile,False
35b10889-c190-4eab-a593-a600ce36628d,C7691,26.36,GBP,Amazon,Utilities,2025-10-18 10:26:06.386914,failed,E001,UK,tablet,True
9f793d4b-dec6-4da4-93a0-6cccb31cc4f8,C5696,331.59,GBP,Starbucks,Travel,2026-04-16 10:26:06.386919,success,NONE,CA,tablet,False
c76ba1f4-59b3-4f7a-8dd3-f6f42ae8a175,C8620,489.91,USD,Uber,Utilities,2026-02-15 10:26:06.386923,pending,NONE,FR,web,False
70b6000d-568a-4086-b8bb-9ee0b10f1534,C3374,131.76,GBP,Target,Groceries,2025-09-19 10:26:06.386926,pending,NONE,JP,tablet,False
fba08801-25ca-4868-9138-407fb4f1c19a,C6757,195.73,JPY,Target,Shopping,2025-10-04 10:26:06.386930,pending,NONE,JP,web,False
30bd2788-456e-4899-a2a0-d65f0c9e6ca1,C9466,420.82,GBP,Delta,Utilities,2026-01-29 10:26:06.386933,success,NONE,FR,web,False
db317be6-4832-4c1b-9823-ea3a3582c424,C6926,330.4,EUR,Amazon,Utilities,2026-04-13 10:26:06.386937,pending,NONE,FR,web,False
fa25a189-518e-4253-8d8a-3154f9f8092b,C2973,437.96,JPY,Costco,Electronics,2026-06-09 10:26:06.386940,success,NONE,US,mobile,False
e29a44de-34ec-41ce-981c-6574d25d822b,C4946,196.65,USD,Amazon,Electronics,2025-11-16 10:26:06.386944,failed,NONE,UK,mobile,True
3d92748e-cf15-44ae-a7ea-d5322f9da5fa,C7169,442.7,JPY,Walmart,Dining,2026-08-15 10:26:06.386948,success,NONE,DE,web,False
13493f55-dbf5-4042-9875-2c25ed201401,C6758,309.8,GBP,Target,Shopping,2025-10-09 10:26:06.386951,success,NONE,US,mobile,False
8683e4c3-fa5f-4905-9b22-f18dcdb33db8,C1317,78.67,USD,Starbucks,Dining,2026-08-08 10:26:06.386955,success,NONE,UK,web,False
f991782f-56a2-46e0-9d71-4b58902e497b,C2460,497.96,USD,Costco,Electronics,2026-01-12 10:26:06.386959,failed,E003,US,mobile,True
d8bd0f5a-b518-410e-8ff1-7843a2fb7668,C8384,370.6,JPY,Delta,Groceries,2025-11-12 10:26:06.386963,failed,E002,JP,web,True
a46a5998-2510-4598-9015-9ff593ee9a13,C1320,477.14,EUR,Delta,Groceries,2025-12-17 10:26:06.386966,failed,E003,DE,tablet,True
f904d2e7-a888-4a01-a07e-3ec792e14c27,C8340,35.4,USD,Amazon,Shopping,2026-05-10 10:26:06.386970,failed,E001,FR,tablet,True
9f421006-8a32-414a-bdb9-960869110b64,C1750,455.33,USD,Target,Utilities,2025-12-08 10:26:06.386974,pending,NONE,UK,mobile,False
1b65a19f-8c6f-418a-93ab-1d58a36f326f,C9261,360.19,JPY,Amazon,Dining,2026-07-30 10:26:06.386977,success,NONE,JP,web,False
a1041a07-d50a-4b92-826e-a830d7ff00ee,C8631,147.16,JPY,Delta,Shopping,2026-07-01 10:26:06.386981,pending,NONE,FR,web,False
d085716c-7944-4631-9eb0-fd3e64f8f8ab,C8229,373.94,JPY,Delta,Utilities,2025-09-22 10:26:06.386984,failed,E001,JP,tablet,True
fdc01d9f-3b0e-403f-9a6c-d48bbe5d04f2,C8878,195.61,JPY,Costco,Travel,2026-07-29 10:26:06.386988,pending,NONE,FR,web,False
0642ab9c-b2d0-48b9-96b0-44e42d33c346,C9593,40.85,JPY,Walmart,Travel,2026-02-19 10:26:06.386992,pending,NONE,CA,mobile,False
92737c25-50ae-4bb6-bc10-b8f1ab5ac4bf,C8344,471.11,GBP,Apple,Utilities,2025-10-10 10:26:06.386995,success,NONE,FR,tablet,False
c0fe2bd6-9970-4d07-8884-2b9b6bd633a0,C7249,292.49,GBP,Walmart,Shopping,2026-08-28 10:26:06.386999,pending,NONE,US,tablet,False
f62ef8fd-124d-4fc0-8c15-7c1070917bb8,C8873,391.78,USD,Costco,Travel,2026-08-04 10:26:06.387002,success,NONE,JP,web,False
dcd69810-2a5b-4709-8ca6-c90625a1e2cf,C5486,407.06,USD,Delta,Dining,2025-10-26 10:26:06.387006,success,NONE,UK,mobile,False
f0023516-46ec-479b-940c-4f9fa909c8f0,C6859,17.81,EUR,Apple,Groceries,2026-06-01 10:26:06.387009,pending,NONE,JP,web,False
691eddb5-9d71-4a22-8e03-fa0b968b7e48,C1566,188.43,EUR,Starbucks,Utilities,2025-09-24 10:26:06.387013,failed,E003,UK,mobile,True
7b44cb34-23d6-436d-ad0c-9917fe0ec8e0,C1986,74.06,JPY,Delta,Shopping,2025-09-12 10:26:06.387016,pending,NONE,US,mobile,False
e100988d-5a92-4935-9293-81c232f782e0,C4029,454.87,EUR,Starbucks,Utilities,2026-04-19 10:26:06.387020,pending,NONE,JP,web,False
37259e63-17e4-418f-9762-eabc94d1d03d,C2742,245.97,JPY,Uber,Utilities,2025-11-05 10:26:06.387023,pending,NONE,CA,web,False
4e56e17e-1dd7-40c4-98ae-9c1e62c618ac,C1827,348.02,GBP,Walmart,Electronics,2025-10-10 10:26:06.387027,pending,NONE,US,tablet,False
534c8f8a-26c7-4798-800b-03c4a4577c5d,C8110,212.69,GBP,Starbucks,Shopping,2026-07-20 10:26:06.387030,success,NONE,US,web,False
5ffdb78d-d262-43e5-ba7c-48763a547986,C3304,436.43,GBP,Costco,Electronics,2026-01-23 10:26:06.387034,success,NONE,CA,mobile,False
1815bfab-82c7-4c09-a591-496ce640d569,C1326,302.02,JPY,Uber,Shopping,2026-02-11 10:26:06.387038,failed,E002,DE,web,True
903ebe69-9f86-4c94-8a6c-778f21ecfda4,C7000,124.31,JPY,Apple,Travel,2025-10-13 10:26:06.387041,failed,E002,CA,mobile,True
a25cbdff-f6a6-4b93-af9a-d6adea0b33f4,C6019,404.34,USD,Delta,Dining,2025-11-22 10:26:06.387045,pending,NONE,CA,tablet,False
a03df3f1-a746-4ee8-8370-8c4dd02d2eb9,C8369,368.74,GBP,Amazon,Groceries,2026-07-01 10:26:06.387048,failed,NONE,US,web,True
1bab6b17-7fd6-46b0-a2d1-4ee31f922d4c,C5839,265.23,JPY,Amazon,Shopping,2026-01-05 10:26:06.387052,failed,E002,FR,tablet,True
b237a2ee-280f-4923-8b83-1494a11970e2,C9161,179.99,USD,Amazon,Electronics,2026-07-22 10:26:06.387056,pending,NONE,UK,web,False
2e041e6c-d9c2-40b5-a59e-86f06d95fafc,C4248,44.83,GBP,Starbucks,Shopping,2026-06-21 10:26:06.387059,failed,E002,CA,tablet,True
67b6eb04-e29e-479b-a243-2d88f353bb6e,C1312,395.08,JPY,Starbucks,Shopping,2025-11-16 10:26:06.387064,pending,NONE,FR,web,False
b257ec84-1790-4818-944d-08448075f471,C5490,260.39,GBP,Delta,Utilities,2026-02-11 10:26:06.387068,pending,NONE,DE,tablet,False
d192f8b1-e2ea-41cc-b956-f400fb7a8b54,C4751,267.35,GBP,Target,Travel,2026-03-09 10:26:06.387071,pending,NONE,CA,mobile,False
ff2ebee2-c7ec-441d-91bc-2466c3a8ca01,C5433,411.56,USD,Delta,Electronics,2026-06-14 10:26:06.387075,failed,E001,JP,tablet,True
60c2965c-2b59-4293-b708-0b46c512e22c,C8462,286.66,JPY,Amazon,Electronics,2026-01-01 10:26:06.387079,failed,E001,FR,tablet,True
6eca9e02-aaaf-4fbb-ac6c-0edd25eede37,C4608,332.45,USD,Target,Electronics,2026-08-17 10:26:06.387082,pending,NONE,DE,tablet,False
143d24dd-5f0a-458f-a519-70d704b2d064,C9108,316.01,GBP,Walmart,Shopping,2026-01-17 10:26:06.387087,success,NONE,JP,tablet,False
2f3d7bd0-79a8-4ae5-8ab6-fcf52149d295,C8644,146.04,GBP,Delta,Shopping,2026-02-25 10:26:06.387091,success,NONE,JP,web,False
58840da1-4587-434d-866a-2f0f167cdd14,C6746,469.58,JPY,Apple,Dining,2026-06-14 10:26:06.387094,success,NONE,UK,web,False
dc3b74b8-66b5-4a05-ac65-e532105535d3,C6946,324.87,GBP,Costco,Travel,2026-06-26 10:26:06.387098,success,NONE,US,tablet,False
2350cd40-aa0a-4450-bfa4-dbf779c0db61,C5597,295.44,USD,Uber,Travel,2026-07-29 10:26:06.387101,success,NONE,FR,tablet,False
54c13d9d-9c5b-43a8-9747-9c5f56592eae,C7184,48.37,GBP,Apple,Utilities,2025-10-12 10:26:06.387105,success,NONE,JP,mobile,False
948980d6-a41f-42b6-9f1a-e1b986d4d60d,C5101,403.04,JPY,Uber,Groceries,2026-08-25 10:26:06.387109,pending,NONE,US,tablet,False
7cd590b0-94b8-4733-b80f-e706bb6032ae,C8037,169.26,JPY,Starbucks,Shopping,2025-11-16 10:26:06.387112,pending,NONE,JP,mobile,False
9e98f047-6802-455a-b8c4-15be1aa8ce61,C8124,421.71,EUR,Costco,Utilities,2025-12-12 10:26:06.387116,failed,E001,CA,tablet,True
c678405f-b99f-415a-9660-b2454f0c2c94,C7985,35.74,JPY,Uber,Dining,2025-10-12 10:26:06.387119,pending,NONE,US,web,False
689ab8b1-9e3d-42a0-aa43-a9ae34c03e93,C2651,155.76,GBP,Uber,Travel,2025-10-14 10:26:06.387123,failed,E002,JP,web,True
07688b5f-3535-4da9-823c-f01593eeda16,C4744,475.9,EUR,Apple,Shopping,2025-12-30 10:26:06.387126,pending,NONE,DE,mobile,False
8be67b1b-5255-406b-afcf-89c58a3ab88e,C5933,10.39,GBP,Walmart,Utilities,2026-08-30 10:26:06.387130,failed,E001,CA,tablet,True
367153af-bfcd-4ee7-9b7e-4b72a647292b,C3175,449.74,GBP,Walmart,Electronics,2026-05-02 10:26:06.387134,pending,NONE,FR,mobile,False
75e05d0a-d5c9-4b00-9ba1-18a4650e29d7,C1138,91.3,EUR,Amazon,Travel,2025-11-30 10:26:06.387137,pending,NONE,FR,web,False
f93629e7-8151-4929-bbec-7cf021f2f0dd,C1588,479.31,JPY,Target,Travel,2026-01-20 10:26:06.387141,pending,NONE,UK,web,False
d4b82cf9-3951-4b92-b823-3ba5fd97270b,C7213,314.75,GBP,Amazon,Electronics,2026-01-15 10:26:06.387144,pending,NONE,FR,web,False
6af38dd1-f3c3-4847-9057-60ba1cb9893a,C6394,457.67,USD,Delta,Travel,2025-12-16 10:26:06.387148,success,NONE,UK,mobile,False
9d690d98-78ef-4e98-82f3-08c274bf9661,C1837,299.0,EUR,Amazon,Dining,2025-09-27 10:26:06.387152,pending,NONE,FR,web,False
4c22dd0f-4beb-46cb-9519-33e480e70d69,C2174,166.49,EUR,Walmart,Utilities,2026-06-10 10:26:06.387155,success,NONE,JP,mobile,False
fbbba7e7-fb02-4078-8fa8-f8ca0c009ef7,C5876,490.6,GBP,Apple,Travel,2025-10-28 10:26:06.387159,success,NONE,DE,mobile,False
7f75648f-28dd-462a-a61e-fe4cc977c791,C9713,336.58,GBP,Apple,Dining,2026-03-04 10:26:06.387162,pending,NONE,JP,tablet,False
86430580-245f-4a66-b362-900c76aba079,C9243,235.36,JPY,Apple,Utilities,2026-07-31 10:26:06.387166,success,NONE,DE,tablet,False
87a155fa-05c4-478e-a9aa-22c1e1a9463b,C5307,246.82,GBP,Walmart,Shopping,2025-11-30 10:26:06.387170,failed,E002,CA,tablet,True
01d0eda8-0ea5-48a8-9346-9933ad6a5012,C7794,12.56,JPY,Walmart,Utilities,2026-07-31 10:26:06.387173,failed,NONE,FR,web,True
ac58c20f-12c1-41f9-8491-0250a1abdd96,C2689,226.22,GBP,Amazon,Groceries,2026-08-13 10:26:06.387177,failed,E002,DE,mobile,True
fd95d91e-40f6-4ff4-aa63-bd2ebf16ac85,C5275,196.76,USD,Amazon,Electronics,2025-11-24 10:26:06.387181,failed,E001,UK,web,True
8bb9b04b-bd71-4e6d-bd05-530205f18c0a,C3761,336.01,EUR,Costco,Shopping,2026-01-14 10:26:06.387184,pending,NONE,FR,tablet,False
06e45d8d-a88f-4a9c-a7dc-61957f01be4f,C5531,165.55,GBP,Starbucks,Utilities,2026-07-14 10:26:06.387188,success,NONE,CA,mobile,False
5a99dac6-cb92-452a-ac0b-c4af91688c4a,C5000,124.04,JPY,Target,Dining,2026-04-03 10:26:06.387191,pending,NONE,JP,tablet,False
0c1f75e7-59cd-4e03-b4cd-7a5e4bda26a5,C3733,488.79,JPY,Delta,Dining,2025-10-10 10:26:06.387195,success,NONE,CA,tablet,False
c1a98ae8-a123-4cbe-9fa2-f6f00dfc1d62,C3154,64.12,USD,Target,Electronics,2025-12-31 10:26:06.387198,success,NONE,UK,tablet,False
ffb5f5ca-7b74-4e7e-bf66-4ff558a673e7,C6892,85.38,JPY,Uber,Dining,2026-08-26 10:26:06.387203,pending,NONE,DE,web,False
5ae08b5c-5fc9-43ca-9932-e5f1e6d8b28d,C9467,427.38,USD,Amazon,Travel,2026-05-21 10:26:06.387207,pending,NONE,UK,mobile,False
1f95c130-218b-4fa7-8e38-2e8152408abc,C1541,488.18,USD,Target,Utilities,2026-06-06 10:26:06.387211,success,NONE,UK,mobile,False
15d1cad5-573b-4a5c-b49c-a5e97853c86e,C4620,20.16,USD,Target,Travel,2026-05-08 10:26:06.387215,success,NONE,US,mobile,False
3646989e-4af0-4e88-bd24-05308a96fcaf,C1606,10.4,EUR,Starbucks,Groceries,2026-06-14 10:26:06.387219,success,NONE,UK,mobile,False
f6b354d3-a549-4948-8490-eee8a492e373,C6196,374.42,JPY,Walmart,Electronics,2026-05-26 10:26:06.387223,failed,NONE,DE,tablet,True
53a69f6b-f95c-4a0f-9cf0-f11308f72506,C2246,260.89,GBP,Target,Utilities,2026-02-03 10:26:06.387226,failed,E001,FR,tablet,True
ba130288-af53-44cc-aefe-b28708e04ccf,C8025,110.83,USD,Walmart,Travel,2026-04-05 10:26:06.387230,failed,E002,FR,tablet,True
f134aaae-48bc-4f3a-960c-6b66f11ee197,C5519,418.22,EUR,Amazon,Groceries,2026-01-02 10:26:06.387233,pending,NONE,DE,mobile,False
180d4b07-f29c-4918-a12e-da589134f3a3,C5403,384.43,JPY,Target,Dining,2026-05-14 10:26:06.387237,success,NONE,UK,web,False
4a5910fd-992f-4f0d-8eb3-fcd2fa34e786,C5605,175.53,EUR,Amazon,Dining,2025-09-26 10:26:06.387241,success,NONE,US,mobile,False
157fcc54-d011-4b88-8342-9d2cb380bec3,C2885,206.09,GBP,Costco,Groceries,2026-02-12 10:26:06.387244,pending,NONE,JP,web,False
fe982805-a0d5-447e-b566-096ddca11422,C2388,171.32,USD,Delta,Electronics,2025-10-16 10:26:06.387248,success,NONE,CA,web,False
1ee9eb5f-94b9-4fed-94cb-a573e4a6f55f,C9077,118.18,JPY,Target,Groceries,2026-01-10 10:26:06.387251,success,NONE,CA,tablet,False
f8cfde5e-3465-4bde-8402-d873e84d70e8,C1820,460.01,JPY,Apple,Dining,2026-02-16 10:26:06.387255,pending,NONE,US,tablet,False
2c4c8eef-beeb-48b6-b1aa-7e63cb885e3d,C4364,181.41,EUR,Amazon,Electronics,2025-12-13 10:26:06.387259,pending,NONE,CA,mobile,False
b83ba494-d476-4a62-897d-4885a08ce095,C4055,123.19,GBP,Amazon,Shopping,2025-11-25 10:26:06.387263,failed,NONE,FR,web,True
9296667d-8d95-4fb8-890f-76898b9c8bb7,C6945,356.34,EUR,Delta,Dining,2026-03-29 10:26:06.387266,failed,NONE,US,tablet,True
166103a3-feb7-4c83-ad47-b5ab0f88c1f5,C3178,7.21,GBP,Target,Dining,2025-09-10 10:26:06.387270,failed,E001,UK,tablet,True
74992bb2-32dd-409f-b795-269e1e022664,C7506,277.38,EUR,Costco,Utilities,2025-10-30 10:26:06.387274,failed,E001,JP,web,True
78c9eab2-6721-44ad-a537-ba2717fba2db,C5418,276.02,USD,Apple,Shopping,2026-01-16 10:26:06.387277,success,NONE,JP,mobile,False
fadb21ad-0bbb-4638-8f3a-a7ff439d6872,C5415,219.16,EUR,Starbucks,Shopping,2026-05-19 10:26:06.387281,success,NONE,US,tablet,False
81d6c7fd-7dee-4f79-a7ad-bc383ef61c4d,C1836,40.92,USD,Amazon,Electronics,2026-08-05 10:26:06.387284,pending,NONE,JP,mobile,False
52876471-0ede-4d0d-8448-4f580c1caf5f,C5772,184.66,GBP,Starbucks,Dining,2026-07-16 10:26:06.387288,pending,NONE,CA,web,False
b597bcde-3690-4e9b-8785-45c1f3c5dfa5,C4335,49.31,JPY,Delta,Shopping,2025-10-04 10:26:06.387291,pending,NONE,FR,mobile,False
c37fb588-af37-48aa-90df-250ccce7fc5f,C2939,265.59,JPY,Delta,Utilities,2025-11-15 10:26:06.387295,failed,E001,CA,web,True
ccc5a4f3-a937-469c-8c8b-39371fa02518,C3985,323.67,GBP,Delta,Travel,2025-11-25 10:26:06.387299,success,NONE,CA,web,False
1f812879-e268-42fe-af9d-b336baaf9e76,C6611,231.93,JPY,Apple,Dining,2025-11-14 10:26:06.387303,pending,NONE,US,mobile,False
872857f1-1eae-4425-af91-a50b2af296e7,C2881,56.27,EUR,Costco,Groceries,2025-11-10 10:26:06.387306,failed,E003,US,mobile,True
c03b4c9d-6a62-43dd-b6d9-77d8145b0993,C7972,484.96,USD,Amazon,Travel,2026-08-17 10:26:06.387310,success,NONE,FR,mobile,False
37591e93-17e1-47a1-93ff-7452b111e829,C7660,12.17,USD,Amazon,Groceries,2026-05-29 10:26:06.387313,success,NONE,FR,mobile,False
9f7aed9d-5560-4d80-972e-1fd8ddd12b10,C8417,260.73,USD,Target,Groceries,2025-10-01 10:26:06.387317,failed,NONE,DE,web,True
405d27d0-39b2-43fa-a139-b51f13797758,C7645,443.7,USD,Delta,Travel,2026-03-24 10:26:06.387320,pending,NONE,CA,web,False
b9f9cd52-22f2-40ad-89c7-75b1778aa885,C4597,103.0,GBP,Amazon,Electronics,2026-01-04 10:26:06.387324,failed,E001,UK,tablet,True
7f212dff-5a9b-46fa-ac62-176676b65898,C6214,56.77,USD,Uber,Travel,2025-09-16 10:26:06.387327,success,NONE,JP,mobile,False
370a3454-1324-4349-9a7b-4aed72b79d3f,C9586,476.43,GBP,Delta,Electronics,2026-05-24 10:26:06.387331,success,NONE,US,tablet,False
872344f4-bbb9-4721-a4c7-50dbf65c8f7b,C5782,171.13,JPY,Walmart,Utilities,2026-03-22 10:26:06.387335,pending,NONE,JP,web,False
dce52500-afbf-4c6d-b9ad-9e992580caca,C3549,244.91,USD,Delta,Shopping,2026-02-28 10:26:06.387338,success,NONE,JP,mobile,False
f4f02567-1f20-4d70-9ffe-ca5c69ad58e5,C8281,49.98,JPY,Uber,Shopping,2026-06-05 10:26:06.387342,pending,NONE,DE,mobile,False
dffbd4b2-6ca9-4def-a066-7cb50c52a6c6,C6803,247.53,GBP,Delta,Electronics,2025-10-23 10:26:06.387345,success,NONE,FR,web,False
a94d6e47-2853-4125-9361-27eda556c69f,C7214,314.2,GBP,Uber,Electronics,2025-11-29 10:26:06.387349,pending,NONE,JP,mobile,False
3caed2dd-7fa6-4389-9fda-32912ba8e62d,C6064,126.98,EUR,Costco,Shopping,2026-02-28 10:26:06.387352,pending,NONE,US,web,False
2f0b7b16-bcfb-4b7e-b908-205e401f7f37,C1921,222.01,JPY,Target,Groceries,2026-07-13 10:26:06.387357,pending,NONE,JP,web,False
ab3a146d-d49f-405f-b897-e6bfd614ea31,C7752,215.4,JPY,Walmart,Utilities,2026-04-28 10:26:06.387361,success,NONE,JP,web,False
d3fd392e-2538-450b-880d-bf5005ec3244,C6367,226.44,GBP,Amazon,Travel,2026-07-19 10:26:06.387364,failed,E001,DE,mobile,True
8ef01d5d-8a57-41c9-bd50-80b370b3b448,C5582,455.56,USD,Apple,Shopping,2026-04-04 10:26:06.387368,failed,E003,DE,mobile,True
8ee7d9e7-1478-42f1-95cc-5ccd6ee456dc,C5741,139.96,GBP,Amazon,Utilities,2026-05-12 10:26:06.387371,pending,NONE,CA,tablet,False
6d346d55-4589-49e1-b544-5f446eb52af8,C4599,257.03,EUR,Apple,Shopping,2025-12-24 10:26:06.387375,success,NONE,JP,web,False
e5b76707-3bc2-4dc3-8530-d61f4f937f15,C2795,72.01,JPY,Amazon,Shopping,2025-09-29 10:26:06.387379,failed,E003,UK,tablet,True
0c35fda1-c16f-4c25-a4d9-7968a4ecf110,C3774,115.06,USD,Delta,Groceries,2026-07-09 10:26:06.387382,success,NONE,JP,mobile,False
1e09a545-1060-4973-9174-b419402d6dc1,C6459,168.28,USD,Delta,Groceries,2026-01-11 10:26:06.387386,success,NONE,UK,mobile,False
1181c3ea-a443-4535-b1e4-10e627de5aed,C7380,403.82,EUR,Walmart,Groceries,2026-03-15 10:26:06.387389,failed,NONE,CA,tablet,True
d9f93a02-fa6d-447a-bc7e-5ea4c059fd39,C9146,158.01,EUR,Amazon,Travel,2025-11-15 10:26:06.387393,failed,NONE,JP,tablet,True
30473d36-0911-4a5b-848a-9ddd00932b10,C4592,458.84,USD,Walmart,Electronics,2026-06-18 10:26:06.387396,success,NONE,DE,web,False
5c67b395-72b5-44f3-814b-03ec8a0e660f,C3747,147.02,JPY,Target,Electronics,2025-12-23 10:26:06.387400,success,NONE,UK,tablet,False
259c95ca-2f4f-452d-9cb6-8e54328b602f,C2549,285.32,GBP,Amazon,Utilities,2025-09-10 10:26:06.387403,pending,NONE,FR,tablet,False
24025a40-2be8-4789-8f54-9e624c25ee56,C7229,474.73,GBP,Starbucks,Dining,2026-02-07 10:26:06.387407,pending,NONE,CA,mobile,False
590ccbde-6ed0-4bd6-977c-fdd9622262a3,C5855,88.63,EUR,Apple,Shopping,2025-10-18 10:26:06.387411,pending,NONE,JP,mobile,False
9b5e2257-4d89-4f21-a6f5-fdf046ff2dda,C3793,168.14,GBP,Starbucks,Groceries,2026-01-18 10:26:06.387415,success,NONE,DE,web,False
4e86985e-dfa9-43eb-ac80-79abc88cf76c,C7053,351.02,EUR,Starbucks,Electronics,2026-03-19 10:26:06.387418,pending,NONE,DE,web,False
d11f8365-2fff-4bca-b9c0-3ebc2f2a835b,C3771,17.99,USD,Costco,Electronics,2026-03-14 10:26:06.387421,success,NONE,CA,web,False
e6c84549-b838-4de3-ad93-5709eb414231,C3084,292.7,USD,Delta,Travel,2026-04-10 10:26:06.387425,pending,NONE,JP,web,False
8cd7a237-f26b-4bbb-827e-5b408ee5ff33,C1310,209.06,EUR,Amazon,Shopping,2025-10-19 10:26:06.387429,pending,NONE,FR,web,False
9af93a70-e53e-4712-9008-c111b5acf6a0,C7230,37.5,EUR,Apple,Shopping,2025-12-12 10:26:06.387432,failed,E002,FR,tablet,True
c472b6b0-ca4a-49fd-8d7d-50b5b38742ef,C6306,172.95,EUR,Starbucks,Utilities,2026-01-16 10:26:06.387436,pending,NONE,US,web,False
bd54e514-0d48-4e95-ac22-9324867e12a4,C7301,81.41,JPY,Target,Shopping,2025-10-27 10:26:06.387440,failed,E003,CA,mobile,True
5d215396-0b46-447b-95e0-0f9b18cd58c1,C3394,435.47,JPY,Amazon,Travel,2026-06-05 10:26:06.387443,failed,NONE,FR,mobile,True
23392c95-8716-4b89-a311-3ca974415f96,C2013,316.55,EUR,Starbucks,Shopping,2026-06-20 10:26:06.387447,failed,NONE,CA,tablet,True
a58c4098-4424-4705-a297-783a9d30b987,C6794,130.79,JPY,Delta,Travel,2025-10-06 10:26:06.387451,success,NONE,JP,web,False
d04a5a51-36b6-4dad-a681-22be8d9abeef,C7196,70.73,JPY,Delta,Travel,2026-04-24 10:26:06.387454,failed,E001,JP,mobile,True
8782cb6e-97ce-4eb0-a6d0-8105aa145714,C3468,34.21,USD,Target,Groceries,2025-12-14 10:26:06.387458,pending,NONE,US,tablet,False
d0458748-3400-4cf5-8be5-b2f5317cf946,C1883,457.26,JPY,Apple,Dining,2025-11-28 10:26:06.387462,failed,E002,FR,web,True
f7638736-91c2-4c04-93ec-9040ce7d65e2,C5210,464.3,JPY,Target,Travel,2026-03-26 10:26:06.387465,failed,NONE,FR,mobile,True
68b9a247-4c62-413d-8cc9-96e095e29125,C5640,95.14,USD,Uber,Groceries,2025-09-30 10:26:06.387469,pending,NONE,UK,web,False
bb12c7bb-620e-461c-a966-7391f09f8ce9,C2621,218.31,JPY,Target,Dining,2026-03-25 10:26:06.387473,pending,NONE,UK,mobile,False
9783fa22-917d-458d-9703-e122a7b84b95,C1535,408.79,EUR,Target,Dining,2026-07-19 10:26:06.387476,pending,NONE,FR,mobile,False
c34447fe-6445-4174-be1a-ce75bdca6df6,C6503,20.08,USD,Starbucks,Electronics,2025-09-05 10:26:06.387480,failed,E002,FR,tablet,True
3ca3d8a7-b9f6-485f-9af8-752349c7f917,C2368,499.05,JPY,Target,Travel,2026-04-11 10:26:06.387483,pending,NONE,FR,mobile,False
f14d2431-8039-4108-b70b-efcf0e424d0e,C8124,285.11,USD,Walmart,Electronics,2025-11-05 10:26:06.387487,failed,E001,UK,mobile,True
a17f3b07-2847-4589-954e-d68569207e3c,C1098,266.57,EUR,Walmart,Utilities,2025-12-05 10:26:06.387490,pending,NONE,US,web,False
0edca0ff-a9c0-4014-93aa-52ebbaa736bb,C1844,369.58,GBP,Uber,Utilities,2026-07-05 10:26:06.387494,failed,E003,DE,mobile,True
f43a2d6e-b128-450e-a6ab-a732da9b2096,C4413,429.91,GBP,Apple,Utilities,2026-06-18 10:26:06.387498,failed,E003,DE,tablet,True
b7e1a9d3-24dc-4614-8a39-b5bd3258808b,C8124,252.16,GBP,Starbucks,Utilities,2026-05-14 10:26:06.387502,success,NONE,FR,tablet,False
abaf1de4-556b-4f4d-aac9-b040f24f60bd,C7513,325.25,USD,Walmart,Travel,2025-09-25 10:26:06.387506,failed,NONE,CA,mobile,True
27be4620-fb50-4270-8336-8c2f2107f4fe,C1885,294.25,USD,Apple,Shopping,2026-01-26 10:26:06.387510,failed,E001,DE,tablet,True
4791d31a-bbd2-4116-9216-447244bcfa7c,C7393,214.13,USD,Starbucks,Utilities,2025-10-14 10:26:06.387513,failed,E002,US,mobile,True
02f6c438-2b86-4591-844d-fe888adf4962,C1097,187.92,USD,Walmart,Groceries,2025-09-03 10:26:06.387517,failed,NONE,US,mobile,True
f95fef20-540b-4980-b0f9-b1a4d109bb1e,C9306,170.5,EUR,Uber,Electronics,2026-04-02 10:26:06.387521,success,NONE,FR,web,False
6a4ddbff-6831-4aad-8ffd-fb99fecf3e0c,C5599,95.54,JPY,Walmart,Dining,2026-04-06 10:26:06.387524,failed,E002,US,tablet,True
8635a58e-d60b-41be-b05b-3346dcdaa47f,C1491,293.37,EUR,Apple,Groceries,2026-03-12 10:26:06.387528,success,NONE,UK,mobile,False
49e36b33-10ba-4a17-a8d6-1c5f2803c049,C5378,396.77,EUR,Starbucks,Groceries,2025-09-06 10:26:06.387531,failed,E003,US,tablet,True
0f103356-8ce2-420f-b81c-6837502a6ed9,C2311,358.71,JPY,Target,Electronics,2026-03-25 10:26:06.387535,failed,E002,JP,web,True
c1047e68-5984-406c-89bf-9f9eed4fddff,C6315,486.51,GBP,Delta,Electronics,2026-07-03 10:26:06.387539,success,NONE,UK,web,False
b9f2117b-e486-4394-824f-c5a609eb41d5,C7558,136.63,EUR,Walmart,Utilities,2026-04-20 10:26:06.387542,failed,E003,FR,mobile,True
adabf358-7461-4093-88eb-bff76c45e090,C1748,64.51,GBP,Costco,Electronics,2025-11-06 10:26:06.387546,pending,NONE,FR,mobile,False
360e5120-5edb-436c-8b53-9de4482a2dd5,C8211,103.27,USD,Costco,Shopping,2025-12-20 10:26:06.387550,success,NONE,UK,web,False
28d5e3d4-0018-4421-8f3c-e797d6ba5241,C9386,158.55,USD,Walmart,Utilities,2026-01-18 10:26:06.387553,failed,E003,US,tablet,True
f5c6eda8-c1e3-499e-950d-c31f89c458fb,C1386,82.15,GBP,Apple,Shopping,2026-02-24 10:26:06.387557,success,NONE,UK,mobile,False
a2c20a19-828f-4172-b695-fd9c6e52cd84,C2125,292.53,GBP,Uber,Electronics,2025-11-30 10:26:06.387561,success,NONE,US,mobile,False
90763a75-fd1e-4784-9f95-15e47ecb83fc,C5276,270.62,JPY,Delta,Travel,2025-11-17 10:26:06.387564,failed,E003,US,web,True
cd9a491b-8c55-4b3f-9332-8d45ff631926,C2507,446.46,USD,Delta,Utilities,2026-07-08 10:26:06.387568,pending,NONE,CA,web,False
2d188bf0-98d3-4bd1-b09e-c0ba5fe54595,C9266,258.84,EUR,Amazon,Utilities,2026-02-08 10:26:06.387573,failed,NONE,UK,mobile,True
12232c6a-a471-4e43-a430-a1ce1cc17d48,C4003,432.27,GBP,Target,Shopping,2025-10-30 10:26:06.387577,pending,NONE,DE,tablet,False
563c97e1-8641-4e33-bb9d-f7b25f256667,C7321,29.4,GBP,Uber,Groceries,2025-09-22 10:26:06.387582,failed,NONE,US,mobile,True
591adf2c-7f53-4150-ad85-d97fbae47b64,C6743,462.69,JPY,Uber,Travel,2026-01-23 10:26:06.387585,success,NONE,JP,mobile,False
5d8d656a-cce1-44b3-b76c-99b6ff33ea6c,C4223,478.37,USD,Delta,Groceries,2025-12-30 10:26:06.387590,success,NONE,US,mobile,False
d8b1a50d-7f46-4b50-b6ab-4e3751eb982c,C2860,218.26,USD,Starbucks,Utilities,2025-09-02 10:26:06.387593,pending,NONE,FR,tablet,False
276909ba-aad5-450d-80b4-0331bc9b31bb,C9313,17.19,GBP,Starbucks,Electronics,2026-01-10 10:26:06.387597,success,NONE,CA,mobile,False
895148a7-8e59-420f-bf3c-78deac88aa3a,C9313,145.01,GBP,Apple,Electronics,2025-09-06 10:26:06.387601,failed,E003,FR,tablet,True
5d7bbe02-13e7-4eb3-97c3-d02850f7826f,C9788,409.71,GBP,Amazon,Dining,2025-09-21 10:26:06.387604,failed,E002,CA,mobile,True
20d9bb33-604a-44e3-85ac-c517b2bcc100,C4897,303.98,EUR,Costco,Travel,2026-07-14 10:26:06.387608,success,NONE,JP,web,False
1db13050-7135-45fb-bcfe-e55bcf2ff9c8,C8895,18.68,USD,Uber,Electronics,2026-05-29 10:26:06.387611,failed,NONE,CA,web,True
9b3d71b3-69c9-4501-9b37-285c7168e30d,C7811,440.6,GBP,Uber,Utilities,2026-04-06 10:26:06.387615,success,NONE,CA,mobile,False
2923217b-13e6-4e0a-ac8c-ec584e9577b2,C9990,44.5,EUR,Delta,Electronics,2026-04-02 10:26:06.387619,success,NONE,UK,tablet,False
53a49cf1-d5e0-42e1-9f55-51fc8d4505f5,C4782,212.66,USD,Starbucks,Groceries,2025-11-14 10:26:06.387622,pending,NONE,US,web,False
34c3f26a-504d-46bf-9920-d01b352f2ce3,C7220,467.72,GBP,Delta,Electronics,2026-05-15 10:26:06.387626,failed,E002,DE,mobile,True
5a47978e-5f9e-471f-888f-7ecfc0f2e9b3,C3918,38.25,USD,Starbucks,Groceries,2026-07-04 10:26:06.387629,failed,E001,JP,web,True
6daf5086-9ca4-4167-9a54-df79a67fd4bd,C6828,334.6,GBP,Apple,Utilities,2026-07-31 10:26:06.387633,failed,E001,CA,mobile,True
b1e7c1bb-09cb-4019-9730-f85c4e2d4cc9,C5010,264.06,EUR,Delta,Dining,2025-10-01 10:26:06.387637,pending,NONE,JP,tablet,False
81ee1041-c04a-4fea-8bc2-94396598b6e2,C2055,235.68,EUR,Costco,Utilities,2026-06-13 10:26:06.387640,success,NONE,FR,web,False
c1841f27-bd30-4b7b-aa3d-d0850af24824,C2596,213.68,USD,Uber,Groceries,2026-06-11 10:26:06.387644,failed,E002,DE,tablet,True
bad4cf0a-aa61-466b-ae51-83ee84476625,C3628,255.36,JPY,Amazon,Dining,2026-07-22 10:26:06.387647,failed,E003,DE,tablet,True
3dd4c4c5-c456-4f54-9e7c-6113ac11b15c,C9152,306.72,JPY,Amazon,Electronics,2025-12-28 10:26:06.387652,pending,NONE,FR,tablet,False
33024d2e-5581-4e8d-a005-afa50178eed9,C5976,210.62,GBP,Uber,Utilities,2026-03-13 10:26:06.387655,pending,NONE,UK,tablet,False
99b7d7c5-cabf-46ec-b719-930681a8a260,C9908,396.25,USD,Walmart,Shopping,2026-01-03 10:26:06.387659,success,NONE,CA,mobile,False
83249279-dfc4-48fd-84c6-72c27fa282e7,C8378,383.82,JPY,Amazon,Travel,2025-12-08 10:26:06.387662,pending,NONE,JP,mobile,False
c1d6db04-62ba-4e08-ac9d-5bd67d8384d3,C7464,477.08,EUR,Starbucks,Shopping,2026-06-27 10:26:06.387666,pending,NONE,CA,mobile,False
45eb9b48-896c-4bd8-97f6-ae99c81e7320,C8323,353.1,JPY,Uber,Dining,2026-07-07 10:26:06.387670,failed,NONE,CA,mobile,True
78afbe33-9614-4df9-8c99-49a68b5f07ea,C5175,271.57,EUR,Delta,Utilities,2025-09-16 10:26:06.387673,success,NONE,CA,mobile,False
a9469b3f-3679-429d-9123-1cafc6160d15,C2069,7.03,JPY,Delta,Shopping,2026-01-17 10:26:06.387677,failed,E002,CA,tablet,True
772153ac-6895-48a1-b977-a406f0e9f5a6,C6272,236.5,GBP,Delta,Groceries,2026-02-01 10:26:06.387681,pending,NONE,CA,mobile,False
1479ed09-7234-433c-9f87-d547872f11d0,C2551,61.07,JPY,Delta,Shopping,2026-03-02 10:26:06.387684,pending,NONE,DE,tablet,False
85fd8446-0d99-4652-9bce-fe088894e982,C6256,228.76,EUR,Amazon,Dining,2026-06-09 10:26:06.387688,pending,NONE,CA,tablet,False
de9398d5-4d88-458b-8367-759c63498170,C6474,89.38,USD,Target,Electronics,2025-10-04 10:26:06.387691,pending,NONE,UK,mobile,False
081dc483-78e0-4e3c-8b22-f882e827e9da,C6997,354.27,USD,Costco,Utilities,2026-08-18 10:26:06.387695,pending,NONE,CA,mobile,False
9ecd73c8-e409-4f51-80eb-6c8cff9d50ab,C2171,60.68,GBP,Amazon,Shopping,2026-01-03 10:26:06.387698,pending,NONE,DE,web,False
7dd4f44b-fa63-4ae0-a46d-253421c0d7ef,C6441,207.32,JPY,Walmart,Electronics,2026-02-26 10:26:06.387702,success,NONE,CA,web,False
30e53d02-fd44-4e1a-ab1d-bf93c2f12df8,C5721,388.25,GBP,Starbucks,Travel,2026-04-11 10:26:06.387705,success,NONE,DE,mobile,False
1b35bab6-e904-4cd0-9c9b-c39518d2ec21,C5606,17.38,USD,Target,Groceries,2025-12-28 10:26:06.387709,success,NONE,CA,web,False
fa305678-3b72-4edf-9a21-1f18105f1bde,C1483,255.9,EUR,Delta,Utilities,2026-01-28 10:26:06.387712,success,NONE,CA,tablet,False
085b6488-d617-4658-a5f6-9284033b8f0e,C1022,98.38,EUR,Amazon,Dining,2026-04-06 10:26:06.387716,failed,E002,US,tablet,True
7b8e26c5-ddbb-4fae-be1b-03a7bd475917,C7765,47.66,GBP,Delta,Shopping,2025-12-18 10:26:06.387720,pending,NONE,FR,tablet,False
8c9805c7-f1c2-46d5-96f3-5daa20ae4532,C8111,33.03,USD,Costco,Groceries,2025-12-30 10:26:06.387724,failed,NONE,UK,mobile,True
4b47a572-121e-499c-a756-c035ae65c75a,C7238,488.29,JPY,Walmart,Utilities,2026-05-01 10:26:06.387728,failed,E002,JP,tablet,True
5dea09bb-cf3c-4991-959e-f4221456cd86,C5252,438.94,GBP,Amazon,Shopping,2026-03-29 10:26:06.387731,failed,E003,DE,tablet,True
6a8c565a-6be3-4e09-9e16-8e847be6e38f,C3082,36.08,EUR,Apple,Utilities,2026-09-02 10:26:06.387735,pending,NONE,FR,tablet,False
0458c043-8c43-4f0c-b609-9e8c118ddf63,C1252,360.74,EUR,Delta,Electronics,2025-09-27 10:26:06.387738,pending,NONE,JP,web,False
d6de93de-cc6b-4a53-a448-7e610d054603,C6767,436.41,USD,Amazon,Utilities,2026-01-16 10:26:06.387742,success,NONE,UK,tablet,False
6cacf677-38a4-408d-82e0-1fd2b2bd939f,C8276,490.81,JPY,Apple,Electronics,2026-04-10 10:26:06.387746,failed,NONE,CA,mobile,True
dd7f7f7e-1270-445f-872c-1056183dee17,C1151,40.34,EUR,Uber,Travel,2026-06-30 10:26:06.387749,pending,NONE,CA,mobile,False
539c305e-b977-4408-a9bc-bb7aa3aca433,C9963,294.17,EUR,Delta,Shopping,2026-03-16 10:26:06.387753,pending,NONE,FR,mobile,False
0f093e29-2f9f-4dd7-9141-b05b790ff31b,C9350,389.86,JPY,Target,Travel,2026-07-22 10:26:06.387756,pending,NONE,JP,tablet,False
47ec8c10-9317-4ec2-9d34-18c73bd7b0ab,C1168,274.62,USD,Amazon,Dining,2026-01-30 10:26:06.387760,pending,NONE,UK,mobile,False
70711f05-5349-4f58-8132-3db103e7956a,C8430,220.09,USD,Walmart,Electronics,2026-06-03 10:26:06.387763,failed,E002,CA,web,True
fea09536-ff29-4712-b296-546ddb173b29,C6924,335.43,EUR,Uber,Dining,2025-12-16 10:26:06.387767,failed,E001,CA,mobile,True
e6baac64-8a84-48df-bb4b-0a704f969a7e,C7007,491.08,USD,Apple,Electronics,2026-06-25 10:26:06.387770,success,NONE,JP,mobile,False
19b35a3c-9e87-4ce7-9b72-af2d02ca3ea5,C2387,193.46,USD,Apple,Shopping,2025-12-03 10:26:06.387774,pending,NONE,DE,mobile,False
443e28a3-f11c-486b-98a1-a6cd45fc7c10,C4200,188.07,USD,Costco,Dining,2025-10-04 10:26:06.387778,pending,NONE,UK,mobile,False
741b996d-c2bb-4273-8b83-2c6014a77681,C8465,161.56,USD,Target,Travel,2026-06-02 10:26:06.387781,success,NONE,JP,web,False
fb6da356-a1f8-457e-bedd-adfd33c9e797,C7766,324.83,JPY,Uber,Travel,2025-11-15 10:26:06.387785,success,NONE,DE,mobile,False
89ae877c-a130-4771-b350-0b63996b5b7c,C5647,224.48,JPY,Target,Groceries,2026-07-31 10:26:06.387788,pending,NONE,CA,web,False
207cd09d-7ad4-434f-8afc-79d9ad9aa7ad,C8251,91.96,GBP,Delta,Dining,2026-08-22 10:26:06.387792,failed,NONE,DE,mobile,True
b4dc68cb-1087-4b48-a2ed-0dff3dc3e17e,C4627,372.86,JPY,Costco,Groceries,2026-05-23 10:26:06.387797,pending,NONE,DE,web,False
4986bcfe-5cfc-4059-9032-e9f1ac72cbca,C4333,298.0,JPY,Amazon,Shopping,2025-11-27 10:26:06.387800,failed,E003,CA,mobile,True
9961dffd-7819-47f4-b57d-fd88cc4fe7b5,C8024,299.97,GBP,Starbucks,Utilities,2026-04-24 10:26:06.387804,failed,E001,UK,web,True
cdcd5aec-fce4-4263-b968-48ce98831aa9,C1627,200.07,JPY,Starbucks,Electronics,2025-11-25 10:26:06.387808,failed,E003,FR,tablet,True
0c3dae71-af7c-4ac6-b890-c55f54dd85ae,C9195,316.53,GBP,Costco,Utilities,2026-04-13 10:26:06.387812,pending,NONE,CA,tablet,False
0110aca3-d453-4c2b-a41e-25bee2a52869,C7236,409.76,JPY,Costco,Shopping,2025-09-07 10:26:06.387816,failed,E002,JP,tablet,True
cb9f0cf9-4aad-463d-8fb9-7778ebb79438,C2610,397.7,EUR,Target,Groceries,2025-10-04 10:26:06.387820,pending,NONE,US,mobile,False
8db46a7a-3636-4ad6-88db-b643ece4c1b2,C4225,328.51,GBP,Delta,Groceries,2025-09-29 10:26:06.387825,pending,NONE,DE,tablet,False
17f85863-ba1e-40ad-9e5f-b8992bf43255,C3937,266.63,USD,Starbucks,Electronics,2026-05-18 10:26:06.387828,failed,E002,US,tablet,True
cb5cb797-1174-4611-b14d-536795855a8c,C3500,374.46,EUR,Costco,Electronics,2026-02-02 10:26:06.387832,pending,NONE,JP,tablet,False
6849a797-8f0f-4bf5-b151-d11b8d1ac59a,C9568,88.3,EUR,Delta,Utilities,2026-06-03 10:26:06.387836,pending,NONE,UK,mobile,False
9d01de7d-5adc-4ecd-b53a-12e8928c72bf,C4567,295.09,USD,Delta,Travel,2026-03-21 10:26:06.387840,pending,NONE,CA,web,False
f9755dbf-ac18-4830-a661-e8f997c53b99,C2830,199.63,USD,Walmart,Dining,2026-02-28 10:26:06.387844,success,NONE,FR,mobile,False
915af23a-0477-44cb-b3aa-7d617bcccd8b,C3192,42.21,GBP,Costco,Travel,2025-12-07 10:26:06.387848,pending,NONE,JP,web,False
d35badbc-a24e-4337-8c57-5be3db73370a,C2872,100.84,USD,Target,Utilities,2026-08-15 10:26:06.387851,success,NONE,FR,mobile,False
cd8c4ec4-f2b9-498a-a3aa-fc4830ae2a83,C5490,403.82,JPY,Walmart,Travel,2025-10-20 10:26:06.387855,success,NONE,US,tablet,False
97f81cf4-f099-418a-a436-ec01932807aa,C7751,365.13,USD,Starbucks,Utilities,2025-11-29 10:26:06.387858,pending,NONE,DE,web,False
60ef28ec-7235-4bf9-b896-da9bc29cfccc,C9442,476.19,EUR,Costco,Dining,2026-03-29 10:26:06.387862,failed,E001,UK,mobile,True
24f389da-e999-437e-a913-fee0afaab9e8,C9845,417.8,USD,Apple,Shopping,2026-03-26 10:26:06.387866,pending,NONE,UK,mobile,False
b99bb9a8-4083-43cc-bb6a-d5cdc5295f4e,C5933,143.41,EUR,Costco,Shopping,2026-02-02 10:26:06.387869,pending,NONE,UK,mobile,False
8cf6cb1a-e39e-42b7-9677-ccade95c71d1,C6972,429.22,EUR,Target,Electronics,2026-04-22 10:26:06.387873,success,NONE,JP,mobile,False
746c05d1-6c06-467d-a498-c70bf87d3615,C9770,410.76,JPY,Amazon,Shopping,2026-04-17 10:26:06.387876,pending,NONE,CA,web,False
7d75f54f-4702-4dbf-8bcc-26b493f1ae1f,C6000,194.41,EUR,Delta,Dining,2026-04-16 10:26:06.387880,pending,NONE,UK,tablet,False
4c261d4d-10bb-4c29-a863-b2718487e629,C9810,95.0,GBP,Uber,Utilities,2025-09-24 10:26:06.387884,success,NONE,JP,mobile,False
80deaf54-4498-42ec-895e-5c9fb5845186,C4582,193.02,USD,Apple,Travel,2026-05-02 10:26:06.387888,success,NONE,CA,mobile,False
1a335fa4-da48-400a-aef4-574f56e06a50,C5356,285.36,GBP,Target,Dining,2026-03-03 10:26:06.387891,failed,E002,JP,tablet,True
45c39ca8-c1b7-41c1-82ba-19c4a5252ffc,C1730,241.45,USD,Starbucks,Travel,2025-10-12 10:26:06.387895,success,NONE,US,web,False
2efadafb-d071-460f-aa8f-aced0859a6ab,C2392,477.66,JPY,Costco,Utilities,2025-12-20 10:26:06.387899,failed,NONE,CA,web,True
bed318f4-ee01-483f-bb83-9cd72bb6cc8c,C3297,487.61,GBP,Walmart,Travel,2025-12-07 10:26:06.387903,failed,E001,DE,web,True
0be3a2db-3c93-4897-a486-7b4659b78299,C3212,153.73,USD,Delta,Groceries,2026-03-03 10:26:06.387906,pending,NONE,CA,web,False
5957b683-cba0-48de-9729-6632a6a1db8a,C7767,233.05,GBP,Delta,Electronics,2025-10-05 10:26:06.387910,failed,E002,DE,web,True
88183867-47c3-43db-8207-a8ba224d7e8e,C6082,436.51,GBP,Target,Shopping,2026-06-24 10:26:06.387914,success,NONE,JP,mobile,False
66c212f6-e723-44ab-9634-dbc391a1bbf2,C8395,213.9,JPY,Amazon,Utilities,2025-10-25 10:26:06.387917,pending,NONE,US,web,False
65eb19b6-b1af-4ca3-94b1-0dccd8c8afd2,C3375,467.92,EUR,Delta,Utilities,2026-04-22 10:26:06.387921,pending,NONE,US,web,False
a8722014-579a-4ae6-b777-5b9147e35f5d,C9019,136.54,USD,Uber,Travel,2025-12-19 10:26:06.387925,success,NONE,FR,web,False
4e8c2393-71c4-4d8a-a1aa-317c512b4b81,C8732,211.44,EUR,Costco,Shopping,2026-01-30 10:26:06.387928,success,NONE,US,mobile,False
bd6cc537-2fb9-432d-9bc5-b5ec1e8a0893,C7257,403.72,USD,Apple,Electronics,2025-12-20 10:26:06.387932,pending,NONE,CA,web,False
e025132a-1b62-472f-a9bd-4d8449f73cf1,C9558,130.66,USD,Costco,Dining,2026-07-27 10:26:06.387935,pending,NONE,US,mobile,False
f1125084-7fc2-4cd3-9620-6e72d3c5d65d,C9202,418.48,EUR,Target,Dining,2025-10-03 10:26:06.387939,failed,E002,UK,tablet,True
0feb7054-c1e8-4100-8db8-d273ff7c20b2,C9628,376.67,JPY,Walmart,Utilities,2026-02-06 10:26:06.387943,failed,E003,US,web,True
a29b3a10-d7c9-43cc-ae4a-f717b4d1b544,C8080,423.93,EUR,Amazon,Groceries,2026-04-14 10:26:06.387947,success,NONE,UK,mobile,False
b4558797-866c-4f11-9677-8987741e1f78,C1935,181.06,JPY,Amazon,Utilities,2026-06-22 10:26:06.387951,pending,NONE,FR,mobile,False
2c53bdef-bcfb-471e-be8b-1d251090538f,C9378,255.69,JPY,Amazon,Electronics,2026-04-10 10:26:06.387954,pending,NONE,DE,tablet,False
a1dd2773-a764-4945-8b20-dd9440ef4268,C6223,32.65,JPY,Target,Electronics,2025-11-18 10:26:06.387958,failed,NONE,CA,web,True
b993afcc-0cdd-4bc5-bcfe-3334fa3b8475,C8913,408.15,JPY,Walmart,Travel,2026-06-16 10:26:06.387962,pending,NONE,FR,web,False
5900cbdd-28cf-4a81-9de6-ca340a24894b,C5183,176.76,JPY,Uber,Electronics,2026-07-25 10:26:06.387966,success,NONE,JP,tablet,False
f003b7c4-3786-4b6f-be60-cd4bea9a587b,C7063,157.83,USD,Target,Electronics,2025-09-22 10:26:06.387970,success,NONE,FR,tablet,False
0c918f33-4d21-446a-a03a-74432df4445e,C7696,210.11,EUR,Walmart,Electronics,2026-02-17 10:26:06.387974,failed,E003,CA,mobile,True
37bf35bb-26f4-4105-b358-bbf24343b9d0,C7822,79.53,JPY,Apple,Shopping,2026-03-05 10:26:06.387977,success,NONE,UK,web,False
e5f3df87-a901-42c8-8a91-658e51eef907,C3812,289.32,JPY,Delta,Electronics,2026-06-02 10:26:06.387981,pending,NONE,JP,web,False
75ffe11e-9170-4953-a0d8-d47eb793d8fe,C3799,375.59,JPY,Starbucks,Groceries,2026-08-10 10:26:06.387984,pending,NONE,US,tablet,False
b164cdb3-3269-4c6a-836e-0135f9516357,C8854,417.48,EUR,Starbucks,Utilities,2026-01-06 10:26:06.387988,success,NONE,FR,mobile,False
7bffe7a1-b392-4ad6-9fff-c880fad5a209,C2297,130.23,JPY,Apple,Travel,2026-01-16 10:26:06.387992,failed,E003,DE,mobile,True
c285e187-6ff5-4b55-ae16-0f2a9a6b9f8a,C5535,70.77,USD,Walmart,Dining,2026-01-04 10:26:06.387995,success,NONE,FR,web,False
e35a4c67-415d-4920-95f9-77d008a5809b,C2522,325.61,USD,Target,Groceries,2026-01-23 10:26:06.387999,success,NONE,FR,web,False
b25fec29-adc6-43be-ad35-effe04aa4461,C4032,18.96,EUR,Apple,Utilities,2026-06-02 10:26:06.388002,success,NONE,CA,mobile,False
c110a335-03f3-4fa5-a27d-e18e5d7dc565,C7756,169.12,GBP,Starbucks,Electronics,2026-05-12 10:26:06.388006,failed,NONE,JP,web,True
73a550fe-3cdc-455c-ada8-c1cf589ffeb2,C3283,472.65,EUR,Starbucks,Electronics,2026-03-14 10:26:06.388010,failed,E002,DE,tablet,True
022b48d9-960d-44e2-a088-2e0c24ae7f6c,C2448,263.34,EUR,Amazon,Shopping,2026-01-08 10:26:06.388014,pending,NONE,JP,tablet,False
66b2228b-b023-43c9-82d9-c6f387166aa3,C5565,459.5,GBP,Apple,Utilities,2025-10-08 10:26:06.388017,failed,E003,DE,mobile,True
eee4b80c-548d-4f0e-8d05-16277332b8f5,C3962,197.73,JPY,Amazon,Utilities,2025-11-29 10:26:06.388021,success,NONE,JP,web,False
0c0fc389-246a-4cbc-84e4-bd5c82a055a7,C2377,100.23,EUR,Costco,Groceries,2026-05-29 10:26:06.388024,success,NONE,US,tablet,False
fd28ec33-e90c-4b96-a26d-e152949d5c81,C9008,374.34,EUR,Apple,Shopping,2026-08-31 10:26:06.388028,pending,NONE,CA,web,False
9f78285d-7551-4620-8983-1f53cfa505f9,C7489,17.55,GBP,Starbucks,Dining,2025-12-02 10:26:06.388031,success,NONE,UK,web,False
a6c7b89a-e096-46b3-b359-72d17384fd9a,C3290,227.79,JPY,Target,Utilities,2025-12-28 10:26:06.388035,pending,NONE,DE,tablet,False
5a4c9436-f64b-4be1-9a12-8f60bac7203f,C2105,429.55,USD,Amazon,Shopping,2025-11-09 10:26:06.388039,pending,NONE,DE,web,False
d2e17649-100b-4229-97c2-3657e4de5f33,C7564,19.04,EUR,Uber,Dining,2025-09-05 10:26:06.388042,success,NONE,UK,web,False
cd330c9f-4421-4c63-9ec2-053b1e9bd84c,C3685,171.69,USD,Uber,Utilities,2026-08-21 10:26:06.388046,success,NONE,CA,web,False
33b6a6f2-cdfd-49de-9f5f-1cc4a8d1e9f9,C8124,423.77,EUR,Walmart,Travel,2025-10-12 10:26:06.388049,failed,E002,UK,mobile,True
504d8f78-995b-4e0e-9d7b-f7772757ffd1,C9841,189.54,GBP,Apple,Dining,2025-10-27 10:26:06.388053,success,NONE,FR,web,False
95b6b4c6-1438-48d9-ba2e-04f91ff271de,C6759,87.13,EUR,Starbucks,Dining,2026-01-22 10:26:06.388056,pending,NONE,FR,web,False
bb91d448-1056-457c-820c-723ec7ac9b7f,C1719,57.33,GBP,Walmart,Shopping,2025-09-10 10:26:06.388060,failed,E002,UK,mobile,True
b7d540ad-b3b9-409d-bc1b-76164b175d93,C2189,313.71,GBP,Target,Dining,2026-06-15 10:26:06.388064,failed,E002,FR,mobile,True
3395d9a2-9d8e-4a48-b924-0931db9aa3ed,C2892,147.5,EUR,Delta,Shopping,2026-06-13 10:26:06.388067,failed,NONE,DE,mobile,True
6466502e-68ac-4eaa-905f-dd50c4871070,C9947,216.66,GBP,Walmart,Dining,2026-07-25 10:26:06.388071,pending,NONE,US,mobile,False
f741aad1-e7d8-42a1-95ff-2514d2c42b56,C4651,298.01,USD,Delta,Travel,2026-05-28 10:26:06.388075,success,NONE,UK,tablet,False
b8b8a320-cebc-477c-820e-f9c653505a47,C3286,277.59,USD,Target,Shopping,2026-09-01 10:26:06.388078,pending,NONE,UK,mobile,False
fb9c2b2e-bb4f-4088-8e44-3e1efc5e16ba,C1563,240.35,USD,Starbucks,Shopping,2026-04-22 10:26:06.388082,failed,NONE,DE,web,True
63c674a5-f59b-4a60-b9c8-6af27bddc165,C9066,235.63,JPY,Walmart,Groceries,2025-10-04 10:26:06.388086,failed,E001,DE,mobile,True
e90acfad-abd2-4ab1-ac85-fd376e454dd9,C5770,184.53,GBP,Apple,Electronics,2026-02-12 10:26:06.388089,success,NONE,UK,mobile,False
5f97be7b-589a-4e10-98a7-4738b8d9e5c1,C9859,489.84,USD,Apple,Electronics,2026-01-02 10:26:06.388094,pending,NONE,US,tablet,False
09a8fb9b-f63d-49ad-958b-c2c26c2ce703,C4230,73.53,EUR,Walmart,Dining,2026-03-01 10:26:06.388097,pending,NONE,JP,mobile,False
78116bde-d493-4d4b-b750-8e9b2fd50b70,C5063,351.33,GBP,Uber,Groceries,2025-11-23 10:26:06.388101,failed,E003,UK,mobile,True
19e03981-31a9-4177-89c2-2f2032152c3a,C6109,406.2,EUR,Delta,Electronics,2026-07-15 10:26:06.388105,success,NONE,CA,mobile,False
e2a22af3-9376-47c1-97f2-5533ab8ca509,C4461,149.29,EUR,Costco,Travel,2026-03-04 10:26:06.388108,failed,NONE,FR,web,True
cfd65fcb-ee45-4d74-9b72-ed737ad26088,C4434,36.37,USD,Starbucks,Groceries,2026-05-15 10:26:06.388112,success,NONE,FR,tablet,False
5d5d85b3-999b-46a1-9086-8c60aa4e1d60,C6353,492.99,EUR,Walmart,Electronics,2025-11-16 10:26:06.388115,failed,E002,JP,web,True
47aeacbe-e010-4669-9dd5-0092a8eae7bd,C2366,402.03,JPY,Delta,Groceries,2026-01-22 10:26:06.388119,success,NONE,FR,mobile,False
d2c76cce-671c-4377-8091-bb8dd8cc17c4,C8429,180.63,GBP,Apple,Utilities,2026-06-10 10:26:06.388123,pending,NONE,FR,web,False
23fbaca7-fdc7-430b-8871-c9e5c67dec8b,C2768,17.28,GBP,Uber,Shopping,2025-11-22 10:26:06.388126,pending,NONE,CA,tablet,False
24acb0e2-6500-41ab-896c-b145243dff78,C3527,292.27,EUR,Starbucks,Travel,2026-05-30 10:26:06.388130,failed,E003,CA,web,True
3f74176d-ff6f-4ee3-8c81-e3f4aa74ff32,C5251,262.76,GBP,Delta,Dining,2025-09-12 10:26:06.388133,success,NONE,FR,web,False
3ed3eb8e-9ddb-415a-b81a-6006f4d32267,C8425,426.16,USD,Starbucks,Dining,2026-03-27 10:26:06.388137,success,NONE,US,web,False
df156405-601a-4d41-a123-aa8ec63ff61c,C5641,461.28,USD,Target,Shopping,2026-01-27 10:26:06.388141,pending,NONE,JP,mobile,False
e51a70ce-497f-4943-b07d-7992ff7e5593,C9770,67.98,JPY,Costco,Dining,2026-01-29 10:26:06.388145,pending,NONE,JP,mobile,False
b93ae185-a9da-4f90-ba65-4979a1b470f1,C4019,468.56,USD,Target,Travel,2025-10-01 10:26:06.388148,pending,NONE,US,web,False
f7b944fe-05c1-41bc-b1b1-e45f59526b8c,C9683,250.22,GBP,Amazon,Groceries,2026-05-22 10:26:06.388152,failed,NONE,FR,mobile,True
a0b8211e-9e33-4ce1-9441-57cd88b792c2,C2418,17.06,EUR,Apple,Dining,2025-12-13 10:26:06.388156,pending,NONE,DE,web,False
dbaa2e81-412f-470c-8886-8b122f0348df,C1975,339.34,JPY,Delta,Groceries,2026-02-28 10:26:06.388160,pending,NONE,FR,web,False
ac11e4cf-8afd-499e-9214-25b80e1b65a8,C9438,249.67,EUR,Delta,Travel,2026-08-23 10:26:06.388163,success,NONE,FR,tablet,False
2df74618-08dd-47c3-b584-3590ae0bd317,C1537,396.83,USD,Walmart,Electronics,2026-08-29 10:26:06.388167,pending,NONE,FR,mobile,False
ab40265d-7c28-4a85-b224-0dfdb5dba6e3,C7454,62.46,EUR,Uber,Shopping,2026-03-30 10:26:06.388170,success,NONE,JP,mobile,False
aef8f13f-6383-4291-89b4-a887fe7ebd44,C7869,308.62,JPY,Target,Travel,2026-05-15 10:26:06.388174,success,NONE,CA,tablet,False
805f4580-b4a3-433c-a5a9-3729cb54ab96,C6975,399.77,JPY,Uber,Groceries,2025-11-30 10:26:06.388177,success,NONE,DE,tablet,False
2a3305e6-b83e-43e7-a823-a224131d2924,C5979,199.7,EUR,Target,Electronics,2026-07-24 10:26:06.388181,success,NONE,FR,mobile,False
3d2ea3ec-592b-4277-9f0b-531d4ff16c22,C8071,353.28,GBP,Target,Utilities,2026-05-21 10:26:06.388185,success,NONE,US,mobile,False
74da76a8-c71e-42b2-8775-36678cb12f18,C4988,160.68,GBP,Costco,Travel,2026-06-01 10:26:06.388188,success,NONE,CA,web,False
1eeac1e2-5c04-46cb-827b-519409f97526,C5622,416.49,JPY,Uber,Dining,2026-08-06 10:26:06.388192,success,NONE,JP,mobile,False
6f8c331e-7a8d-4deb-8eb4-9bb272a9e095,C1581,276.6,GBP,Apple,Shopping,2026-04-01 10:26:06.388195,failed,E003,JP,tablet,True
24473cdb-4696-4e51-aa2d-a3cd1fc5331f,C5911,169.23,JPY,Apple,Electronics,2026-07-09 10:26:06.388199,failed,NONE,DE,tablet,True
7c8ce88f-13db-44b5-8c2f-d6f385a59784,C9465,167.58,JPY,Apple,Groceries,2026-01-01 10:26:06.388202,pending,NONE,CA,tablet,False
63175617-168e-42b1-bde5-52f2bd238445,C6853,200.97,GBP,Starbucks,Travel,2026-06-07 10:26:06.388206,success,NONE,CA,web,False
2529c7fc-bc93-4f7a-a8db-56ec1ac54f3f,C2358,427.72,GBP,Delta,Groceries,2026-04-16 10:26:06.388210,failed,NONE,FR,tablet,True
377a223a-1d76-4eec-b28b-8bccfcdad9c2,C7886,219.2,GBP,Uber,Travel,2026-08-04 10:26:06.388213,pending,NONE,UK,tablet,False
78d66b8d-b840-4933-9a7d-e103eb9ad78a,C6831,429.87,JPY,Uber,Travel,2026-07-23 10:26:06.388217,success,NONE,CA,mobile,False
ba532fd5-ed07-4419-8adc-37fae58a5682,C5625,225.25,GBP,Costco,Groceries,2026-02-03 10:26:06.388220,success,NONE,CA,mobile,False
5577d8a4-7df2-4c57-b945-3b5984b18cad,C1349,405.81,JPY,Amazon,Electronics,2025-12-25 10:26:06.388224,failed,E001,JP,mobile,True
37522db2-5cb2-4498-9f72-76ad10d34e20,C5510,234.67,JPY,Target,Travel,2026-04-11 10:26:06.388227,failed,NONE,UK,mobile,True
9712c80b-be52-47d4-abaf-2b8cdfab2bb2,C6245,128.51,EUR,Delta,Utilities,2026-06-21 10:26:06.388231,failed,E003,US,tablet,True
ede7a588-01c5-4319-9eaf-d72d4b2bb7c3,C8813,132.1,JPY,Uber,Electronics,2025-11-03 10:26:06.388235,pending,NONE,JP,mobile,False
a6fd9ec9-bfd3-426a-84dd-99aa4c67c0a8,C5569,265.22,JPY,Target,Travel,2026-07-22 10:26:06.388239,pending,NONE,US,mobile,False
06069640-f4ce-4bde-b245-dfe018850b86,C8067,43.11,USD,Apple,Shopping,2025-09-11 10:26:06.388242,pending,NONE,JP,tablet,False
64845af8-1d43-4afb-b10c-f7eb1027c743,C6046,473.97,EUR,Delta,Travel,2025-10-17 10:26:06.388246,pending,NONE,DE,tablet,False
870250a8-d483-462c-890d-fb0c8fbd0495,C9015,97.31,JPY,Walmart,Dining,2026-03-25 10:26:06.388250,failed,E001,US,mobile,True
58f4a677-f468-462c-94c8-5028d3fcd5a5,C7807,232.98,EUR,Uber,Groceries,2026-02-28 10:26:06.388253,success,NONE,FR,mobile,False
448c4be9-4fe3-48c0-a440-7f738d0f943f,C5569,64.37,GBP,Amazon,Electronics,2026-04-17 10:26:06.388257,failed,E003,UK,mobile,True
34063381-d81d-46cd-a0d9-92e58558a06d,C1045,162.66,GBP,Costco,Shopping,2026-06-29 10:26:06.388261,success,NONE,FR,mobile,False
7b39b573-639e-4065-8529-8173d3a0373d,C5514,330.74,USD,Costco,Groceries,2026-02-16 10:26:06.388264,pending,NONE,JP,web,False
947b8211-e1f7-4f50-8f47-6a4fbf308c02,C6061,125.64,GBP,Costco,Travel,2026-04-09 10:26:06.388268,pending,NONE,CA,web,False
0e1dbac0-52ef-44a0-bcb3-1ee671c8e09f,C7212,402.53,JPY,Apple,Travel,2026-01-18 10:26:06.388271,success,NONE,UK,mobile,False
2c3e6acb-d1f2-488f-b70d-7ea8287d058d,C9050,289.14,GBP,Apple,Shopping,2026-01-09 10:26:06.388275,failed,E003,FR,web,True
c9411351-bd62-481f-8120-287aa62afddf,C5141,281.52,JPY,Delta,Travel,2026-03-20 10:26:06.388279,failed,E002,US,mobile,True
db40c1bf-e842-47e5-825c-bfc9735392ba,C4240,472.75,GBP,Target,Groceries,2026-03-09 10:26:06.388282,success,NONE,US,tablet,False
264899e4-3043-4eb4-a754-fcbf84b08b7b,C3812,279.32,USD,Delta,Travel,2026-03-15 10:26:06.388286,success,NONE,JP,mobile,False
2c26d50c-f304-4d36-9b42-af00ed6d327b,C3593,124.02,JPY,Costco,Shopping,2025-09-11 10:26:06.388289,success,NONE,JP,web,False
6b7577e1-8b95-40c1-a611-ac11cd300333,C7211,485.47,GBP,Starbucks,Dining,2026-08-24 10:26:06.388293,pending,NONE,JP,tablet,False
921208f0-3ecd-442b-abd2-5b233ff81416,C4872,16.1,EUR,Amazon,Groceries,2025-11-02 10:26:06.388296,pending,NONE,CA,tablet,False
e3808eeb-d8bb-4a71-be91-47186855639d,C5507,467.19,USD,Apple,Groceries,2026-06-17 10:26:06.388300,pending,NONE,US,mobile,False
93dacf7a-f5c7-4cd6-8aa5-a1f38ef8de28,C1009,428.32,EUR,Apple,Shopping,2026-01-17 10:26:06.388303,failed,NONE,US,tablet,True
b6bc29fc-68c2-4b02-8830-381023e4e81a,C4832,337.99,GBP,Amazon,Groceries,2026-08-16 10:26:06.388307,pending,NONE,CA,tablet,False
310599d6-e604-4926-97a3-7f838a351b2c,C7574,47.46,JPY,Walmart,Shopping,2025-09-10 10:26:06.388310,pending,NONE,US,web,False
2c0981d5-d4c4-4195-9b99-3d616f52299c,C5618,392.34,GBP,Costco,Shopping,2025-10-21 10:26:06.388314,failed,E003,UK,tablet,True
c3930e5a-d2c8-4a65-ad2e-482cb13802a9,C3385,407.73,EUR,Uber,Shopping,2026-03-18 10:26:06.388318,pending,NONE,JP,tablet,False
b7643608-ff14-4a64-b521-9e0db71d18c7,C5163,217.95,EUR,Starbucks,Shopping,2026-04-12 10:26:06.388321,pending,NONE,FR,tablet,False
00024e48-5b95-4013-83f7-3b993e0a90d0,C1569,399.01,EUR,Target,Utilities,2026-05-28 10:26:06.388325,success,NONE,FR,mobile,False
4763885c-5a3b-43d1-a712-ae5e92a87c22,C4703,364.74,JPY,Starbucks,Groceries,2026-03-28 10:26:06.388329,pending,NONE,JP,mobile,False
8608a9b0-abc7-42d4-8512-adf7e90ac3e0,C4576,453.92,GBP,Uber,Travel,2026-02-04 10:26:06.388333,failed,E001,JP,mobile,True
561aae1e-a058-4a60-ac30-a3e65d96c9ee,C4789,292.79,USD,Uber,Dining,2025-12-15 10:26:06.388337,pending,NONE,CA,web,False
7866c26f-6894-4b38-ae68-244bb69ebd8c,C7008,251.9,GBP,Walmart,Dining,2026-07-12 10:26:06.388341,success,NONE,UK,web,False
63a89628-4e2e-44bf-838d-820712c1e3de,C2229,145.57,EUR,Starbucks,Groceries,2025-09-17 10:26:06.388344,pending,NONE,US,web,False
a1255389-d3d6-45c6-9d02-f74da848e152,C5606,298.65,EUR,Costco,Dining,2025-11-23 10:26:06.388348,failed,E003,JP,mobile,True
0c887f34-f7f0-4692-b82b-f5a4cb071176,C5381,269.9,EUR,Amazon,Dining,2026-05-01 10:26:06.388351,pending,NONE,JP,tablet,False
1633640c-54e8-4f71-a338-187227e38d61,C4441,203.87,JPY,Target,Electronics,2026-04-20 10:26:06.388355,success,NONE,UK,tablet,False
8b5d1d7b-65cb-4f81-80d6-15cd80d8d357,C6791,337.88,GBP,Amazon,Travel,2026-02-28 10:26:06.388359,pending,NONE,JP,tablet,False
fe9fbe07-307e-4ef4-af05-77250afcbb3f,C4919,290.91,GBP,Delta,Electronics,2025-12-20 10:26:06.388362,success,NONE,JP,web,False
599cf45b-6e6b-45fc-9c46-88f4b3a57505,C3853,262.94,USD,Delta,Electronics,2026-04-19 10:26:06.388366,success,NONE,DE,tablet,False
86321109-baa2-4830-852e-c2151f3f270b,C8642,64.47,GBP,Target,Electronics,2026-04-16 10:26:06.388369,failed,E003,US,tablet,True
aada8822-19f4-4f9d-8907-e52571f2c96c,C7127,324.13,GBP,Apple,Shopping,2025-11-07 10:26:06.388373,failed,NONE,FR,web,True
01424e0a-b16d-4b7b-80a5-b8cb5228bc7d,C4402,330.03,EUR,Uber,Shopping,2026-06-02 10:26:06.388377,failed,E003,JP,web,True
fbcffb32-acbe-4392-aee0-955005f48e37,C5701,41.47,EUR,Apple,Utilities,2026-03-03 10:26:06.388380,pending,NONE,US,mobile,False
6f5a5e85-e232-4cbe-aeff-df4ba15845e7,C9781,237.31,EUR,Delta,Travel,2026-01-28 10:26:06.388384,success,NONE,CA,tablet,False
8bf87121-1200-4f03-952f-3a04bfe543b9,C3940,492.58,GBP,Target,Groceries,2026-05-26 10:26:06.388388,pending,NONE,FR,web,False
31134277-a2eb-4055-b14a-bef01259749d,C2224,157.78,GBP,Delta,Utilities,2025-09-28 10:26:06.388392,failed,E001,DE,mobile,True
b81b3ec4-a41d-43fd-8535-4fdba9c37054,C2498,369.92,USD,Costco,Utilities,2025-11-12 10:26:06.388395,success,NONE,FR,web,False
8723acac-a9d0-4ef2-8f02-e3f7d3a28852,C7058,279.58,EUR,Target,Travel,2026-02-19 10:26:06.388399,pending,NONE,DE,tablet,False
5546e84a-e2e2-442c-85d4-70b586f33714,C2916,344.23,USD,Amazon,Electronics,2026-08-04 10:26:06.388402,success,NONE,DE,tablet,False
0915c552-0c26-443f-a4f6-260cbac06720,C9342,345.21,EUR,Uber,Groceries,2026-08-08 10:26:06.388406,success,NONE,JP,mobile,False
d8cd6d0a-78bd-4c48-bbab-d7f872b4fb15,C3152,293.93,USD,Starbucks,Dining,2025-10-25 10:26:06.388409,pending,NONE,UK,web,False
5049a82a-1d53-440b-8fe7-f975c91a36b1,C6659,380.67,GBP,Walmart,Dining,2025-12-26 10:26:06.388413,failed,NONE,CA,tablet,True
9d7f4889-d6c0-410b-89e6-468925624cdf,C9332,103.73,USD,Delta,Travel,2026-03-12 10:26:06.388416,pending,NONE,JP,tablet,False
09624af2-6493-4940-adca-fc4c37a1cfd5,C4160,86.57,JPY,Amazon,Electronics,2025-11-22 10:26:06.388420,success,NONE,CA,mobile,False
f7ea56ab-0e09-4100-a6bc-f2a6d7658991,C6068,400.18,EUR,Amazon,Groceries,2025-11-15 10:26:06.388423,pending,NONE,DE,tablet,False
d2f1ded0-e1a4-43c7-b154-aefff0b03f3f,C4976,358.71,GBP,Delta,Travel,2025-10-29 10:26:06.388427,failed,E002,DE,tablet,True
aeb544f0-ebf3-4e2b-bf95-27dd8d52c5d9,C8621,275.77,GBP,Starbucks,Groceries,2026-01-23 10:26:06.388431,success,NONE,DE,web,False
23fa5b9c-bc01-4e0a-8820-3771e7e4b81c,C1777,368.4,JPY,Costco,Electronics,2025-12-12 10:26:06.388434,pending,NONE,UK,web,False
835cf081-3c5b-46b3-9d9f-8a465abae2f4,C1574,451.2,USD,Costco,Electronics,2026-08-15 10:26:06.388438,pending,NONE,UK,tablet,False
e65f7c1f-efa6-40e6-bc7e-3bbe23d060a4,C5664,390.71,EUR,Target,Dining,2026-05-26 10:26:06.388441,success,NONE,DE,tablet,False
4b33ee7d-a1fe-4bc0-b691-bf04d77889ff,C2616,73.11,GBP,Amazon,Travel,2025-09-22 10:26:06.388445,pending,NONE,JP,web,False
30d8b03c-fbf6-410e-8046-6a430b53e100,C6685,452.18,GBP,Target,Dining,2026-08-02 10:26:06.388448,pending,NONE,US,web,False
3c79bcef-6803-4374-ade1-fa6e9584dfcc,C1566,192.63,EUR,Walmart,Utilities,2026-02-06 10:26:06.388452,success,NONE,UK,web,False
e12e3a51-b3ee-4dcf-81af-ac5c7c116ed5,C3596,413.0,GBP,Uber,Shopping,2025-09-29 10:26:06.388455,failed,E003,CA,tablet,True
8db0cfb8-9e16-43fc-a646-603afb0e1a26,C2770,335.29,USD,Starbucks,Dining,2026-02-16 10:26:06.388459,success,NONE,CA,web,False
2b88c9ed-760b-48a4-844a-4d9e4d235b9f,C6680,153.1,JPY,Apple,Dining,2025-12-18 10:26:06.388463,failed,NONE,JP,tablet,True
f2151b94-17ef-4883-94b3-71ebcac4b2d0,C7458,76.63,EUR,Amazon,Shopping,2026-08-09 10:26:06.388466,failed,E002,CA,mobile,True
4d09f478-262c-4b81-8ee5-f4406db3b2ab,C4054,114.97,JPY,Apple,Shopping,2026-02-08 10:26:06.388470,pending,NONE,US,mobile,False
af265c8c-07e8-45a1-b74e-1717619b9887,C6932,285.5,GBP,Apple,Electronics,2026-07-19 10:26:06.388474,failed,NONE,US,web,True
e776b78e-ffb6-4790-8b0d-3559b71afd56,C2737,300.72,GBP,Walmart,Electronics,2026-04-05 10:26:06.388477,pending,NONE,JP,mobile,False
41d33da4-790a-4b9a-9a82-a3f804092ba3,C2050,361.67,JPY,Target,Shopping,2025-11-11 10:26:06.388481,success,NONE,FR,web,False
10833501-9548-4e5c-b908-54d9a4cd6717,C6113,54.99,JPY,Uber,Electronics,2026-01-17 10:26:06.388485,failed,E001,UK,web,True
14c11676-6ebf-4017-b058-79185e1f5a69,C7949,67.03,EUR,Walmart,Groceries,2026-03-29 10:26:06.388488,failed,E002,CA,mobile,True
ef7f94b8-cbe5-4324-95b7-5963d0ea2732,C6795,302.18,GBP,Costco,Shopping,2025-09-13 10:26:06.388492,success,NONE,DE,tablet,False
2ac40052-4708-49fd-8399-80482cbd26a7,C4177,379.45,USD,Delta,Shopping,2026-05-23 10:26:06.388495,pending,NONE,UK,mobile,False
c9a5748c-54b5-45ee-af6a-c3c5a6bdb8f8,C2010,66.21,JPY,Target,Shopping,2025-11-24 10:26:06.388499,success,NONE,DE,web,False
75940601-0c26-4086-8d7d-e785739d898e,C8672,222.21,GBP,Apple,Dining,2026-04-04 10:26:06.388503,pending,NONE,JP,web,False
c277a4bd-84bc-4767-8c48-db11493a224b,C2281,51.1,JPY,Delta,Travel,2026-03-04 10:26:06.388506,success,NONE,UK,tablet,False
95c20a31-4a9c-4a3d-96fa-c7c249947fb9,C6486,445.41,USD,Walmart,Electronics,2026-01-01 10:26:06.388510,failed,E001,JP,web,True
28ca66a0-e527-4d08-8a26-5acb4b57cc62,C7768,400.84,USD,Uber,Shopping,2026-04-22 10:26:06.388514,pending,NONE,FR,tablet,False
31db1d78-41fa-40be-8f06-e7c871e05ad9,C7589,228.79,GBP,Target,Electronics,2025-10-17 10:26:06.388517,pending,NONE,CA,mobile,False
802b7f90-624d-4a1d-ad5b-969122232427,C8140,482.58,GBP,Starbucks,Shopping,2026-06-24 10:26:06.388521,success,NONE,FR,mobile,False
560a7681-0405-4338-91b6-f04658ba1d8d,C5306,257.04,GBP,Walmart,Shopping,2025-10-08 10:26:06.388524,success,NONE,UK,tablet,False
6da6f6c3-4c94-4996-8866-cb6076e0636e,C1538,322.58,JPY,Starbucks,Utilities,2025-09-09 10:26:06.388528,pending,NONE,FR,mobile,False
2d69de10-2dc8-4235-b4f7-e174e8bd9e1f,C1139,38.14,JPY,Uber,Utilities,2026-06-19 10:26:06.388532,success,NONE,DE,web,False
9ba35107-7386-4649-bf55-dcf198131492,C7087,77.57,GBP,Costco,Electronics,2026-02-21 10:26:06.388536,failed,NONE,DE,web,True
38126a63-fe08-4e56-a11d-dab472cfaa0c,C6762,307.52,EUR,Target,Dining,2025-09-21 10:26:06.388539,success,NONE,FR,web,False
5ec5e073-facc-40ee-a343-5a67bc6ecb64,C6417,11.75,JPY,Costco,Utilities,2025-11-14 10:26:06.388543,failed,E002,CA,mobile,True
a65d596b-5712-4756-a62b-c12a999b0bda,C7610,491.9,JPY,Apple,Shopping,2026-04-24 10:26:06.388547,failed,E003,JP,mobile,True
139f1aff-2a38-4d5e-bb75-e7b516b0063b,C5446,215.04,EUR,Uber,Groceries,2026-02-07 10:26:06.388550,pending,NONE,CA,tablet,False
53e94075-9ad2-4476-b892-04602910b452,C5052,300.35,JPY,Target,Dining,2026-08-10 10:26:06.388554,failed,E002,UK,mobile,True
77c94440-f9d2-4ccc-bff4-cb02639f1f9b,C8153,145.54,USD,Starbucks,Electronics,2026-05-25 10:26:06.388557,success,NONE,UK,web,False
b87ae78c-445f-48c7-a1a0-700b71421e40,C4771,462.59,JPY,Delta,Utilities,2026-08-07 10:26:06.388561,failed,NONE,US,web,True
9195f8a0-cfaa-408c-8bfc-ff03affd1a5c,C8173,343.26,JPY,Amazon,Travel,2025-12-07 10:26:06.388565,success,NONE,US,mobile,False
300574d2-1f18-4cfb-bc53-5f5a1b1d34be,C5346,277.49,USD,Walmart,Electronics,2026-08-07 10:26:06.388568,pending,NONE,UK,mobile,False
c5f34b76-b31b-4318-a194-b4138ab5cd20,C9307,361.85,EUR,Costco,Electronics,2025-12-09 10:26:06.388572,failed,E002,UK,mobile,True
fe8d251f-2455-4223-b637-b6cea49b71e9,C9700,390.03,JPY,Starbucks,Travel,2026-05-30 10:26:06.388576,failed,E002,CA,mobile,True
fa7f5053-4ca2-4841-b414-4e173a6cb956,C2331,167.45,USD,Amazon,Groceries,2026-04-26 10:26:06.388579,success,NONE,US,mobile,False
c4387b7e-1640-4ae6-ac78-f6a9a81e1dfa,C6717,43.88,JPY,Amazon,Utilities,2025-12-13 10:26:06.388583,pending,NONE,UK,web,False
6492a6c4-95cf-4f99-84f9-5036be9af8e7,C8578,48.47,GBP,Uber,Dining,2025-11-03 10:26:06.388587,failed,E001,US,mobile,True
bfe039b4-d2b5-4e7b-ae2d-4b5d35c20b52,C9970,254.42,USD,Uber,Dining,2026-03-26 10:26:06.388590,success,NONE,CA,web,False
4b781678-80c3-48f0-b941-793e82175638,C9473,329.31,JPY,Target,Utilities,2025-12-26 10:26:06.388594,failed,NONE,CA,web,True
9e79871d-f281-4c46-933e-472bc0553fda,C5885,311.84,GBP,Target,Utilities,2025-09-26 10:26:06.388598,failed,E003,JP,web,True
6060f6e4-a409-4a6a-baa8-bb6e422d5d76,C7346,401.07,USD,Target,Groceries,2025-12-08 10:26:06.388601,success,NONE,US,mobile,False
e6426334-60c6-45e4-addc-e3d08cc95c8c,C2638,397.78,GBP,Starbucks,Dining,2026-04-18 10:26:06.388605,pending,NONE,JP,tablet,False
caeb1223-0d07-4449-986f-53d7b3b07104,C1350,182.17,GBP,Starbucks,Travel,2026-07-22 10:26:06.388608,failed,E001,JP,mobile,True
25aaf192-99a7-41b4-8982-b09fe2887eb6,C2581,161.19,USD,Target,Shopping,2025-12-28 10:26:06.388612,success,NONE,US,mobile,False
efcb9716-0fcb-4464-a82c-d5c2de69c20c,C5435,186.85,GBP,Starbucks,Utilities,2026-02-04 10:26:06.388615,success,NONE,UK,web,False
f36489f4-7794-44d3-945f-b41911edb347,C7621,44.76,JPY,Target,Travel,2026-05-11 10:26:06.388619,failed,NONE,UK,web,True
cfd090aa-ac14-46da-800a-c5af8be3df70,C5695,274.53,USD,Apple,Electronics,2025-09-11 10:26:06.388622,pending,NONE,CA,tablet,False
3cd9b903-6f46-4b40-a1c1-2a6559d9f4f4,C1169,142.59,GBP,Walmart,Shopping,2026-07-23 10:26:06.388626,pending,NONE,UK,web,False
34275056-124b-467d-bc0b-a9d67bd95368,C1604,475.91,JPY,Uber,Dining,2026-02-26 10:26:06.388630,failed,E003,US,web,True
24ca6a14-264d-498a-897c-c1039a64acf8,C2484,344.31,GBP,Starbucks,Dining,2026-07-21 10:26:06.388633,failed,E002,JP,mobile,True
b09e954b-8849-487b-8887-a00a8f431bb1,C4065,217.97,JPY,Uber,Dining,2026-08-31 10:26:06.388637,pending,NONE,DE,mobile,False
4daa756d-688a-4ed7-8436-ca2e154b2163,C9667,383.5,EUR,Amazon,Utilities,2026-05-22 10:26:06.388640,failed,NONE,US,tablet,True
8f9ecb0b-bb58-470b-ace4-ababcb1c96fb,C5822,463.03,EUR,Costco,Dining,2026-03-02 10:26:06.388644,pending,NONE,DE,web,False
21d3f560-53a2-4cd4-83e1-609dc6589bb3,C9480,50.06,GBP,Amazon,Groceries,2026-03-10 10:26:06.388647,success,NONE,DE,mobile,False
2a9f5252-8c1a-494a-965a-1b3146790761,C3854,459.78,EUR,Walmart,Groceries,2025-12-10 10:26:06.388651,failed,NONE,JP,tablet,True
b5de1403-e0f8-474f-b9a4-49612546f246,C9975,293.44,EUR,Amazon,Electronics,2026-04-05 10:26:06.388655,pending,NONE,FR,mobile,False
970f0b91-b442-4b65-bea1-62914f27e854,C7025,118.11,EUR,Delta,Electronics,2026-06-04 10:26:06.388658,failed,NONE,FR,web,True
c7020d42-6ff0-4f8c-a83c-a15d1b4d1723,C8606,422.94,USD,Amazon,Shopping,2026-05-04 10:26:06.388662,success,NONE,US,mobile,False
040c65ab-87eb-4e0d-b624-cdcd95bb19fc,C2842,343.91,USD,Costco,Utilities,2026-02-18 10:26:06.388666,pending,NONE,US,tablet,False
96b3cea3-2334-4973-b036-3a8570a0b52a,C7904,296.25,GBP,Apple,Electronics,2025-10-29 10:26:06.388671,success,NONE,US,web,False
bd8c2b46-7551-43cc-95df-9cd15525d4d6,C1509,417.86,USD,Walmart,Dining,2026-08-17 10:26:06.388676,pending,NONE,UK,mobile,False
9720f792-c872-4651-8c66-877f2250e350,C1515,360.67,USD,Starbucks,Travel,2026-02-27 10:26:06.388680,pending,NONE,DE,mobile,False
d65e0990-f057-49b3-a1c1-8aace17e348d,C5629,473.82,GBP,Walmart,Shopping,2025-09-22 10:26:06.388683,success,NONE,CA,mobile,False
7070a438-7faf-4516-ad48-5db16d387274,C6725,423.72,USD,Apple,Shopping,2026-04-18 10:26:06.388687,pending,NONE,JP,tablet,False
6aa4ebc6-d58a-4ecd-9494-e5243e06d0df,C1428,428.92,USD,Target,Electronics,2025-11-06 10:26:06.388690,pending,NONE,UK,mobile,False
34840cde-9d6b-4650-9e2a-4cd317a26f9f,C5211,63.53,JPY,Apple,Utilities,2026-08-30 10:26:06.388694,success,NONE,FR,web,False
c626acf2-99ef-4ffa-b66b-623da169a8c0,C5172,210.53,EUR,Uber,Shopping,2026-05-12 10:26:06.388698,success,NONE,UK,mobile,False
c6f9e45e-9b78-47e5-a6e3-c55e9ff4fad9,C1263,259.54,EUR,Walmart,Dining,2026-02-09 10:26:06.388701,pending,NONE,JP,mobile,False
e93087e8-5c92-4de8-bda3-18b262499332,C9260,216.27,GBP,Uber,Utilities,2026-06-26 10:26:06.388705,failed,E001,UK,mobile,True
8e74c0a1-d66f-48b1-84eb-6f4221d5e0da,C3990,279.46,EUR,Delta,Groceries,2026-02-15 10:26:06.388709,pending,NONE,DE,tablet,False
0277a56c-33d6-4e5c-bd81-433edd7e7158,C6778,193.28,GBP,Starbucks,Electronics,2026-01-24 10:26:06.388713,success,NONE,JP,tablet,False
4e225a83-2341-4036-b2be-2e19e8e703d1,C3153,333.8,EUR,Costco,Utilities,2026-01-21 10:26:06.388717,pending,NONE,US,tablet,False
74750c85-3054-48a5-ac8e-08972a350c62,C6761,91.26,JPY,Starbucks,Dining,2026-05-25 10:26:06.388720,success,NONE,DE,tablet,False
faec4de9-3302-400e-a662-bcbc643d32e9,C6782,105.17,EUR,Delta,Groceries,2026-08-29 10:26:06.388724,success,NONE,US,web,False
db9d80c2-aa33-4cf0-b458-7078f62ba52d,C9198,199.89,USD,Starbucks,Dining,2026-08-13 10:26:06.388728,pending,NONE,DE,web,False
69576ed1-a5ef-40bb-91f9-bbc1e0c1cc14,C6781,343.47,USD,Delta,Utilities,2026-06-01 10:26:06.388731,failed,E001,UK,web,True
ffd9381e-4708-494d-97c7-d1bd608a3c1d,C2693,108.41,GBP,Target,Groceries,2026-08-28 10:26:06.388735,pending,NONE,DE,tablet,False
f87918bb-ff43-43fb-8a0c-d608362b3e57,C7695,213.64,EUR,Apple,Dining,2025-12-17 10:26:06.388738,pending,NONE,FR,mobile,False
5cf1342c-f4d9-4bbd-ae6e-c8506ef4da7e,C9193,398.41,USD,Delta,Shopping,2026-05-06 10:26:06.388742,pending,NONE,JP,web,False
928e1aad-3107-4eb4-b3f9-c14979f268b9,C5167,354.28,USD,Target,Dining,2025-09-13 10:26:06.388745,pending,NONE,UK,tablet,False
72dd7bea-e7c3-4179-a5bd-6eb3f0abb706,C3701,486.92,EUR,Target,Shopping,2026-03-23 10:26:06.388749,failed,E003,DE,mobile,True
891eeec8-8d8d-4df3-bee5-3bcefc6cf3d1,C3980,281.67,JPY,Apple,Utilities,2026-08-17 10:26:06.388753,success,NONE,UK,web,False
bca87c6b-a295-4237-bdf4-84a6fbc69c4c,C8572,115.54,JPY,Target,Electronics,2025-12-22 10:26:06.388756,failed,E003,US,tablet,True
a6906fb3-4265-4113-abe7-56ea8ad809c3,C6566,351.32,USD,Apple,Groceries,2026-06-12 10:26:06.388760,failed,E003,FR,web,True
a69ea24d-2382-45eb-acac-e654b3f0ea1f,C7643,479.32,USD,Delta,Utilities,2025-10-22 10:26:06.388764,failed,E002,US,tablet,True
dcae6a90-0f33-49d1-9c40-f5f3fb5ae7c2,C1038,391.28,USD,Delta,Electronics,2025-11-27 10:26:06.388767,pending,NONE,JP,tablet,False
be25e91c-377d-45e9-9b75-21b3ed810dc3,C9662,399.96,USD,Delta,Dining,2026-09-02 10:26:06.388771,failed,E001,DE,mobile,True
c39c4749-eb24-455b-b8e6-e7248dcb7c1d,C6567,231.68,GBP,Amazon,Groceries,2026-05-01 10:26:06.388775,failed,E003,CA,mobile,True
aa1268a7-fd55-4965-9b23-9332c13fab94,C3837,238.62,JPY,Walmart,Shopping,2025-11-24 10:26:06.388779,failed,E001,DE,web,True
4427c0bb-e45f-49ca-8916-1408114b29a6,C6824,117.27,JPY,Walmart,Travel,2025-11-25 10:26:06.388782,success,NONE,US,tablet,False
a989c85d-b1d7-4b18-9fa9-4ee2f2c81403,C3589,130.25,GBP,Costco,Electronics,2026-01-19 10:26:06.388786,success,NONE,FR,web,False
4a2324c4-9e00-4f63-9d00-14faae007485,C1639,233.33,USD,Amazon,Utilities,2025-12-07 10:26:06.388789,pending,NONE,UK,tablet,False
de0aa7e5-0d59-4825-9461-ae66db541762,C3642,279.52,EUR,Costco,Dining,2025-09-30 10:26:06.388793,failed,E003,DE,mobile,True
ff2739a0-003f-41d1-9968-e80d5054f22a,C1408,341.38,EUR,Uber,Electronics,2026-04-14 10:26:06.388797,pending,NONE,US,web,False
b0c154af-9f5c-43b8-b222-ef2bccb6e6f8,C1253,297.76,USD,Amazon,Utilities,2025-09-03 10:26:06.388800,pending,NONE,FR,mobile,False
6b1706b7-1849-4c1e-95e5-bd62ccf5be9f,C6627,305.44,EUR,Delta,Groceries,2025-09-25 10:26:06.388804,failed,E003,FR,tablet,True
019a78a2-4917-47b4-b726-19751c986f71,C6370,387.95,EUR,Delta,Travel,2025-12-23 10:26:06.388808,success,NONE,UK,web,False
8f00019f-dbe9-4bda-a60f-2aa66d515483,C4279,428.7,USD,Costco,Shopping,2026-01-31 10:26:06.388811,failed,E003,DE,web,True
383b6706-5b50-4a1d-a40e-ae00efb768c9,C9076,263.41,GBP,Amazon,Dining,2026-03-24 10:26:06.388815,success,NONE,JP,mobile,False
a4e8ac57-480f-4716-bda6-e4f87f82116b,C8814,78.11,GBP,Costco,Travel,2026-06-29 10:26:06.388819,success,NONE,UK,mobile,False
9b9a0ab7-26fb-459a-bed2-66dac2456c5a,C6553,282.54,JPY,Delta,Travel,2025-12-30 10:26:06.388823,pending,NONE,DE,mobile,False
9c890116-e4a3-4667-81bb-ea04a2c9ea1e,C6517,217.1,EUR,Apple,Electronics,2026-08-09 10:26:06.388826,success,NONE,US,tablet,False
7e06f1e1-942d-4944-9f34-ced84e5a7a15,C1766,307.64,USD,Apple,Electronics,2025-12-06 10:26:06.388830,failed,E002,UK,web,True
3b1b99e6-b619-4a56-942a-d3391fddbdef,C8303,342.26,GBP,Delta,Electronics,2025-09-02 10:26:06.388834,failed,E001,UK,tablet,True
381b0010-e84b-4520-9aac-66bef292449e,C2653,294.29,EUR,Costco,Travel,2025-12-02 10:26:06.388837,pending,NONE,US,tablet,False
07fac167-56ff-45cc-805f-09c51b166916,C1653,419.63,EUR,Amazon,Shopping,2026-05-06 10:26:06.388841,pending,NONE,UK,web,False
1690e02e-6083-4a41-8b3c-0486ea569c4d,C2808,165.94,USD,Delta,Electronics,2026-07-24 10:26:06.388844,failed,E001,UK,mobile,True
ebfc4133-fa87-4dda-9441-94915aaf4612,C6423,491.11,JPY,Uber,Shopping,2025-10-29 10:26:06.388848,pending,NONE,CA,tablet,False
4b87c432-059d-482a-b6e9-b1165f4eec83,C4355,127.71,EUR,Starbucks,Dining,2025-12-18 10:26:06.388851,pending,NONE,UK,web,False
5d4d8b04-5f42-451f-9bf0-ceabde385a81,C7894,395.19,USD,Costco,Electronics,2026-03-08 10:26:06.388855,pending,NONE,FR,web,False
6a5b1678-e247-40fb-98be-509bd89905d9,C8218,336.66,JPY,Walmart,Shopping,2026-03-25 10:26:06.388859,failed,E002,JP,tablet,True
cf1927b1-8478-4d8f-8ef2-46a0c942b7a8,C4719,442.75,USD,Costco,Dining,2026-06-17 10:26:06.388862,pending,NONE,DE,tablet,False
268ac487-5e2d-42c6-bec7-9f6bfc7dbefa,C1153,14.42,EUR,Costco,Groceries,2025-12-29 10:26:06.388866,pending,NONE,US,mobile,False
5c067774-ae84-4d17-8cba-a1ff9a379b5a,C3986,323.35,GBP,Starbucks,Groceries,2025-12-29 10:26:06.388870,failed,E002,FR,mobile,True
5ed2c3c8-27eb-4bd5-8410-7feea4c8d448,C4672,398.22,EUR,Apple,Groceries,2025-10-02 10:26:06.388873,failed,E002,US,mobile,True
8328f2e9-b6b7-44c1-bc57-eb0bbd7b1cbf,C6055,377.45,EUR,Uber,Shopping,2025-12-23 10:26:06.388877,pending,NONE,DE,web,False
8e3b405a-1de5-478b-9ef6-4bed81c3aef3,C6361,302.63,USD,Starbucks,Electronics,2025-11-07 10:26:06.388880,pending,NONE,FR,mobile,False
48ad91c2-8f6a-48c0-8767-ddd982ad9a8e,C5417,16.94,USD,Uber,Groceries,2026-07-11 10:26:06.388884,failed,E002,DE,web,True
c0d17c71-cc91-46a1-b28e-881c0ece067f,C5384,332.67,EUR,Walmart,Utilities,2026-08-01 10:26:06.388888,pending,NONE,JP,tablet,False
7d3ae4f3-0d6d-405f-a806-3f99f35ac75d,C8292,350.93,USD,Delta,Dining,2026-07-23 10:26:06.388891,failed,E002,CA,mobile,True
b1d02b38-4945-46cb-a52b-db88ade6e29f,C1346,140.49,JPY,Apple,Electronics,2025-09-10 10:26:06.388895,failed,E003,JP,mobile,True
acb845b5-c8de-4b04-82a8-e1842d8b3049,C5374,62.34,GBP,Costco,Shopping,2025-11-27 10:26:06.388899,failed,E001,US,web,True
b59a43aa-9fd1-47a8-91a3-6fd21394ca87,C5638,154.21,USD,Walmart,Groceries,2025-10-02 10:26:06.388902,failed,E001,UK,mobile,True
c11a427a-516b-44d4-b34c-ff43b247ca7d,C7456,438.38,JPY,Costco,Dining,2025-12-10 10:26:06.388906,pending,NONE,JP,web,False
7eea9592-52b6-4dd0-9634-beaaab09db7c,C4876,157.7,EUR,Amazon,Utilities,2026-08-19 10:26:06.388910,failed,NONE,FR,web,True
3eebc5bc-c672-4b94-9c6a-50492dbc3c11,C1420,422.66,JPY,Target,Travel,2026-01-05 10:26:06.388913,pending,NONE,CA,mobile,False
9a9731ab-f4ae-4052-b46f-38d602c6ab52,C8004,243.97,GBP,Delta,Travel,2026-05-16 10:26:06.388917,pending,NONE,UK,web,False
eb5bde09-8a62-4389-bf00-509826a18c58,C5855,168.59,GBP,Costco,Groceries,2025-09-14 10:26:06.388921,pending,NONE,JP,web,False
b4f21a3b-4da5-4873-b60c-a28989f9e403,C3384,22.81,EUR,Uber,Travel,2026-06-14 10:26:06.388924,pending,NONE,CA,tablet,False
6b6efb25-0e5a-4dc9-8489-60a879cf896d,C6762,280.38,EUR,Amazon,Dining,2025-10-30 10:26:06.388928,failed,E003,DE,tablet,True
a71aba1c-a3ec-4c75-9ca3-853267551bcf,C5525,180.63,USD,Apple,Travel,2025-09-13 10:26:06.388932,pending,NONE,US,web,False
e9d8d0ec-53dd-4505-8533-15d6dbdbc797,C7896,325.79,EUR,Delta,Dining,2025-10-28 10:26:06.388935,pending,NONE,JP,tablet,False
c424a19d-12f2-4a69-b284-22b0017a4d2b,C5528,144.95,USD,Target,Groceries,2026-04-04 10:26:06.388938,success,NONE,CA,mobile,False
c53e0e8e-808f-4e62-9e9c-7107885c90ad,C6482,144.64,GBP,Uber,Dining,2026-03-20 10:26:06.388942,pending,NONE,JP,web,False
1ebe7c71-5924-4c87-ba84-a1d8b852c3ea,C1016,384.42,USD,Target,Electronics,2025-10-05 10:26:06.388946,failed,E003,UK,mobile,True
9d5e6eaf-e1c8-4ab7-81d1-86b9a5fbfb25,C6614,438.58,JPY,Starbucks,Utilities,2026-04-08 10:26:06.388949,failed,E002,UK,web,True
f25acc23-d2c8-45b0-8d0a-af744aaae4e8,C6001,34.99,EUR,Uber,Electronics,2025-12-31 10:26:06.388954,failed,NONE,CA,tablet,True
638080ef-37d1-4035-81d8-d3184757ef3e,C3776,360.97,EUR,Target,Groceries,2026-02-14 10:26:06.388957,failed,E003,US,web,True
9881f996-a4d0-4c62-9565-911837a80ae6,C5613,481.99,EUR,Uber,Groceries,2025-11-20 10:26:06.388961,pending,NONE,JP,web,False
e0cb6ffd-dd07-4ed2-bda2-eee8daa08867,C6146,206.65,GBP,Costco,Shopping,2026-06-29 10:26:06.388965,failed,NONE,DE,mobile,True
bf03ea2d-e09b-4a0d-901a-aa63111bc13a,C3518,41.04,USD,Amazon,Electronics,2025-12-26 10:26:06.388970,success,NONE,FR,web,False
c8ad0f5e-3c66-4543-a0b4-e8a14e2106df,C1438,278.51,EUR,Uber,Groceries,2026-05-09 10:26:06.388973,pending,NONE,US,tablet,False
b214cb36-32ab-4699-9d26-88dffc1b718d,C7896,248.98,GBP,Uber,Dining,2026-05-07 10:26:06.388977,success,NONE,UK,mobile,False
4ab191f4-f923-4917-a757-84396e3625e4,C2326,451.34,EUR,Uber,Utilities,2026-04-14 10:26:06.388980,pending,NONE,JP,mobile,False
6470c0d7-e27e-4ee4-adff-c2fd2e49c69b,C8331,35.13,USD,Delta,Shopping,2026-07-12 10:26:06.388984,failed,E001,FR,web,True
5160dec6-c5e9-4c77-82b3-9bf51dce7d13,C4487,145.61,GBP,Starbucks,Utilities,2025-11-09 10:26:06.388988,success,NONE,UK,web,False
5d9fc740-d01d-4f7c-a202-bedbadb63e01,C7335,33.32,JPY,Uber,Electronics,2025-12-06 10:26:06.388991,success,NONE,FR,web,False
b6d2563b-4d83-4422-b849-6e597861724d,C1616,142.94,JPY,Costco,Utilities,2025-10-02 10:26:06.388995,failed,E002,UK,web,True
5b52449f-065e-4f8c-a3e7-b06de4dffd69,C4652,76.25,JPY,Target,Shopping,2026-06-19 10:26:06.388999,failed,E001,CA,mobile,True
a9690767-ca28-40b7-9373-fa621d918560,C6122,340.15,USD,Walmart,Groceries,2026-06-10 10:26:06.389002,success,NONE,UK,web,False
65980023-218e-4bb5-b48f-334c629b8d62,C5123,484.57,GBP,Starbucks,Electronics,2026-08-22 10:26:06.389006,failed,E001,CA,tablet,True
c96513e1-97a5-4764-b26d-e44927a5b44f,C8769,486.45,USD,Amazon,Groceries,2025-09-29 10:26:06.389009,pending,NONE,US,mobile,False
1156955f-4cb6-4f2c-8cb4-a35c5b29a129,C1956,152.85,USD,Costco,Dining,2025-10-20 10:26:06.389013,success,NONE,FR,web,False
c7ed12aa-c564-48a6-b49e-6f11f8548fdf,C5085,467.74,JPY,Walmart,Groceries,2026-02-10 10:26:06.389017,failed,E003,US,web,True
55ae1653-9df6-4e29-881f-66f009d80739,C4841,255.23,EUR,Amazon,Travel,2026-05-25 10:26:06.389020,success,NONE,JP,mobile,False
f268660a-9764-4323-b0ea-2ef68e998ce0,C1622,99.84,JPY,Costco,Groceries,2025-10-11 10:26:06.389024,success,NONE,FR,web,False
3495b30e-0e27-4bd3-96f8-81b6be75d014,C9519,327.18,USD,Delta,Groceries,2026-08-22 10:26:06.389028,failed,NONE,FR,tablet,True
33b82702-b7a0-446c-a9f9-0bf762ea26e9,C3551,15.72,USD,Target,Utilities,2026-04-02 10:26:06.389031,success,NONE,US,tablet,False
ae7c8cdf-df75-4ac6-8ae4-188a7278f7f4,C6019,290.55,GBP,Walmart,Utilities,2025-12-22 10:26:06.389035,failed,NONE,CA,tablet,True
551cf9c6-25dd-46b8-82ec-341f62f6e5e3,C6088,443.58,EUR,Amazon,Groceries,2025-09-02 10:26:06.389039,success,NONE,US,tablet,False
89adec6e-ce58-4934-a3d2-54b48b30963a,C7137,258.37,USD,Uber,Shopping,2026-04-04 10:26:06.389042,success,NONE,FR,web,False
2dfd93a6-bcaa-4f55-8029-1344b0ea1220,C7036,354.38,JPY,Apple,Electronics,2025-09-21 10:26:06.389046,success,NONE,FR,mobile,False
09a4780e-870f-4394-a2df-2cf0f996c5c6,C3128,388.86,GBP,Delta,Utilities,2026-06-30 10:26:06.389049,pending,NONE,JP,mobile,False
3e7d834c-b9a2-494c-8593-f5ac70f4d3f5,C2503,120.45,JPY,Walmart,Groceries,2026-06-22 10:26:06.389053,pending,NONE,CA,mobile,False
e9f9f3ae-8ed3-40e7-8bbb-821fd8a25fc3,C2687,317.6,GBP,Amazon,Shopping,2025-11-14 10:26:06.389056,pending,NONE,JP,mobile,False
db0dae53-a0ed-4251-9436-fa45dcbb2dc6,C4569,140.82,GBP,Walmart,Shopping,2025-12-28 10:26:06.389060,failed,E003,DE,tablet,True
2724eadf-f0bf-42d0-935d-1757bdd1060d,C3851,409.18,EUR,Costco,Dining,2026-03-19 10:26:06.389064,failed,E002,CA,tablet,True
fb5b4f5c-232e-4829-a5d9-ac1e2b58d9e1,C3250,403.1,GBP,Uber,Dining,2026-04-08 10:26:06.389067,pending,NONE,US,mobile,False
838d0fcd-68e0-41bc-9e77-29ea438fa5f4,C1200,292.69,JPY,Costco,Shopping,2025-11-11 10:26:06.389072,failed,E001,FR,web,True
497da3fe-9156-4348-8c98-6014e6fc37c4,C9866,384.06,JPY,Costco,Electronics,2026-03-26 10:26:06.389076,success,NONE,JP,mobile,False
245d43b2-5a77-4047-92f0-e262981af955,C5167,65.17,EUR,Starbucks,Shopping,2026-02-07 10:26:06.389080,success,NONE,JP,web,False
d4225476-5c34-4b5c-aaf6-e27314e8cb59,C8757,267.2,GBP,Walmart,Travel,2025-12-22 10:26:06.389096,failed,E001,CA,mobile,True
1e9f7a23-b296-459c-b5ed-c978bfb99c7f,C5714,192.8,USD,Uber,Groceries,2025-11-18 10:26:06.389100,failed,E003,JP,web,True
9b77c55c-1b55-4d6c-a9cb-a8b261564965,C7285,368.46,JPY,Uber,Groceries,2026-04-12 10:26:06.389104,failed,E002,UK,web,True
f4f86ab5-5866-4038-bafd-f2a6a988027c,C5973,267.42,GBP,Apple,Groceries,2025-09-12 10:26:06.389108,pending,NONE,CA,tablet,False
267e9498-b31e-4bac-9489-4b7b15be7e6f,C7402,165.36,EUR,Amazon,Utilities,2026-05-18 10:26:06.389111,success,NONE,CA,tablet,False
d00ef541-c660-4104-a42f-6055d822de04,C6655,326.01,USD,Costco,Utilities,2025-10-05 10:26:06.389115,success,NONE,UK,tablet,False
b6737168-4e88-4c18-9c3d-a2a57c6afd81,C9427,265.82,JPY,Walmart,Dining,2026-05-04 10:26:06.389119,pending,NONE,FR,web,False
4572581c-f453-492b-a903-84a0421ecfad,C7809,207.09,USD,Apple,Dining,2026-04-15 10:26:06.389122,success,NONE,FR,tablet,False
60095602-a9c4-4e80-ba9c-96e7104d93fc,C6291,192.6,GBP,Uber,Dining,2026-02-21 10:26:06.389126,pending,NONE,CA,tablet,False
ffafc018-14bb-487e-9bdc-4876b4e5ec1f,C2850,496.4,GBP,Starbucks,Dining,2026-05-27 10:26:06.389130,pending,NONE,FR,tablet,False
e69df1ff-a81c-4c05-bbc7-4fd298d21f3f,C9944,115.42,USD,Walmart,Dining,2026-05-18 10:26:06.389134,pending,NONE,FR,web,False
4638b7d2-02eb-4a45-8712-f3fc7650a066,C6268,41.38,JPY,Walmart,Dining,2026-09-02 10:26:06.389137,success,NONE,DE,mobile,False
46b8e7a2-5ff4-42d3-9ed5-8ce9e5291a86,C9996,136.89,JPY,Starbucks,Shopping,2026-04-11 10:26:06.389141,failed,E002,CA,web,True
788b84fb-2114-4d0c-b9c0-837e82d76ca4,C4363,422.15,EUR,Apple,Travel,2025-10-13 10:26:06.389145,success,NONE,DE,mobile,False
3fee07ac-0f16-4089-8afe-91f03311f62f,C3172,191.06,JPY,Delta,Electronics,2025-12-31 10:26:06.389148,pending,NONE,FR,mobile,False
5697cb55-d9c8-48bf-9329-e5bfaaea1fc2,C4656,494.29,GBP,Starbucks,Electronics,2026-01-18 10:26:06.389152,success,NONE,US,web,False
dce12275-f7e5-430d-9788-eaa7fc5b6903,C8472,466.64,EUR,Amazon,Travel,2025-11-25 10:26:06.389155,success,NONE,CA,tablet,False
6be1dcf5-1fd7-43d9-88b1-be1243071d62,C7919,460.72,GBP,Uber,Dining,2026-01-22 10:26:06.389159,success,NONE,CA,mobile,False
af164250-0f47-4d0b-8235-2deec38d217b,C7006,129.7,USD,Amazon,Utilities,2026-03-07 10:26:06.389163,pending,NONE,US,tablet,False
4e30ad95-4770-417b-88e8-4cb35e87066c,C5204,418.22,JPY,Apple,Utilities,2026-05-02 10:26:06.389166,failed,NONE,CA,tablet,True
9b6d6f49-1b3d-4260-95e5-7ead45ff7208,C8931,31.82,JPY,Amazon,Shopping,2026-07-19 10:26:06.389170,pending,NONE,JP,tablet,False
a260ad91-87f5-4ae5-8947-c80ec0743bd5,C9451,104.87,EUR,Starbucks,Utilities,2026-05-25 10:26:06.389173,success,NONE,DE,mobile,False
425e139a-556a-45d8-9a07-12d525e55ea9,C6374,369.42,USD,Uber,Travel,2026-03-19 10:26:06.389177,failed,NONE,FR,mobile,True
e2ce05ef-55f0-482a-bba9-5226f953f9fb,C9749,187.05,USD,Target,Travel,2025-10-26 10:26:06.389181,pending,NONE,FR,web,False
b27ab30f-4b69-4a61-978b-55879c387fa1,C3175,86.2,USD,Costco,Travel,2025-10-11 10:26:06.389184,failed,E001,CA,web,True
02f608ff-c575-4839-8a8b-d7626e7adbf5,C2530,77.97,USD,Uber,Shopping,2026-03-07 10:26:06.389188,pending,NONE,FR,web,False
faf96749-cead-4879-988c-fd003a81a894,C5958,219.33,GBP,Delta,Dining,2025-10-28 10:26:06.389192,pending,NONE,US,tablet,False
dea76590-6162-4f34-898a-39d032730abd,C4135,296.63,JPY,Apple,Groceries,2026-07-08 10:26:06.389195,failed,NONE,JP,tablet,True
8f3c734d-ad60-47cd-b679-b3fad17781e0,C9102,181.8,JPY,Target,Dining,2025-10-22 10:26:06.389199,success,NONE,UK,mobile,False
df106276-6609-4b1b-8736-35623309cb2c,C6387,117.21,USD,Apple,Travel,2025-10-22 10:26:06.389202,pending,NONE,UK,tablet,False
52d21924-224d-4da1-9e8c-f012325e011e,C4941,383.95,JPY,Target,Shopping,2026-04-10 10:26:06.389206,pending,NONE,UK,tablet,False
46d62004-ee52-4f36-a0a2-28540b198fb1,C2440,26.93,USD,Target,Groceries,2026-07-08 10:26:06.389209,success,NONE,DE,mobile,False
abb808a4-1c2f-486b-8093-3b9a4609b144,C1487,46.86,EUR,Delta,Travel,2026-02-01 10:26:06.389213,failed,E001,FR,web,True
d0b9aee8-8156-4011-8992-16008ea5241f,C8641,461.15,EUR,Amazon,Travel,2026-07-24 10:26:06.389216,success,NONE,JP,tablet,False
535b87a3-5698-445e-95c8-45be8bc52ec4,C6700,167.56,EUR,Amazon,Utilities,2026-08-26 10:26:06.389220,success,NONE,US,tablet,False
3ae8c328-5ff5-4a8b-b30c-c7f3a78b25ff,C5577,414.06,JPY,Target,Travel,2026-05-13 10:26:06.389224,failed,E003,US,mobile,True
23c4be8c-b5c1-4b56-8e8d-b9951f7b559e,C3984,388.47,JPY,Target,Shopping,2026-06-18 10:26:06.389227,failed,NONE,JP,web,True
f96a2ccc-ae3a-4bd1-9f0b-81a0bf7f3526,C5948,183.76,JPY,Walmart,Electronics,2026-04-30 10:26:06.389231,success,NONE,DE,web,False
1420e0a7-d49a-419c-9dfc-72dde604b829,C4832,499.63,GBP,Target,Groceries,2026-06-10 10:26:06.389235,failed,NONE,DE,mobile,True
cf63adde-9288-4c8e-a0b1-966e11912e7e,C8750,257.86,USD,Walmart,Electronics,2026-01-20 10:26:06.389238,failed,E002,FR,web,True
93061a05-33de-4a00-a7fb-472e4723c148,C4029,409.79,USD,Starbucks,Travel,2025-12-09 10:26:06.389242,success,NONE,DE,tablet,False
0fdef1f8-e045-432b-ba6d-b7f44c7ad849,C1519,153.1,EUR,Starbucks,Dining,2025-12-08 10:26:06.389246,success,NONE,UK,mobile,False
9b63cb10-509c-409f-be18-5339863c6ef9,C1451,482.95,USD,Target,Travel,2026-07-26 10:26:06.389249,pending,NONE,CA,tablet,False
723f8e8e-3156-4679-a4d0-83436d92be79,C6496,156.75,EUR,Apple,Utilities,2026-01-03 10:26:06.389253,pending,NONE,DE,tablet,False
5b5bdbd2-0317-438d-a7d2-225f36d66336,C7453,360.43,GBP,Walmart,Groceries,2026-05-18 10:26:06.389256,failed,E001,JP,mobile,True
e9eecaa0-c49a-4675-bdbd-bed38fa37af9,C9382,177.38,EUR,Walmart,Travel,2025-11-17 10:26:06.389260,success,NONE,DE,tablet,False
57dfcbd2-bb36-43ee-8df1-1973024b065e,C8322,88.77,GBP,Costco,Utilities,2026-07-08 10:26:06.389263,failed,E002,UK,mobile,True
8818b00c-50b2-4848-8b5f-dfcc65d76960,C3060,227.51,JPY,Walmart,Travel,2026-06-16 10:26:06.389267,success,NONE,US,tablet,False
22e5b0ea-7d91-4f4c-b7f1-1f9b76c49977,C1658,22.98,JPY,Target,Utilities,2026-08-07 10:26:06.389271,failed,E003,US,mobile,True
251b478c-7c88-4b4e-bbaf-bb35ffbaf6d2,C4924,117.14,GBP,Amazon,Shopping,2025-11-22 10:26:06.389275,failed,NONE,DE,web,True
d6714c9b-6961-4c9a-b0f0-cc23e6eb956a,C7378,395.12,GBP,Uber,Utilities,2026-07-24 10:26:06.389279,failed,E003,FR,tablet,True
5c9c8f6b-2069-4cd0-b6dc-7150280fadc5,C4962,248.84,JPY,Uber,Shopping,2026-06-06 10:26:06.389282,success,NONE,CA,mobile,False
1fee9093-0a54-4a66-b8e8-c23ca5ef66d8,C9401,402.97,JPY,Delta,Dining,2026-04-13 10:26:06.389286,pending,NONE,CA,mobile,False
f7c8b24f-b023-4b09-aeef-771f25ae937f,C8072,226.86,GBP,Costco,Electronics,2025-10-30 10:26:06.389290,failed,E002,FR,web,True
389052b4-1de9-4195-ad50-8ed0a8b2535a,C5187,360.64,USD,Target,Travel,2026-07-03 10:26:06.389293,success,NONE,DE,mobile,False
95769ca6-dbfc-4106-9195-67e5b155d69d,C1759,185.3,USD,Uber,Travel,2026-05-20 10:26:06.389297,pending,NONE,CA,tablet,False
cc87dd86-3e60-4f60-bf5d-0e36406d1dde,C9546,122.63,JPY,Walmart,Shopping,2026-04-17 10:26:06.389300,success,NONE,DE,tablet,False
22d6d4b1-ff8b-423b-8950-4f3c93dda97a,C5028,47.43,USD,Apple,Shopping,2025-11-25 10:26:06.389304,success,NONE,JP,mobile,False
9cb4f1e4-75f8-46ec-a8dd-f562679fdda2,C4114,371.98,USD,Uber,Travel,2026-01-25 10:26:06.389308,failed,E001,UK,tablet,True
647432c1-02d0-4d8d-aade-a6f67f3dcb11,C5309,309.41,JPY,Amazon,Utilities,2026-06-25 10:26:06.389311,failed,E003,JP,tablet,True
b4f23749-4aa3-4c9b-8f66-97e9b13a808e,C9672,185.99,EUR,Walmart,Groceries,2025-12-14 10:26:06.389315,success,NONE,DE,web,False
eab67608-585b-4bcc-b127-83d3c7001e2e,C5430,248.34,EUR,Amazon,Shopping,2026-03-19 10:26:06.389318,failed,E002,FR,web,True
34ec8417-cccd-4099-8216-18c2df45ce58,C3681,106.58,JPY,Apple,Dining,2025-12-25 10:26:06.389322,pending,NONE,UK,web,False
c5469a79-4f9b-49fb-a0da-107f720f646d,C3501,163.07,USD,Uber,Groceries,2026-08-14 10:26:06.389325,success,NONE,FR,tablet,False
d5ff4e29-6ec2-41f6-9fe7-1c323f5f9096,C4084,241.16,USD,Uber,Utilities,2026-03-02 10:26:06.389329,failed,E002,US,web,True
90618ead-91a3-4a3f-a7ed-2ddb65f0bbbc,C3776,141.36,GBP,Target,Utilities,2026-05-17 10:26:06.389332,pending,NONE,CA,web,False
89a0da0d-2340-4e99-a8c3-bab9b9e374c7,C5803,23.23,USD,Starbucks,Utilities,2025-12-06 10:26:06.389336,success,NONE,US,mobile,False
2f50883c-ebae-4eae-ba41-77c668fa9010,C7466,72.55,EUR,Starbucks,Electronics,2026-01-20 10:26:06.389340,pending,NONE,JP,web,False
4da3ae3a-0657-4a4d-88c2-51cd2cfc709a,C8541,285.84,JPY,Uber,Dining,2026-05-31 10:26:06.389343,pending,NONE,US,mobile,False
f25a87ce-0cfc-405c-b93b-2bdada469a03,C5653,203.59,EUR,Delta,Shopping,2025-09-14 10:26:06.389347,pending,NONE,CA,mobile,False
ad7bfcbc-c397-4f0d-b089-38ce146ae89c,C1912,494.91,USD,Delta,Shopping,2025-11-08 10:26:06.389350,pending,NONE,FR,mobile,False
2a215e3c-5e59-47c9-9324-0007e957ba28,C6843,396.75,EUR,Delta,Dining,2026-07-11 10:26:06.389354,pending,NONE,FR,web,False
5a25ae0d-993b-41d8-a9e3-d1fc773614e7,C3077,368.71,EUR,Starbucks,Utilities,2026-04-13 10:26:06.389358,failed,E003,DE,tablet,True
035e3df6-8c09-408c-8689-892a6162cc95,C1369,322.24,EUR,Apple,Electronics,2026-05-03 10:26:06.389361,failed,E003,CA,tablet,True
4f432b77-5cc0-45c3-bea1-02bd89f17e87,C2306,345.43,USD,Costco,Dining,2025-09-25 10:26:06.389365,pending,NONE,FR,mobile,False
1bd816e1-27c3-4111-a695-38f77993b02d,C4740,192.56,JPY,Starbucks,Utilities,2025-12-06 10:26:06.389369,failed,E002,US,tablet,True
fd813845-38ff-4829-babb-9b9bf81c0a6a,C5732,107.57,USD,Costco,Travel,2026-06-27 10:26:06.389372,failed,E002,UK,mobile,True
78e68f49-0cd9-4191-a6e4-1855d0fde97b,C1187,448.08,EUR,Costco,Electronics,2026-05-13 10:26:06.389376,success,NONE,DE,web,False
7702717c-cb97-400d-b03a-38b9fc16053e,C8246,298.72,EUR,Costco,Electronics,2026-06-06 10:26:06.389380,success,NONE,US,mobile,False
c0d60eb1-3c27-4032-8edb-984a40c8545f,C2692,363.13,USD,Uber,Shopping,2026-05-30 10:26:06.389383,success,NONE,CA,tablet,False
9d45184c-4d04-4d38-9534-1d9da2299d0d,C1651,112.04,USD,Costco,Dining,2025-12-04 10:26:06.389387,failed,E003,CA,web,True
30585ef0-0231-4ac2-9f79-842509701053,C6950,351.44,JPY,Walmart,Travel,2026-04-22 10:26:06.389391,pending,NONE,DE,tablet,False
95f6bd15-0e95-4578-90a6-1e81100da53b,C1121,251.03,JPY,Target,Electronics,2025-10-11 10:26:06.389394,pending,NONE,JP,web,False
24a9b904-7e1c-4984-b8f0-4d42ec6b8111,C3531,258.19,JPY,Apple,Utilities,2026-06-09 10:26:06.389398,failed,E003,FR,tablet,True
e29f67df-d0f3-4ba7-9a84-4d6ac1695ca8,C4737,266.46,JPY,Costco,Travel,2025-10-02 10:26:06.389402,failed,NONE,DE,web,True
0f49ba2d-6f96-4f9f-a0d3-29919b89f2f0,C8577,219.68,USD,Starbucks,Travel,2026-03-24 10:26:06.389405,success,NONE,JP,web,False
09cbef35-7713-4cc1-9dfd-769042f326bc,C7717,393.5,GBP,Walmart,Travel,2025-09-03 10:26:06.389409,failed,E003,UK,web,True
f6218baa-f24b-4286-823a-415b7a8a68e3,C7509,409.55,GBP,Amazon,Utilities,2025-11-12 10:26:06.389413,success,NONE,UK,web,False
f93c750d-8388-46ee-b4c7-9fd9a63642d9,C6034,323.11,USD,Target,Dining,2025-12-17 10:26:06.389416,failed,E001,CA,web,True
c06b6522-858b-4bc6-8bca-e3da696c3f0e,C5015,260.53,EUR,Target,Shopping,2026-04-10 10:26:06.389421,failed,E001,DE,tablet,True
0b0751dc-0b30-4dd2-98b0-bb9d44fabc84,C1795,57.85,USD,Walmart,Electronics,2026-05-07 10:26:06.389424,pending,NONE,DE,mobile,False
3b7fdfde-0973-4e44-8d24-bcc17ebc4061,C6225,26.78,EUR,Costco,Groceries,2026-03-01 10:26:06.389428,success,NONE,FR,tablet,False
286b611e-59da-4852-a54d-aa757c26189f,C9798,399.8,JPY,Costco,Groceries,2026-03-07 10:26:06.389432,failed,NONE,CA,web,True
254d284e-3ffc-4edc-ae79-a60303e6ef55,C5749,443.24,GBP,Uber,Travel,2026-04-18 10:26:06.389435,pending,NONE,FR,tablet,False
e1ca8e99-c053-4584-b5dd-741f13008623,C1717,270.62,JPY,Starbucks,Groceries,2026-03-29 10:26:06.389439,failed,NONE,US,web,True
5fcdac33-0ced-4b80-9be4-41feb710f87e,C2050,159.93,GBP,Costco,Travel,2026-04-13 10:26:06.389442,pending,NONE,DE,web,False
09cb93bd-280b-4dbe-afcb-6b8a4ff71dd4,C6109,198.64,GBP,Costco,Shopping,2026-03-20 10:26:06.389446,pending,NONE,JP,web,False
0ef38271-d29d-43b7-96db-95d6379f2615,C4686,360.95,JPY,Amazon,Utilities,2026-01-03 10:26:06.389450,failed,E001,FR,web,True
7a01409b-72c4-4c0a-9302-ec34becb33fe,C1572,282.29,EUR,Costco,Utilities,2026-03-25 10:26:06.389453,failed,E002,FR,tablet,True
51aff4df-373d-4193-afd1-1d4cf993865e,C3201,133.98,USD,Apple,Shopping,2026-05-12 10:26:06.389457,pending,NONE,FR,tablet,False
0b3c6162-2b8c-4d95-b13a-38ecbf7e9564,C5764,216.67,GBP,Walmart,Dining,2026-03-11 10:26:06.389460,success,NONE,UK,tablet,False
e3dab235-3578-41b5-a53d-13c6816f20b4,C3595,12.2,JPY,Costco,Shopping,2026-01-07 10:26:06.389464,pending,NONE,FR,mobile,False
4f9f6aa2-90f0-42b6-b361-0572d0f92511,C5443,250.67,USD,Costco,Groceries,2026-04-04 10:26:06.389473,success,NONE,DE,web,False
ed2bb2e2-be0b-45b2-9e0a-0d01a930563f,C1363,353.66,USD,Apple,Travel,2025-11-09 10:26:06.389477,pending,NONE,FR,mobile,False
c7c40f07-c91c-4438-84b0-405367f36271,C6530,272.83,GBP,Apple,Travel,2025-11-10 10:26:06.389480,pending,NONE,UK,tablet,False
18c6c6f8-538c-4842-b476-711aed1086d8,C7973,83.03,GBP,Delta,Electronics,2026-02-27 10:26:06.389484,failed,NONE,JP,mobile,True
7eb1a116-7717-41a9-8270-9e9fc1981822,C7380,406.19,GBP,Starbucks,Travel,2026-08-03 10:26:06.389488,failed,E003,JP,tablet,True
01e33db4-ba4d-46cd-acf8-0e4cbb812145,C7059,499.66,USD,Target,Travel,2026-03-22 10:26:06.389492,pending,NONE,JP,mobile,False
c13340ed-ef77-4498-9f3b-8a28074ea2cd,C3514,359.6,GBP,Amazon,Shopping,2026-08-21 10:26:06.389495,failed,E003,JP,mobile,True
428ab9fd-7306-4fc9-a8a3-cb5e89955e1a,C6259,144.71,USD,Apple,Shopping,2025-10-16 10:26:06.389499,pending,NONE,DE,mobile,False
3cd2c87d-e004-4946-8ee4-2d0794830fe8,C5547,206.17,JPY,Uber,Travel,2026-04-13 10:26:06.389503,success,NONE,UK,tablet,False
94936034-d08c-4247-a9d7-5960bf4310d5,C1609,253.11,JPY,Amazon,Dining,2026-05-07 10:26:06.389506,success,NONE,DE,web,False
baceea58-198b-4ab1-b210-dbfbe2a17a01,C9926,50.72,USD,Costco,Groceries,2026-05-14 10:26:06.389510,failed,E001,CA,mobile,True
f7ce2852-1465-4f53-8100-d256d42b86c4,C6464,130.7,USD,Starbucks,Utilities,2026-06-21 10:26:06.389513,success,NONE,JP,web,False
c29cdb26-39b4-440b-80b1-f34fb6289e40,C1109,196.4,USD,Amazon,Travel,2026-02-14 10:26:06.389517,success,NONE,US,mobile,False
cd8958bf-f195-479e-9dd1-c7931ace3eb8,C6642,359.02,EUR,Target,Shopping,2025-11-07 10:26:06.389520,success,NONE,FR,web,False
8aceefdd-7f15-470c-bc89-09b5ce180366,C1331,230.82,USD,Walmart,Groceries,2025-09-05 10:26:06.389524,success,NONE,DE,mobile,False
0140a606-10f6-4721-9e4a-dcc3ba99a7d6,C7941,319.56,EUR,Uber,Travel,2025-10-01 10:26:06.389527,pending,NONE,DE,mobile,False
37e61706-b92b-4613-ad20-7af2e82eb712,C3181,424.35,USD,Costco,Electronics,2025-11-24 10:26:06.389531,failed,E002,JP,web,True
7f4b6cb5-f07d-411f-a271-f3681e7e58b8,C3843,387.08,GBP,Uber,Travel,2026-01-14 10:26:06.389535,success,NONE,UK,tablet,False
e8cc1494-4757-4599-8a1e-ddfe1ac6440e,C5313,336.78,USD,Walmart,Dining,2026-08-05 10:26:06.389539,failed,E001,UK,mobile,True
15d7c6dd-0598-44fa-9243-1555417dc134,C5686,173.57,USD,Apple,Dining,2026-05-10 10:26:06.389542,success,NONE,FR,web,False
baedcbfb-bef0-46a9-9d12-d7ed77ed8c15,C5616,71.77,GBP,Starbucks,Utilities,2025-09-20 10:26:06.389546,failed,NONE,US,tablet,True
c6466102-3e45-417b-963e-4fe25513d69d,C7086,201.84,USD,Walmart,Dining,2025-09-23 10:26:06.389550,failed,E001,CA,tablet,True
71fd895f-2d7f-4ad0-8ae7-0ed6f3a6e518,C6512,51.1,JPY,Costco,Shopping,2026-02-15 10:26:06.389553,failed,E001,UK,tablet,True
a8251ccb-24a7-456b-9fa4-1d5d7b822bb3,C6811,418.48,JPY,Target,Travel,2026-04-30 10:26:06.389557,pending,NONE,DE,web,False
cb3d0ebd-6cfe-4353-a691-b64f1c31f966,C1690,105.75,USD,Amazon,Groceries,2026-02-20 10:26:06.389560,success,NONE,US,tablet,False
3a5860b9-d9ce-48c9-82b8-582036339108,C5257,149.11,JPY,Delta,Groceries,2026-05-01 10:26:06.389564,failed,E002,US,web,True
93490d0c-0bd1-47c7-8569-f31c5f0c862d,C3547,343.77,JPY,Starbucks,Travel,2026-07-21 10:26:06.389568,success,NONE,US,tablet,False
e6abd328-494b-48ff-ae8e-e56c1df495f2,C3794,484.64,USD,Delta,Dining,2026-05-11 10:26:06.389572,failed,E002,UK,tablet,True
fb7f0fef-ea31-4086-9919-1e5c6f0ddb25,C8016,162.83,USD,Delta,Travel,2025-09-06 10:26:06.389576,failed,NONE,UK,web,True
32d9b795-454d-4538-a063-b3cb55afed25,C7681,361.98,USD,Starbucks,Shopping,2025-11-01 10:26:06.389580,pending,NONE,CA,tablet,False
defcd56c-7f72-4365-b502-fe6f2cf38212,C4491,272.55,USD,Apple,Dining,2025-10-03 10:26:06.389583,pending,NONE,DE,web,False
81a5831a-1e15-4f88-a517-0955df32b0d8,C5047,28.51,JPY,Starbucks,Groceries,2026-04-10 10:26:06.389587,success,NONE,US,tablet,False
86652075-9d33-44da-8191-5f5fbc544538,C4690,89.75,GBP,Target,Dining,2026-02-16 10:26:06.389591,pending,NONE,JP,mobile,False
c049f3b1-7d9f-4ad6-8276-413237b54123,C5542,401.69,GBP,Target,Dining,2025-10-23 10:26:06.389594,success,NONE,JP,web,False
dec04b42-5720-417c-87ee-567eb323d892,C9161,32.53,USD,Starbucks,Utilities,2025-11-18 10:26:06.389598,failed,NONE,UK,web,True
8531d3a4-a1f9-472f-981b-0b62a18d9101,C5535,322.12,USD,Starbucks,Electronics,2025-12-28 10:26:06.389601,failed,E002,DE,mobile,True
77d1f090-7e11-4624-9df0-8634209787b4,C1171,284.62,JPY,Amazon,Utilities,2026-04-11 10:26:06.389605,pending,NONE,DE,mobile,False
9deb6fb8-9680-49aa-b641-8f1866922237,C9171,43.28,USD,Walmart,Dining,2026-08-09 10:26:06.389609,pending,NONE,JP,web,False
29d2f99c-55b2-4d42-b3a2-71b3ec104334,C9267,168.64,JPY,Apple,Groceries,2026-02-07 10:26:06.389612,success,NONE,JP,tablet,False
13e26414-5680-4bf9-b4d0-6f5bd676cb2c,C7677,409.18,GBP,Apple,Travel,2026-07-30 10:26:06.389616,pending,NONE,DE,tablet,False
92b6114b-0502-4016-a025-0c4d131bfa42,C1684,424.12,GBP,Uber,Travel,2025-12-27 10:26:06.389619,failed,E002,FR,tablet,True
e2e4b32c-23fa-4c19-894f-b5b5338f2a43,C7796,222.94,GBP,Uber,Travel,2026-05-23 10:26:06.389623,success,NONE,JP,mobile,False
3ea759a5-2053-4db9-866b-bd15cec9a8e2,C2901,359.55,USD,Starbucks,Travel,2026-04-17 10:26:06.389626,success,NONE,CA,mobile,False
9d7056cc-b98f-4cf8-b0cc-58c8d1e70754,C2447,313.14,JPY,Target,Shopping,2026-02-08 10:26:06.389630,pending,NONE,UK,mobile,False
b26559d7-1653-4e71-8630-71315c0e523d,C1704,392.78,EUR,Amazon,Utilities,2026-06-29 10:26:06.389633,pending,NONE,UK,web,False
b3342367-5c01-4a64-957c-790e6af750d2,C2832,392.58,EUR,Apple,Shopping,2026-06-02 10:26:06.389637,failed,E003,UK,tablet,True
189ffa8f-358d-47fe-a7fc-67a6f061743f,C5994,15.22,JPY,Costco,Utilities,2025-09-29 10:26:06.389641,failed,E002,JP,web,True
c1be802c-d508-4485-abd0-c2720a5efb76,C5518,256.01,JPY,Delta,Groceries,2025-11-10 10:26:06.389644,success,NONE,CA,web,False
74fce564-91da-48c9-82f3-e9828537f883,C8108,487.9,USD,Delta,Travel,2026-03-25 10:26:06.389648,success,NONE,JP,mobile,False
91fee094-3974-44a4-bfb1-b90d5055c950,C7381,82.36,EUR,Delta,Shopping,2026-01-27 10:26:06.389651,pending,NONE,CA,tablet,False
15464e0e-50b6-4830-bcc9-d506c6f6a287,C2392,65.64,JPY,Target,Shopping,2025-11-06 10:26:06.389655,success,NONE,UK,web,False
2ae85118-9382-440c-9876-7c521136c2ac,C5331,40.61,JPY,Target,Dining,2026-02-25 10:26:06.389659,pending,NONE,DE,web,False
057bd2ee-198c-4df7-97cb-11f06da0e78c,C4549,26.57,USD,Costco,Utilities,2025-11-20 10:26:06.389662,pending,NONE,US,tablet,False
1a82875d-7e1c-46a8-850a-7558a9f91635,C7706,206.9,JPY,Costco,Utilities,2026-04-18 10:26:06.389666,failed,NONE,DE,tablet,True
78b3d83f-513b-4d29-a778-7594f1d7b124,C5346,397.1,EUR,Target,Travel,2026-03-23 10:26:06.389670,failed,NONE,FR,mobile,True
c5c84e07-e2dd-4cb1-9b1d-08905e62c6e7,C6005,38.34,JPY,Walmart,Dining,2026-06-30 10:26:06.389673,success,NONE,FR,mobile,False
a63ce067-ff68-448c-87a3-d5f265bfa04b,C5358,190.24,JPY,Delta,Utilities,2026-04-30 10:26:06.389677,success,NONE,US,tablet,False
e33381a2-8380-47f2-98e9-ffaad95595f4,C7712,363.9,GBP,Delta,Utilities,2026-01-22 10:26:06.389681,success,NONE,JP,web,False
47a31515-f2d2-4b22-be48-0201cce540e0,C3889,165.44,GBP,Apple,Utilities,2026-02-03 10:26:06.389684,pending,NONE,UK,web,False
e0d77963-b0bc-496c-8ed6-933f80c33b76,C4176,15.87,USD,Apple,Shopping,2026-07-09 10:26:06.389688,pending,NONE,US,web,False
17f4dddb-afe8-4537-955b-6414837c4fa5,C5612,484.67,USD,Amazon,Travel,2025-10-25 10:26:06.389691,failed,E002,US,web,True
acf75d53-5b45-4642-bda5-f5ccfdd815d5,C5192,116.89,EUR,Delta,Electronics,2025-12-27 10:26:06.389695,success,NONE,JP,web,False
66d9fb76-2d2c-4a58-9198-5c036de8a3aa,C5462,92.3,JPY,Target,Groceries,2025-12-23 10:26:06.389698,failed,E003,JP,tablet,True
cf6af7ac-77d2-4f4d-9089-47d12017ceb1,C8343,326.5,JPY,Apple,Electronics,2025-10-02 10:26:06.389702,success,NONE,DE,tablet,False
34317ea1-4139-49fa-b51f-7bbfa9001789,C7034,490.73,EUR,Delta,Electronics,2025-09-07 10:26:06.389706,pending,NONE,CA,tablet,False
fb824c28-9c38-4cd6-8274-6a8f34e5d03f,C3181,272.43,JPY,Uber,Shopping,2026-06-29 10:26:06.389709,failed,E001,UK,tablet,True
b3f4d9c6-7e6d-478b-85d7-6dc30ac4c97f,C4492,135.86,USD,Amazon,Travel,2026-06-30 10:26:06.389713,success,NONE,US,mobile,False
37802d83-abe9-41bc-a92f-ec3cd9150c07,C7904,472.14,EUR,Starbucks,Dining,2026-01-17 10:26:06.389717,failed,E002,FR,web,True
3157a589-a897-49ae-af37-36a28070df95,C1305,205.75,EUR,Uber,Shopping,2026-04-19 10:26:06.389721,pending,NONE,CA,tablet,False
3b6a3162-25ec-4015-9836-35e892872fcc,C9465,158.79,GBP,Apple,Travel,2026-07-26 10:26:06.389725,failed,E001,JP,web,True
e9589da6-ee95-47c2-a508-ff2c20e60106,C8253,172.26,GBP,Apple,Electronics,2026-01-26 10:26:06.389728,pending,NONE,US,web,False
4e033f50-4c66-4866-b46f-b90aee4e4750,C5316,155.63,USD,Uber,Electronics,2026-04-06 10:26:06.389732,failed,NONE,JP,tablet,True
b67b1f63-bb68-4e4d-9167-07a453171ff2,C9185,183.29,USD,Delta,Travel,2025-09-23 10:26:06.389736,pending,NONE,FR,mobile,False
89b99cd8-1270-464d-876a-263e1409e7e2,C1624,186.46,EUR,Walmart,Dining,2025-10-03 10:26:06.389739,failed,E003,FR,tablet,True
ce47e638-ed7d-4318-83b3-88233c358f72,C8080,389.18,USD,Costco,Electronics,2026-08-05 10:26:06.389743,pending,NONE,CA,tablet,False
51018724-ccd0-48d4-bbd9-370fce68cd70,C9794,281.84,USD,Apple,Dining,2025-10-26 10:26:06.389746,failed,NONE,UK,mobile,True
1b791bbb-ee61-4449-944c-530ef5126e52,C7819,142.56,GBP,Delta,Utilities,2025-10-27 10:26:06.389750,failed,E002,CA,web,True
02db50f5-6440-4c32-af11-b91cad0100e0,C1470,458.13,USD,Starbucks,Electronics,2026-07-02 10:26:06.389754,failed,E002,JP,tablet,True
9d7a5f9c-af01-4991-b7c0-bce9b05fb59a,C2573,148.74,EUR,Apple,Travel,2025-10-09 10:26:06.389758,pending,NONE,UK,mobile,False
04e925a4-adc4-4ecf-8590-c12c0a645c74,C3125,66.33,USD,Starbucks,Dining,2025-10-20 10:26:06.389761,pending,NONE,DE,web,False
4f259f41-b6ff-4018-98fb-7c388f63c746,C2979,93.71,USD,Uber,Dining,2026-03-10 10:26:06.389765,success,NONE,US,web,False
1a4931eb-c54b-4367-97d4-ae411c168c82,C7361,435.14,JPY,Costco,Dining,2025-12-14 10:26:06.389768,success,NONE,JP,tablet,False
1906a327-6134-4e09-938c-eff3d607d535,C7343,130.34,JPY,Target,Groceries,2026-09-01 10:26:06.389771,pending,NONE,US,tablet,False
5f91f0ad-fb01-49a5-a0e4-5edddda6fa2c,C2600,14.64,GBP,Starbucks,Dining,2026-01-03 10:26:06.389775,success,NONE,UK,mobile,False
d126cb12-26c0-498d-a2f7-45477a33ee11,C3113,357.78,EUR,Amazon,Shopping,2026-06-03 10:26:06.389779,failed,E001,UK,mobile,True
aa7bd8a4-616b-4ec8-ab14-f627556d0b3e,C6459,190.44,JPY,Apple,Dining,2026-06-19 10:26:06.389782,pending,NONE,CA,mobile,False
ade67c06-959b-4889-b4ee-4c351c761b18,C6256,48.37,JPY,Uber,Dining,2026-05-31 10:26:06.389786,pending,NONE,UK,web,False
63d457af-5976-4740-868c-91c7acea5511,C7354,183.15,JPY,Starbucks,Groceries,2026-06-20 10:26:06.389789,pending,NONE,FR,web,False
f2eca4b4-32d4-4fae-bdd7-cb7c0140e886,C7540,194.06,GBP,Delta,Travel,2026-01-30 10:26:06.389793,pending,NONE,FR,web,False
6fe1cf9b-700c-4d43-b78a-0d9cb894a7b6,C6049,54.5,EUR,Uber,Groceries,2026-03-20 10:26:06.389796,success,NONE,FR,mobile,False
bb2c7040-eb59-4b4c-9d7e-0bb4979e2605,C3776,106.79,EUR,Apple,Utilities,2026-01-03 10:26:06.389800,pending,NONE,US,mobile,False
26613428-b9e7-4458-bdb2-8cdf58939a07,C2684,207.47,GBP,Apple,Dining,2026-05-16 10:26:06.389803,pending,NONE,JP,web,False
5389a96e-5eb3-46d8-ae47-f6229c9a163b,C1539,321.94,EUR,Starbucks,Dining,2026-03-27 10:26:06.389807,success,NONE,FR,tablet,False
0ee83663-7615-4206-af9b-2cccadda64b7,C6954,109.2,JPY,Delta,Dining,2025-12-12 10:26:06.389811,success,NONE,UK,tablet,False
c4d32d36-cadc-48be-8caa-09c4fd6204ba,C2928,461.54,EUR,Delta,Utilities,2026-05-02 10:26:06.389814,failed,E001,DE,tablet,True
17b2e20d-ffbd-41a0-adee-df40db52656d,C9512,297.58,EUR,Costco,Travel,2026-08-20 10:26:06.389818,failed,E002,JP,mobile,True
ce7562a6-66d4-41f7-9167-62e2b2e741ed,C6444,457.95,JPY,Amazon,Shopping,2026-01-14 10:26:06.389821,pending,NONE,CA,mobile,False
a28cb7dd-e30e-4cd5-941e-80670e14d507,C4686,19.86,GBP,Target,Utilities,2026-01-09 10:26:06.389825,failed,E003,JP,web,True
3039a99c-d136-4b5a-9917-e09db89e26bf,C9429,94.83,JPY,Uber,Groceries,2026-08-04 10:26:06.389829,success,NONE,UK,web,False
9119b447-d7a0-4f4a-84ee-0755cf026285,C6599,226.89,USD,Apple,Dining,2026-01-31 10:26:06.389832,failed,E002,CA,mobile,True
39f0fae7-2484-4f99-b456-957521e047f1,C7350,23.68,JPY,Amazon,Dining,2026-04-23 10:26:06.389836,pending,NONE,DE,tablet,False
ab0d15c5-7a0e-4ce2-93ea-369671a6fc2e,C8800,496.91,GBP,Apple,Dining,2026-05-20 10:26:06.389840,pending,NONE,JP,web,False
78c05323-188a-4d02-bdc0-8f07868060dd,C6096,396.33,EUR,Apple,Groceries,2025-12-27 10:26:06.389847,success,NONE,CA,tablet,False
a510a3b0-dbcd-4b4e-8f68-b8aedfe53513,C5170,117.5,USD,Amazon,Groceries,2026-05-06 10:26:06.389851,success,NONE,FR,web,False
88b0a258-311c-4cd0-b3c2-460efa943ebb,C8159,12.97,EUR,Starbucks,Groceries,2026-05-21 10:26:06.389854,pending,NONE,FR,web,False
76c7a412-ae51-4404-851c-eee66986dde6,C6029,366.95,JPY,Uber,Travel,2026-04-27 10:26:06.389858,failed,E002,US,tablet,True
5f251c4a-beca-44a7-a27e-24d6b63800cf,C3670,228.33,EUR,Walmart,Dining,2026-04-28 10:26:06.389862,failed,E001,UK,tablet,True
ba5b3849-646d-4856-82ac-18f145a95bda,C4669,389.59,GBP,Target,Dining,2025-12-05 10:26:06.389866,success,NONE,FR,mobile,False
a4304b1f-c7bf-4838-b9e1-9d620a1a0d83,C3562,421.32,USD,Delta,Travel,2026-04-19 10:26:06.389870,failed,E001,FR,tablet,True
9ef8bc26-58ad-4af4-a854-be9ea6ee3366,C3674,441.67,GBP,Apple,Dining,2026-05-30 10:26:06.389874,failed,NONE,US,mobile,True
a80d112f-410d-408c-88c3-fc34faada331,C6460,186.48,JPY,Starbucks,Electronics,2025-09-30 10:26:06.389878,failed,E001,JP,tablet,True
74c67148-406e-4db5-b59d-a729862c39c4,C7229,220.24,GBP,Starbucks,Utilities,2025-11-01 10:26:06.389881,pending,NONE,US,web,False
212a8cde-9576-47b1-a3d8-57db5ec12862,C4222,409.81,JPY,Delta,Groceries,2025-10-09 10:26:06.389885,pending,NONE,DE,tablet,False
71f0b92b-e12d-4cae-b256-b979645c5e99,C6216,31.8,JPY,Apple,Electronics,2026-02-28 10:26:06.389889,failed,NONE,DE,web,True
e1ff994e-9538-4191-9360-4ed41a0e763d,C2770,333.8,EUR,Walmart,Electronics,2025-10-17 10:26:06.389892,failed,E001,DE,web,True
3f0d28f1-0ddf-4315-9a1b-adcd68e368fd,C2670,88.73,GBP,Starbucks,Shopping,2026-06-01 10:26:06.389896,pending,NONE,JP,tablet,False
ce682a51-75cd-47be-8268-3d21b4635c29,C6988,13.73,EUR,Amazon,Travel,2026-08-23 10:26:06.389900,success,NONE,JP,mobile,False
1976b61e-34ec-4fc0-8ba9-9582378771f1,C5232,73.36,USD,Target,Dining,2025-09-20 10:26:06.389903,pending,NONE,DE,web,False
cef717a7-177e-4519-8cd9-96d437bf646b,C3009,195.84,GBP,Costco,Dining,2026-04-05 10:26:06.389907,failed,E001,CA,web,True
0812ac85-2699-4cc1-afec-bbaff1e9eaa3,C9699,10.55,USD,Uber,Travel,2026-04-19 10:26:06.389910,success,NONE,UK,tablet,False
36f3dbbf-27de-48bf-8121-ef5c73f76a15,C5960,364.5,EUR,Starbucks,Dining,2026-02-22 10:26:06.389914,pending,NONE,DE,tablet,False
89503f85-5b35-4f11-b5d5-e6e538cddd1f,C2224,287.06,GBP,Starbucks,Dining,2026-07-14 10:26:06.389917,pending,NONE,DE,mobile,False
5dab15b6-6959-4c7e-a351-3803c43f0147,C9648,9.7,EUR,Costco,Groceries,2026-01-02 10:26:06.389921,success,NONE,UK,mobile,False
53def3cd-df82-4a7d-9f9f-66a9881dc9fd,C2478,247.19,USD,Amazon,Groceries,2025-11-16 10:26:06.389924,success,NONE,JP,tablet,False
5be1434b-2258-477a-979c-c69557699c98,C6182,302.97,GBP,Walmart,Utilities,2025-11-16 10:26:06.389928,pending,NONE,JP,web,False
b3f9327d-1db0-4322-a3be-2ee6c76e1ea8,C4177,220.34,USD,Delta,Groceries,2026-03-10 10:26:06.389931,failed,E003,JP,tablet,True
5d830589-d246-403a-a21f-42518525b356,C5440,214.95,GBP,Walmart,Shopping,2026-05-07 10:26:06.389935,success,NONE,DE,mobile,False
013486ad-f393-44c8-bb17-596cc56af2a8,C4435,43.5,USD,Costco,Electronics,2026-02-15 10:26:06.389939,failed,E001,UK,tablet,True
11cee33d-841e-45c5-8cc0-676480b196f7,C2796,66.21,JPY,Apple,Utilities,2025-11-30 10:26:06.389942,pending,NONE,DE,tablet,False
aebf8167-e3b4-41e5-8251-483b5408506b,C1807,276.3,JPY,Delta,Groceries,2026-03-01 10:26:06.389946,pending,NONE,JP,mobile,False
b8186fcf-b549-4740-bb21-9456a598df04,C5985,41.79,EUR,Walmart,Electronics,2025-12-29 10:26:06.389949,success,NONE,US,web,False
d54ebdaf-5d8d-4ac5-99f4-3882fd9f53c9,C8063,142.96,JPY,Uber,Utilities,2026-07-25 10:26:06.389953,pending,NONE,UK,mobile,False
1be2fab6-797c-4dc4-be12-43a0161da522,C5319,355.88,GBP,Apple,Shopping,2026-02-23 10:26:06.389956,success,NONE,US,mobile,False
263448b1-9c65-41b3-be2e-00f254a810e2,C2289,187.73,USD,Costco,Utilities,2025-09-22 10:26:06.389960,failed,NONE,US,mobile,True
c2aa96bc-be5e-4e86-96c8-7f4506da4f01,C2272,271.16,USD,Amazon,Dining,2026-03-09 10:26:06.389963,pending,NONE,FR,mobile,False
8162c5fa-b9bb-4f05-a25e-596a22276fe2,C3898,256.94,USD,Walmart,Electronics,2026-05-16 10:26:06.389967,failed,E002,CA,mobile,True
bc31c48d-2708-442d-aaed-cdd5f727f023,C6229,110.31,GBP,Apple,Travel,2026-06-11 10:26:06.389971,pending,NONE,CA,tablet,False
c7398303-4030-4a73-9621-da69d0d83d41,C2697,156.21,USD,Uber,Groceries,2026-02-27 10:26:06.389974,pending,NONE,JP,tablet,False
1b1ea812-e43a-474a-b25c-97471ba3e7d4,C3451,30.9,USD,Uber,Dining,2025-11-19 10:26:06.389978,failed,NONE,CA,web,True
be6d4395-b90b-46ba-920a-9cc1086e37dc,C4152,464.67,USD,Starbucks,Electronics,2025-12-23 10:26:06.389982,pending,NONE,JP,tablet,False
d7912ba1-57e7-40b2-87a3-d5affb26da4a,C7074,282.73,GBP,Starbucks,Dining,2025-12-27 10:26:06.389985,pending,NONE,CA,web,False
5e69b937-c629-4211-82a0-0e24cc1df91d,C7624,37.15,USD,Amazon,Travel,2026-03-06 10:26:06.389989,success,NONE,JP,mobile,False
c6c03873-62f1-4e05-bbee-203c6aa3a3ad,C5345,122.33,JPY,Starbucks,Utilities,2026-02-01 10:26:06.389993,failed,E002,DE,tablet,True
6c00cfb0-341b-4567-8bfd-084fe2713adf,C4071,247.32,JPY,Delta,Groceries,2026-05-24 10:26:06.389996,success,NONE,FR,mobile,False
86a18e9b-7bfb-4b09-a04e-87ce41d6f507,C5957,392.39,EUR,Apple,Shopping,2026-03-18 10:26:06.390000,failed,NONE,UK,web,True
7c4397a8-042e-4176-8515-7616ff2fec9a,C1229,129.93,JPY,Costco,Utilities,2026-04-25 10:26:06.390004,success,NONE,FR,mobile,False
9cb3556d-b313-4f6f-9027-55d723194669,C9220,110.12,USD,Target,Utilities,2026-03-24 10:26:06.390007,failed,E002,FR,mobile,True
3b771b09-14f7-42d7-a1b7-0582b28defe4,C5757,397.86,USD,Costco,Shopping,2026-08-29 10:26:06.390012,pending,NONE,DE,tablet,False
8876b2dd-2ff0-4f93-a86e-30dc2fa62cda,C7685,267.44,EUR,Starbucks,Electronics,2026-03-12 10:26:06.390015,success,NONE,FR,tablet,False
b4eb8594-0b14-44f6-a513-ecfe5c2f1910,C1222,441.69,JPY,Costco,Utilities,2025-11-02 10:26:06.390019,success,NONE,UK,mobile,False
431e1903-3252-49f5-8e16-487e38e0c103,C9194,330.99,EUR,Starbucks,Electronics,2026-02-07 10:26:06.390023,failed,E001,JP,mobile,True
293b2a89-c39d-4bf0-b9e4-1061ae321df9,C5850,448.63,GBP,Uber,Shopping,2026-07-18 10:26:06.390027,failed,E003,CA,tablet,True
a2d3bf35-77c9-4f69-ad52-9cf26594ddab,C7155,408.91,USD,Uber,Groceries,2025-11-25 10:26:06.390031,failed,NONE,JP,web,True
c3556f81-aedf-48d1-8a55-f02346b6fb6a,C2650,320.63,USD,Starbucks,Utilities,2025-12-17 10:26:06.390035,pending,NONE,US,web,False
57e8e4db-3ab8-4f2d-a187-bdf712f0405c,C3353,10.2,EUR,Starbucks,Groceries,2026-04-11 10:26:06.390038,success,NONE,US,mobile,False
b4885119-a2c5-4bd8-a904-38feb341a9d8,C5712,430.01,JPY,Target,Groceries,2025-09-10 10:26:06.390042,pending,NONE,FR,web,False
1ce079f7-bf91-4254-901b-2d5f7e12df94,C1605,438.37,USD,Delta,Shopping,2026-07-28 10:26:06.390046,failed,NONE,UK,web,True
5897a08f-1067-4604-9f92-7f695066c9f0,C7233,268.16,USD,Uber,Utilities,2026-01-03 10:26:06.390049,failed,NONE,DE,mobile,True
a7c15373-8dbf-4255-832e-863a84ed73f5,C3199,245.06,USD,Starbucks,Shopping,2026-01-16 10:26:06.390053,success,NONE,DE,web,False
a4a8ae26-6dc2-4908-b3b8-d447bc218bb5,C9289,499.58,GBP,Uber,Electronics,2026-08-30 10:26:06.390057,pending,NONE,FR,web,False
57fff31b-298b-45f1-a317-bbc34f5589dc,C4405,133.98,EUR,Uber,Travel,2025-12-02 10:26:06.390060,failed,NONE,FR,mobile,True
d1078619-87a7-484a-ad02-ec2035289754,C6369,231.94,JPY,Uber,Utilities,2026-01-09 10:26:06.390064,pending,NONE,CA,mobile,False
055abc7b-558a-42ee-9057-b5b2428ae843,C8126,140.99,JPY,Starbucks,Electronics,2026-03-28 10:26:06.390067,success,NONE,DE,mobile,False
8db9a9c9-cdc6-4eea-847c-e79f508490b0,C4198,99.88,USD,Costco,Electronics,2026-02-06 10:26:06.390071,success,NONE,DE,tablet,False
69bfbcf8-a9ed-464e-be15-709507903985,C6930,86.6,USD,Target,Groceries,2026-03-05 10:26:06.390075,failed,E001,FR,web,True
c2e726b4-2e77-464b-ad42-dda079338f15,C6643,151.17,USD,Apple,Utilities,2026-08-20 10:26:06.390079,failed,E003,FR,mobile,True
3d67a3b3-cf94-489a-9804-c8048f0ef9b2,C6763,496.24,USD,Starbucks,Dining,2026-07-29 10:26:06.390082,success,NONE,JP,tablet,False
990b0827-58c5-45e3-ad82-4eeee1d3dec5,C8809,8.01,EUR,Target,Shopping,2026-01-10 10:26:06.390086,failed,NONE,CA,web,True
7daab440-344f-4ae2-b139-29e64a3a1749,C5641,143.24,EUR,Amazon,Utilities,2025-12-04 10:26:06.390089,success,NONE,DE,tablet,False
c9b5e985-ec44-40e6-9912-9086490ce31b,C2497,484.27,USD,Uber,Electronics,2026-08-17 10:26:06.390093,success,NONE,JP,tablet,False
b6c08dac-e449-4efe-b527-db83f0a2584e,C5167,311.79,USD,Amazon,Electronics,2026-05-27 10:26:06.390097,pending,NONE,UK,tablet,False
fe644c98-d615-439b-89d6-434d96120772,C6074,369.81,JPY,Starbucks,Dining,2026-02-07 10:26:06.390100,pending,NONE,DE,web,False
ad568e13-2854-437c-a922-9f9ce2a29cfe,C2730,277.47,JPY,Amazon,Dining,2026-04-01 10:26:06.390104,failed,E001,FR,web,True
9d5aefdb-9030-4cc4-b994-9e0dbbaa5a0d,C3024,145.65,JPY,Uber,Dining,2026-03-18 10:26:06.390108,failed,E002,UK,mobile,True
1b7e9ba4-6be6-4619-bc6d-8551a9a4c3d3,C5978,325.46,JPY,Apple,Dining,2025-10-17 10:26:06.390111,success,NONE,US,tablet,False
d8b96165-9284-4e19-a758-6d7b776ee249,C6377,310.08,EUR,Costco,Groceries,2025-09-20 10:26:06.390115,success,NONE,FR,web,False
535ed828-008f-4d09-9fe4-644d2891d8fa,C1429,383.16,EUR,Apple,Travel,2026-09-01 10:26:06.390118,pending,NONE,JP,tablet,False
8873ffe8-cbb0-4e32-baf6-9aa26949dc4d,C8985,55.74,USD,Target,Electronics,2026-01-09 10:26:06.390122,failed,NONE,US,mobile,True
0c171ca6-eb98-438c-a126-7b42d010b79d,C9893,113.47,JPY,Target,Utilities,2026-04-07 10:26:06.390126,success,NONE,CA,web,False
cf90f9a2-5da3-433a-8dd3-e238c94680f4,C7305,374.81,EUR,Walmart,Travel,2025-12-28 10:26:06.390129,pending,NONE,DE,mobile,False
88480fd7-90ce-4249-b664-ebe4291699e7,C7182,110.25,GBP,Starbucks,Dining,2025-11-12 10:26:06.390133,success,NONE,DE,tablet,False
34a5e8a4-96b5-4be3-8830-17b930700487,C5045,280.78,JPY,Starbucks,Utilities,2026-01-19 10:26:06.390136,failed,E002,US,mobile,True
0f786d78-1387-4106-ab8f-63c696d1c26d,C3152,197.82,JPY,Apple,Shopping,2025-12-04 10:26:06.390140,pending,NONE,DE,mobile,False
60b848bd-eb3b-466c-9568-30dd1661d9c3,C3699,166.38,JPY,Uber,Electronics,2026-08-11 10:26:06.390144,pending,NONE,UK,web,False
191e59b9-ab48-4da8-b87d-f6c8098b06e3,C6704,319.68,GBP,Delta,Utilities,2026-07-05 10:26:06.390147,failed,E002,CA,mobile,True
f61940f6-df35-4c15-8834-5ce8d39a7e60,C7381,78.69,EUR,Apple,Utilities,2026-05-07 10:26:06.390151,success,NONE,US,mobile,False
8c8f4e2a-990e-4e0c-9ebc-2cdd04a5069a,C8423,105.74,JPY,Apple,Utilities,2026-04-10 10:26:06.390154,failed,E001,DE,tablet,True
7b66d666-547a-4f90-a9c6-eaef49f5b96c,C3302,103.8,EUR,Delta,Dining,2025-12-22 10:26:06.390159,success,NONE,FR,mobile,False
5844f961-7d72-4252-932b-0c1c7d158e26,C7249,382.37,JPY,Amazon,Travel,2025-09-12 10:26:06.390163,pending,NONE,UK,web,False
42ccc04e-1ba1-4a5d-b425-ba1f5a057b76,C4696,400.55,USD,Delta,Dining,2025-09-16 10:26:06.390166,failed,E002,DE,tablet,True
01f098c2-c181-4b50-bd5e-c3b579eb3d56,C2727,389.1,EUR,Starbucks,Travel,2026-02-06 10:26:06.390170,failed,E002,UK,web,True
296ac9c1-f0d6-42e3-8de4-c11c175f8fed,C2453,444.52,USD,Costco,Electronics,2025-11-03 10:26:06.390174,pending,NONE,DE,web,False
0f1f4756-fdb7-4da9-81db-668236f3594e,C6842,66.06,USD,Delta,Dining,2026-06-28 10:26:06.390177,pending,NONE,US,web,False
56ef0330-7ba3-4976-9831-5170dda8312e,C2633,482.84,GBP,Uber,Groceries,2026-01-04 10:26:06.390181,success,NONE,FR,mobile,False
2c9bc140-d2ef-49e6-819d-20581adb5338,C8303,344.12,JPY,Uber,Electronics,2026-03-24 10:26:06.390185,pending,NONE,JP,tablet,False
73063dd8-bb84-4ca5-8b02-0e7a5a7a8647,C6044,61.09,EUR,Delta,Groceries,2026-01-06 10:26:06.390188,pending,NONE,US,tablet,False
fa900c51-303e-42c7-9cc8-7aafa21561a1,C2250,147.24,GBP,Amazon,Travel,2026-02-01 10:26:06.390192,pending,NONE,US,web,False
6ffb36f1-7c80-477c-86af-589f9927ceca,C7189,328.28,USD,Target,Shopping,2025-11-05 10:26:06.390196,pending,NONE,FR,web,False
ec6f2fc2-982e-4ab5-a5a6-9e3b2e497b47,C9315,470.49,USD,Costco,Electronics,2025-09-13 10:26:06.390199,success,NONE,US,mobile,False
b0e7a17f-d0e0-4106-806f-8f6a13e91cb8,C3914,48.56,USD,Apple,Shopping,2026-02-16 10:26:06.390203,success,NONE,US,web,False
33ae5e34-a694-495c-ad68-45f89824cad2,C9818,318.08,GBP,Target,Shopping,2025-11-25 10:26:06.390206,pending,NONE,US,tablet,False
9c290a82-df99-43a0-a83c-427c3dc2791b,C2933,434.45,USD,Amazon,Shopping,2026-01-18 10:26:06.390210,pending,NONE,US,tablet,False
32e71d63-3b98-4035-bd1a-39353660ac5b,C9581,74.96,JPY,Delta,Travel,2026-01-06 10:26:06.390213,success,NONE,UK,mobile,False
610e55d0-e57d-493e-94a2-6b53e70927f7,C8849,333.73,EUR,Uber,Dining,2026-07-31 10:26:06.390217,pending,NONE,UK,web,False
1d9494fa-7acd-44d8-8c54-bc6fe80b5113,C1152,188.91,EUR,Delta,Shopping,2026-08-27 10:26:06.390222,failed,E001,US,tablet,True
519b4e88-9bda-409e-b3ad-a29c7fe63409,C5388,403.14,JPY,Walmart,Dining,2026-01-19 10:26:06.390225,success,NONE,US,tablet,False
b469ddfe-5601-43a1-8063-ca2089397ab4,C2622,470.68,GBP,Apple,Electronics,2025-09-28 10:26:06.390229,success,NONE,JP,web,False
5474ef1d-83da-4621-9539-b71bc8b34d9b,C7142,78.11,USD,Amazon,Dining,2026-03-11 10:26:06.390232,pending,NONE,DE,web,False
30359059-4744-4bd1-b2ed-e1f641201f69,C8428,139.93,JPY,Costco,Travel,2026-02-04 10:26:06.390236,failed,E002,UK,web,True
223950c0-c9c1-491b-a953-910921b4640c,C5610,229.42,EUR,Amazon,Groceries,2025-12-30 10:26:06.390240,pending,NONE,DE,web,False
bc96b187-f757-4b6f-a711-db2b40fcfb07,C7849,306.17,JPY,Uber,Utilities,2026-03-15 10:26:06.390243,failed,E002,DE,mobile,True
a4bb274a-0673-4416-be8a-2192289302b7,C2176,95.41,EUR,Walmart,Electronics,2025-09-16 10:26:06.390247,pending,NONE,DE,tablet,False
80eaecf5-1383-4460-9347-44a5ea3d01be,C4377,143.81,USD,Walmart,Utilities,2025-10-01 10:26:06.390251,pending,NONE,JP,mobile,False
97691245-1183-4225-b9ee-35df7f4653de,C1427,293.28,JPY,Walmart,Utilities,2025-10-28 10:26:06.390254,success,NONE,JP,mobile,False
ea5775e0-e967-4067-a925-3a24984d1367,C1740,201.49,GBP,Costco,Shopping,2026-05-20 10:26:06.390258,failed,E003,DE,web,True
f5d1b37e-b028-4c85-b0bd-bbe489a3c41c,C4889,110.83,EUR,Target,Electronics,2026-05-15 10:26:06.390261,failed,E003,DE,web,True
95404f6b-4c95-4bdb-a84e-cbe4a9ee6074,C2915,11.88,JPY,Apple,Electronics,2025-12-01 10:26:06.390265,success,NONE,CA,web,False
2a3a4b31-0aa1-4710-b103-739104b5ef6d,C6706,79.3,JPY,Walmart,Utilities,2026-09-01 10:26:06.390268,success,NONE,DE,tablet,False
6741b98d-fb48-4138-a7f9-17e3c135ff24,C4725,250.14,JPY,Costco,Electronics,2025-11-06 10:26:06.390272,failed,NONE,UK,mobile,True
6af2dd89-8990-4ca1-97dd-63fa9c1d7568,C3962,52.38,EUR,Costco,Groceries,2026-01-22 10:26:06.390276,success,NONE,DE,mobile,False
07687044-0e41-4cc8-94df-462d683bc170,C6211,345.63,EUR,Uber,Shopping,2026-05-09 10:26:06.390279,failed,E002,CA,mobile,True
ccdf918b-5dec-4853-947d-6d555d9cfd47,C8130,247.3,GBP,Apple,Utilities,2025-10-01 10:26:06.390283,success,NONE,DE,web,False
75a0fb34-2f91-4bc4-892f-8b07fb0e7fd6,C2708,372.7,GBP,Uber,Electronics,2025-11-18 10:26:06.390287,pending,NONE,JP,tablet,False
524b87b2-f384-4d3f-b472-5b07558fa182,C4925,446.13,USD,Starbucks,Groceries,2025-09-23 10:26:06.390291,success,NONE,CA,web,False
d8570a1d-4b26-43b8-a2d3-16bdde4a4845,C2678,481.34,USD,Walmart,Dining,2026-01-20 10:26:06.390294,failed,NONE,DE,web,True
3786de0e-9623-45c3-bc07-a0f5a89e93c8,C2061,442.05,USD,Target,Shopping,2025-11-08 10:26:06.390298,success,NONE,JP,tablet,False
4d10a19f-02a1-419c-becc-3bc03ca357dd,C3558,378.72,JPY,Target,Utilities,2025-12-22 10:26:06.390302,failed,E003,FR,mobile,True
96ae8f06-f8ee-45a9-989f-bc493116d6f1,C4097,160.0,USD,Uber,Groceries,2026-06-29 10:26:06.390306,success,NONE,DE,mobile,False
132f1525-cf03-4be8-b780-85e3cca3ae4b,C8844,488.5,JPY,Walmart,Utilities,2025-10-04 10:26:06.390310,failed,E001,FR,web,True
8dd7f0fd-7b37-4337-b608-e14a0496970c,C2910,333.45,EUR,Starbucks,Electronics,2025-11-27 10:26:06.390314,success,NONE,FR,mobile,False
f56a07e2-a510-4ea6-ac08-bfa0f49bd1d5,C2444,357.89,GBP,Delta,Travel,2025-11-28 10:26:06.390317,pending,NONE,CA,tablet,False
398b0a62-4be6-4d2c-8f02-055a655d82ad,C3355,436.07,JPY,Walmart,Travel,2026-06-02 10:26:06.390321,pending,NONE,FR,tablet,False
3e897b3a-b7fe-40a7-90e7-9063a9fe0089,C7532,80.13,GBP,Apple,Dining,2026-03-27 10:26:06.390325,success,NONE,UK,tablet,False
0a402d77-c9f4-4949-b734-075fb17df40e,C1620,15.99,JPY,Apple,Travel,2025-11-24 10:26:06.390328,failed,NONE,UK,tablet,True
6e53855a-c3f0-4ebc-8898-8dc14d32a693,C6896,80.68,USD,Delta,Shopping,2026-01-21 10:26:06.390332,success,NONE,DE,web,False
f3e869e1-ecbc-47b2-8589-c78ea6b658db,C7665,34.36,JPY,Apple,Travel,2025-09-30 10:26:06.390336,failed,E002,UK,web,True
27378b93-eb35-4f44-8645-f2e28e0c8a01,C1579,375.67,EUR,Uber,Electronics,2026-05-06 10:26:06.390339,success,NONE,JP,mobile,False
85025aec-a390-4c78-9ce1-afbe7c8992f8,C4284,207.9,JPY,Apple,Groceries,2025-10-26 10:26:06.390343,success,NONE,UK,web,False
d42fb18b-a412-4321-be19-6a7c3952ef50,C3036,404.62,USD,Costco,Groceries,2025-11-13 10:26:06.390348,success,NONE,JP,mobile,False
f15a210b-402e-4849-9c4d-947d8248c5be,C5953,376.87,USD,Delta,Groceries,2026-08-25 10:26:06.390351,success,NONE,UK,web,False
cedbc27b-bb19-4798-a978-4767f3c6cdcc,C8659,90.46,JPY,Target,Utilities,2025-11-20 10:26:06.390355,pending,NONE,FR,web,False
1f371601-99d0-45cb-a9e7-74a2efb15611,C3020,470.2,EUR,Target,Groceries,2025-11-11 10:26:06.390359,success,NONE,US,web,False
62efb801-6136-49b9-bd78-eac1418a0a9a,C2321,23.3,GBP,Uber,Electronics,2026-02-26 10:26:06.390363,failed,E003,CA,mobile,True
2b1f4aa4-c818-4c1e-818c-9436cb1dd85b,C7667,183.71,JPY,Delta,Shopping,2026-05-31 10:26:06.390367,success,NONE,CA,tablet,False
da0cbaa8-8ec6-438f-8992-0df5efa35cca,C8202,260.43,GBP,Amazon,Travel,2026-04-02 10:26:06.390370,failed,E001,FR,web,True
3e8aad3e-14ac-4a41-8ecd-f6a675c3ab99,C1899,242.67,GBP,Delta,Dining,2026-02-05 10:26:06.390374,success,NONE,UK,web,False
fb8e11f1-a68f-4004-ac1d-a87825d07415,C5989,8.65,GBP,Delta,Shopping,2025-11-09 10:26:06.390377,pending,NONE,UK,web,False
8913b82d-570d-423d-a6f8-71708c6d9f06,C3541,6.83,GBP,Starbucks,Dining,2025-11-03 10:26:06.390381,pending,NONE,DE,tablet,False
83512f69-5947-44bc-af85-5ea8e859f045,C8933,220.41,JPY,Walmart,Utilities,2025-11-22 10:26:06.390385,success,NONE,CA,tablet,False
1b492e1b-4573-478b-9b7b-68a81165f6c8,C1376,292.03,USD,Apple,Travel,2026-08-05 10:26:06.390388,success,NONE,DE,mobile,False
2e6370da-f243-4b79-aa2e-ce7a4d5abab1,C9052,287.89,JPY,Delta,Travel,2025-10-02 10:26:06.390392,success,NONE,JP,web,False
eef3cdf0-f3ae-478d-b0ab-aa8b24238bef,C7704,410.02,EUR,Walmart,Dining,2026-03-31 10:26:06.390395,failed,E003,DE,mobile,True
42461651-dfaa-4686-91e9-88fd884e7b33,C2386,7.0,EUR,Costco,Shopping,2026-03-04 10:26:06.390399,pending,NONE,US,web,False
557cb694-a049-4acd-928d-56c00b0bef1d,C2979,196.39,JPY,Amazon,Groceries,2026-04-27 10:26:06.390403,failed,E001,FR,mobile,True
cbdcab42-7c7b-4d3c-9c7f-a98f08ebf3ad,C9647,135.99,EUR,Target,Utilities,2025-11-01 10:26:06.390406,success,NONE,FR,tablet,False
9c3d04f9-8089-4c10-8e21-d4b14ec8b834,C8602,300.65,JPY,Uber,Electronics,2026-04-15 10:26:06.390410,pending,NONE,UK,tablet,False
dc9b1922-6af1-4fdb-ac9d-9e3c34cc58cc,C2925,92.71,JPY,Starbucks,Dining,2026-06-13 10:26:06.390413,failed,E001,FR,tablet,True
6e1cffe2-4a82-4788-9aa5-b0cf27527b8c,C5392,227.15,JPY,Apple,Travel,2026-05-19 10:26:06.390417,success,NONE,FR,tablet,False
1c81df94-0900-42b7-a920-5523176b2c1d,C5567,62.49,JPY,Starbucks,Shopping,2025-11-08 10:26:06.390420,failed,NONE,JP,tablet,True
36445a2d-714a-4e89-aeb2-a812dd3f8b73,C5227,28.39,JPY,Starbucks,Groceries,2026-07-24 10:26:06.390424,failed,E002,UK,tablet,True
2ec68df2-8a89-4055-80b4-b89e8d364742,C1010,449.69,GBP,Costco,Groceries,2025-11-19 10:26:06.390428,success,NONE,FR,web,False
475a8b12-5af6-47d2-ac0a-e1d02e8369e0,C8485,429.8,USD,Walmart,Dining,2025-10-18 10:26:06.390432,pending,NONE,UK,tablet,False
4e1b75e9-d086-4715-8644-9e2052f64a2d,C9371,388.74,EUR,Costco,Travel,2025-09-27 10:26:06.390435,success,NONE,US,mobile,False
c8612490-9596-4502-8dba-7ae1a46e2504,C4935,193.63,USD,Delta,Dining,2026-02-18 10:26:06.390439,failed,E002,DE,mobile,True
9e86f69e-5e55-4dba-8c99-9b87b468ba1f,C5019,234.46,JPY,Amazon,Travel,2026-01-06 10:26:06.390443,success,NONE,UK,web,False
99359de8-6229-4e59-9bb2-f1528d6d2f18,C4056,294.28,EUR,Target,Shopping,2026-08-02 10:26:06.390446,pending,NONE,DE,web,False
95402a17-4e63-4a3a-b6cc-58cb2623ddc1,C1223,170.96,USD,Amazon,Utilities,2026-07-07 10:26:06.390450,success,NONE,FR,web,False
ba2e8c46-f6ce-498e-8f2f-e3c1a66c9b1e,C1403,173.46,JPY,Target,Utilities,2026-05-06 10:26:06.390454,failed,E003,US,web,True
719e6600-e89a-4d65-bc05-e8dad80cd281,C7121,34.45,GBP,Amazon,Electronics,2026-08-21 10:26:06.390458,failed,E003,CA,mobile,True
d078fcd2-3a8a-43e5-a094-85c86fd0d346,C4586,78.04,USD,Costco,Electronics,2025-09-19 10:26:06.390462,failed,NONE,UK,mobile,True
cf2c91d0-d4bc-4b58-973f-381d84033f4d,C7834,21.95,GBP,Walmart,Dining,2025-10-10 10:26:06.390465,pending,NONE,UK,mobile,False
45571768-0904-48f3-ab2c-c0d4fa280bab,C2451,22.16,EUR,Uber,Groceries,2025-09-17 10:26:06.390469,success,NONE,CA,tablet,False
b71e85b4-b39f-4535-9570-702e04397eca,C2086,460.96,GBP,Target,Shopping,2026-05-16 10:26:06.390473,success,NONE,CA,web,False
a6284d9d-c7a0-4185-a302-967edc84942e,C4633,433.85,USD,Delta,Dining,2025-11-10 10:26:06.390476,pending,NONE,JP,tablet,False
1eb98bca-4944-4153-be63-c69f2f28ebce,C9804,389.39,GBP,Apple,Dining,2025-12-23 10:26:06.390480,pending,NONE,US,web,False
c2b97c64-5513-4966-95dd-32a9f5d7504c,C2108,315.05,GBP,Apple,Electronics,2026-04-16 10:26:06.390483,pending,NONE,FR,tablet,False
6328a1e7-8ffb-4417-aeb2-1795c23290ce,C1278,30.12,GBP,Costco,Electronics,2025-11-27 10:26:06.390487,success,NONE,US,web,False
d4fd5966-5f45-47d1-99bb-29a9dfe8e08c,C6771,427.29,EUR,Target,Dining,2026-03-17 10:26:06.390490,failed,E002,JP,tablet,True
e7b93ba8-6700-4cbd-b491-894a6adac9e7,C3197,376.5,USD,Costco,Utilities,2025-12-06 10:26:06.390494,success,NONE,CA,web,False
ae29f7df-a120-478c-8cbb-a98ced0ff7bc,C2742,478.59,USD,Apple,Shopping,2026-01-23 10:26:06.390498,success,NONE,JP,tablet,False
642d19da-aca6-4ddc-9090-f3b9c3b78462,C1880,83.64,GBP,Uber,Electronics,2026-08-01 10:26:06.390501,success,NONE,JP,web,False
9c93d007-c9b5-4027-9f66-6a5cf2cbfe08,C8676,374.94,GBP,Apple,Travel,2026-06-28 10:26:06.390505,failed,NONE,US,tablet,True
afaa2587-cbf9-4073-94fd-315e18962111,C7025,271.48,USD,Delta,Travel,2026-06-02 10:26:06.390508,failed,E003,JP,web,True
63312598-0999-43ce-9c9a-f3b9d844b781,C9206,175.66,JPY,Amazon,Utilities,2026-07-29 10:26:06.390512,success,NONE,US,web,False
521326b0-98e8-45ec-afc5-4d175c53d897,C3968,126.53,GBP,Costco,Travel,2025-10-21 10:26:06.390516,pending,NONE,CA,mobile,False
a1ecf15e-ce3a-4bd8-ad4f-3e72647a7b6c,C8938,317.72,GBP,Starbucks,Electronics,2026-06-03 10:26:06.390519,success,NONE,DE,web,False
e1e29062-77cc-4ed8-b803-920e32e12f6a,C7186,254.58,JPY,Apple,Electronics,2025-10-22 10:26:06.390523,success,NONE,DE,mobile,False
9b1985a4-3df4-488c-8e0d-7d8ec8c7d1bf,C4956,133.93,EUR,Target,Shopping,2026-05-17 10:26:06.390526,failed,NONE,UK,tablet,True
69e5bccb-b079-4ff3-990f-9b3fcb0ddeee,C7338,457.86,EUR,Uber,Shopping,2026-03-24 10:26:06.390530,failed,NONE,DE,web,True
62a4e207-d237-494c-812f-04147a179629,C3498,243.92,JPY,Walmart,Shopping,2026-08-25 10:26:06.390534,failed,E002,FR,mobile,True
6936c3a7-11f5-4c62-924e-02960afc12ec,C9072,232.72,EUR,Costco,Utilities,2025-10-19 10:26:06.390538,failed,E002,DE,mobile,True
d7599d6b-f0dd-4076-9675-592399dfc86c,C2349,291.18,GBP,Apple,Shopping,2026-07-07 10:26:06.390541,success,NONE,US,mobile,False
3d91e318-e6da-498c-bc18-c430defa9425,C3450,265.26,USD,Apple,Travel,2026-02-28 10:26:06.390545,pending,NONE,CA,web,False
447f2054-4722-4624-89a6-ae573ed3f965,C8487,351.76,GBP,Costco,Shopping,2026-07-19 10:26:06.390549,pending,NONE,UK,tablet,False
8ff3ead3-ac22-413f-94b1-b0544e84609e,C4115,33.67,EUR,Amazon,Shopping,2025-10-23 10:26:06.390552,success,NONE,JP,mobile,False
6453aeb1-521e-46c1-9ad8-ef336a8e9818,C6306,434.05,USD,Amazon,Electronics,2026-01-13 10:26:06.390556,failed,E003,US,mobile,True
6adfefbc-7aa7-456e-9ef2-dc9270d27518,C6041,418.46,EUR,Walmart,Groceries,2025-11-04 10:26:06.390559,success,NONE,US,web,False
28c40dca-b4c9-42a9-bb77-e6b8adc589b6,C3443,255.13,JPY,Delta,Utilities,2026-06-15 10:26:06.390563,failed,E003,DE,mobile,True
ff8e8bc6-7154-440a-828b-2434da07d34c,C2059,192.06,EUR,Walmart,Shopping,2026-04-29 10:26:06.390566,failed,E003,UK,web,True
8f3e2d49-4a33-4d55-bdab-d0674df4bb31,C4611,128.28,GBP,Uber,Utilities,2026-02-27 10:26:06.390570,failed,NONE,US,mobile,True
e1514ae1-3a9e-4063-8249-eeed72118319,C3558,400.91,JPY,Amazon,Utilities,2026-05-29 10:26:06.390574,success,NONE,FR,mobile,False
0ef07d88-6d4d-4c4f-8db3-5805a81ccb8e,C2307,108.74,USD,Walmart,Dining,2025-11-25 10:26:06.390578,pending,NONE,DE,mobile,False
ea85a734-8a1d-4c58-bb03-be38846c6205,C5170,278.65,EUR,Uber,Travel,2025-11-24 10:26:06.390581,success,NONE,US,mobile,False
89384216-b3b5-4252-a068-ebfcc2370f6b,C1945,339.62,GBP,Apple,Groceries,2026-05-03 10:26:06.390585,pending,NONE,US,web,False
a605d1c0-438b-48bf-8641-e5a446aaa6a0,C6233,207.03,EUR,Delta,Groceries,2026-04-02 10:26:06.390589,success,NONE,UK,web,False
bfcee72c-967f-4f1f-af8a-5ef6beb45833,C3542,285.11,USD,Starbucks,Shopping,2026-03-19 10:26:06.390592,failed,NONE,CA,web,True
bbd74c66-0822-4244-80f3-82acc50eda68,C5957,425.05,GBP,Delta,Electronics,2025-10-28 10:26:06.390597,success,NONE,DE,tablet,False
e8d6509d-60be-4cd7-b4e8-4ae14051d17d,C7528,56.54,JPY,Walmart,Electronics,2026-02-01 10:26:06.390601,success,NONE,FR,tablet,False
68f13251-57b4-449d-9785-d01e2c5a5af7,C6825,264.44,EUR,Costco,Travel,2026-05-28 10:26:06.390605,failed,E001,DE,tablet,True
0656a694-d0b1-4c83-9137-0c0139df0fbb,C7069,391.43,USD,Delta,Shopping,2026-07-05 10:26:06.390609,success,NONE,DE,mobile,False
057e11dd-0c67-48ee-92a3-441189272e00,C1242,161.32,GBP,Walmart,Shopping,2025-10-29 10:26:06.390612,pending,NONE,DE,web,False
7d08397e-67cd-4df6-b712-f479fb89e94a,C9192,378.99,EUR,Target,Shopping,2025-10-12 10:26:06.390616,failed,NONE,DE,web,True
cd17bfba-ebd2-4979-a6af-98976e7c979a,C1383,378.82,JPY,Starbucks,Travel,2026-07-28 10:26:06.390619,success,NONE,US,tablet,False
59d23ec1-43cb-4561-a50a-e40eb5bf5e22,C8239,373.95,USD,Starbucks,Utilities,2026-04-03 10:26:06.390623,pending,NONE,JP,web,False
50b4edb4-ddd0-47c0-a1ef-b7b29b4d1168,C5430,124.97,GBP,Walmart,Utilities,2026-05-24 10:26:06.390626,pending,NONE,US,web,False
01c9000e-41dc-4589-8f55-b4d272603695,C2186,412.94,GBP,Apple,Groceries,2025-10-24 10:26:06.390630,success,NONE,CA,web,False
898fdf0b-c93b-40f9-ad3a-39ceb2cf3f75,C7516,316.35,JPY,Delta,Shopping,2025-11-04 10:26:06.390634,pending,NONE,US,web,False
bdb9f06a-5f07-4ae0-86f4-443e2356a895,C9279,149.78,GBP,Walmart,Groceries,2025-11-15 10:26:06.390637,pending,NONE,UK,mobile,False
35f18d08-fe19-4a44-89d9-39d84ca01fde,C5746,140.26,USD,Uber,Travel,2026-08-31 10:26:06.390641,failed,E001,UK,mobile,True
fd6256a5-e808-4c60-babe-e4f668ca8fe6,C5655,220.19,USD,Costco,Travel,2025-12-01 10:26:06.390644,pending,NONE,JP,tablet,False
9072273c-4fc0-4d3b-84e2-8e97ac5910d2,C5228,485.1,USD,Target,Travel,2025-12-31 10:26:06.390648,pending,NONE,CA,web,False
17066e61-d17b-4217-b3de-92e220c2dc77,C4249,151.09,EUR,Costco,Dining,2026-07-28 10:26:06.390651,pending,NONE,JP,web,False
ecafa56f-34bd-4b7d-8b0c-6e97b8f1d20c,C2675,175.0,USD,Walmart,Utilities,2026-07-29 10:26:06.390655,failed,E001,UK,mobile,True
c216d436-c3a1-4d32-9174-9cc3c04a7b12,C5957,218.17,JPY,Costco,Electronics,2026-04-26 10:26:06.390659,pending,NONE,FR,web,False
bf2f22ec-8f0a-4929-bc4a-e571d7380598,C1943,126.15,JPY,Costco,Groceries,2025-10-16 10:26:06.390662,failed,E002,UK,web,True
112ff103-bd18-40ef-bd79-f987011af561,C2000,104.85,JPY,Uber,Utilities,2026-08-09 10:26:06.390666,pending,NONE,FR,mobile,False
541c910d-877f-410d-92cf-67318f249c02,C7957,117.87,USD,Uber,Travel,2026-03-20 10:26:06.390669,failed,NONE,JP,mobile,True
4b968be9-250b-4821-b844-6f81e64b52a3,C3585,489.49,EUR,Amazon,Dining,2026-06-12 10:26:06.390673,failed,NONE,DE,mobile,True
be0a6b30-14a4-4d71-95c7-bce2c1320e2f,C8301,82.61,GBP,Target,Dining,2026-06-30 10:26:06.390677,failed,E002,FR,tablet,True
47ef1e6d-97f2-4569-ac75-3618106b0ceb,C2642,172.61,JPY,Delta,Dining,2026-02-11 10:26:06.390680,failed,E002,FR,web,True
2b726b59-e870-42d9-a69e-4de9a7d16362,C9434,182.51,GBP,Uber,Dining,2025-09-28 10:26:06.390684,success,NONE,US,mobile,False
daf90b68-a1eb-4527-b308-c4e3edbd0462,C8072,126.81,GBP,Walmart,Electronics,2026-04-27 10:26:06.390687,success,NONE,UK,web,False
b736a420-9f86-4be8-9b7c-97b971b7ea93,C9621,20.26,USD,Target,Utilities,2026-04-24 10:26:06.390691,success,NONE,UK,tablet,False
8816af31-e73f-497a-887d-170199e44424,C2322,228.31,USD,Amazon,Travel,2026-04-18 10:26:06.390694,success,NONE,UK,mobile,False
026e83b1-923f-4396-b9b6-3a1cf6892094,C9143,107.61,JPY,Costco,Shopping,2026-07-19 10:26:06.390698,failed,E001,JP,tablet,True
1fd2115e-e8ff-41e2-b993-8645ebf0a83b,C5875,65.68,JPY,Target,Shopping,2025-10-24 10:26:06.390702,success,NONE,DE,web,False
53b25c8a-3107-404f-8a6d-bf53d9f4c31b,C2028,499.99,USD,Apple,Shopping,2026-01-11 10:26:06.390705,pending,NONE,JP,web,False
cc3db3cf-895c-47da-9218-e68fd0e0d8c0,C3204,352.73,USD,Amazon,Utilities,2025-10-15 10:26:06.390709,failed,E002,JP,web,True
2800b5d6-aff7-477d-9f58-2b1527d45d12,C4924,400.12,GBP,Walmart,Shopping,2026-05-02 10:26:06.390713,failed,E002,FR,tablet,True
8c44fb78-e49e-4729-a9aa-93216b8019c0,C6772,91.08,USD,Costco,Shopping,2026-06-02 10:26:06.390716,success,NONE,JP,web,False
4e7a0f4d-7d4f-438e-83e6-1d30bc2ba6dc,C4369,37.95,USD,Costco,Shopping,2025-12-18 10:26:06.390720,success,NONE,US,web,False
23ba23cb-80c0-419d-8079-36cdb5683a3f,C3368,12.05,USD,Amazon,Shopping,2026-02-08 10:26:06.390723,failed,E002,CA,tablet,True
a628e583-9d23-42b9-9cbf-4dd56a542323,C1073,436.11,USD,Starbucks,Travel,2026-05-05 10:26:06.390727,failed,NONE,DE,mobile,True
43d4e8df-06b3-435c-9b4b-58d251a3a927,C3660,395.42,JPY,Costco,Utilities,2025-09-20 10:26:06.390731,success,NONE,FR,tablet,False
9445fdc4-0cf5-4505-a397-cf4576572bf9,C6639,29.45,JPY,Target,Groceries,2026-03-11 10:26:06.390734,pending,NONE,DE,tablet,False
139a3491-eb2c-4c8e-b9f2-1bfb5efa4432,C8930,368.18,GBP,Uber,Travel,2025-09-22 10:26:06.390738,success,NONE,DE,tablet,False
9ac168c3-29bc-4c10-ba15-63300f343c0c,C1658,181.0,USD,Walmart,Dining,2026-08-13 10:26:06.390742,pending,NONE,CA,web,False
127a3761-4f30-428d-b012-5af2a9b72744,C8912,435.5,EUR,Starbucks,Shopping,2026-05-14 10:26:06.390747,failed,NONE,DE,web,True
f1abf186-8c2e-4236-a260-21d630b297e6,C3239,79.51,USD,Delta,Dining,2026-02-28 10:26:06.390750,failed,E002,DE,tablet,True
e73c5285-e2d0-4b6a-8947-c678bb7d6665,C9048,192.51,USD,Target,Utilities,2026-02-04 10:26:06.390754,failed,NONE,JP,web,True
14609842-7a34-48b5-978b-9ef67bef8828,C7664,400.99,EUR,Starbucks,Electronics,2025-10-16 10:26:06.390757,pending,NONE,JP,tablet,False
103f1175-3010-4708-b49a-b0211db9ffe2,C1526,154.19,EUR,Walmart,Travel,2025-12-13 10:26:06.390761,pending,NONE,CA,mobile,False
dcb6122a-d669-4b00-b694-bd7b3b645582,C3165,149.29,USD,Uber,Shopping,2026-04-06 10:26:06.390765,failed,E001,UK,mobile,True
6a60d375-70bf-42cb-bb7b-5e0770200a6d,C8641,216.39,JPY,Walmart,Travel,2025-09-24 10:26:06.390768,failed,E003,UK,mobile,True
1de741ee-8950-4c8e-9ce1-ac74ae665f65,C4871,189.71,USD,Costco,Utilities,2025-12-23 10:26:06.390772,failed,E001,CA,web,True
ff03f987-d55d-4e7f-bda2-352d65b23d17,C6873,55.48,EUR,Starbucks,Groceries,2026-02-24 10:26:06.390776,failed,E002,JP,web,True
4624e96c-52d1-4b25-9432-0c8040bdd29b,C7559,441.39,JPY,Starbucks,Utilities,2025-12-06 10:26:06.390779,success,NONE,DE,mobile,False
3ee6e032-ed5c-49ee-8cd8-4842fe6a15c1,C6069,486.95,GBP,Apple,Electronics,2026-07-23 10:26:06.390783,pending,NONE,JP,mobile,False
152c3742-b57d-4f89-984c-476cee43dac2,C8702,57.32,GBP,Apple,Dining,2025-09-19 10:26:06.390787,failed,NONE,US,tablet,True
44245e63-262c-4c9d-888a-243427c93693,C4700,278.32,USD,Starbucks,Travel,2025-11-09 10:26:06.390791,pending,NONE,UK,tablet,False
7b38f803-93ab-4cf4-b282-c1c98d673bee,C6417,192.57,USD,Costco,Utilities,2025-11-01 10:26:06.390794,failed,E001,FR,web,True
b2c7a9d2-acd7-4f3f-83ba-96864e83ae34,C7765,76.06,GBP,Walmart,Utilities,2025-10-27 10:26:06.390798,success,NONE,DE,mobile,False
7f89d8a3-eedd-43f9-bf78-70ec6c4f2120,C1890,15.71,JPY,Target,Shopping,2025-09-06 10:26:06.390801,success,NONE,US,tablet,False
44868168-3e34-4dd7-9ac2-edf51d0e4bce,C4789,493.38,GBP,Apple,Utilities,2026-02-12 10:26:06.390805,success,NONE,UK,web,False
b033146c-c0ea-43c5-a2e0-73957daf2bd9,C8043,7.69,USD,Starbucks,Travel,2026-03-05 10:26:06.390808,pending,NONE,JP,mobile,False
3a6616e4-c18b-4d76-a95b-4210714f7844,C1891,278.99,GBP,Costco,Travel,2026-01-28 10:26:06.390812,failed,E001,UK,tablet,True
cf675375-9340-47e9-935f-03e648565f33,C7769,204.05,EUR,Delta,Groceries,2026-07-16 10:26:06.390815,success,NONE,UK,web,False
dfb53a98-4aaf-4e12-b497-9771f7d738f1,C9705,256.92,USD,Delta,Travel,2025-11-26 10:26:06.390819,failed,E003,CA,web,True
51e7cef0-3827-4d9d-87f8-4b8af18293f7,C3207,113.33,JPY,Delta,Electronics,2026-03-24 10:26:06.390823,success,NONE,CA,mobile,False
016bd0be-8265-4726-887e-c99f7034065d,C1512,195.86,USD,Uber,Utilities,2026-01-01 10:26:06.390826,pending,NONE,FR,web,False
49570610-5bb4-43d8-acae-113d0a43eac6,C6838,27.42,GBP,Starbucks,Electronics,2026-07-15 10:26:06.390830,success,NONE,FR,tablet,False
4cb43639-979c-4f88-8347-e3759b016512,C3227,465.14,JPY,Target,Electronics,2025-12-16 10:26:06.390834,success,NONE,UK,web,False
5746942f-7a11-4d3f-a30a-62d16b280738,C4271,229.61,GBP,Costco,Groceries,2025-09-05 10:26:06.390837,pending,NONE,CA,tablet,False
12324b2e-f625-4725-aefe-c7a1a5eda1ad,C4819,420.51,USD,Uber,Electronics,2025-11-12 10:26:06.390842,failed,NONE,DE,web,True
9a495e46-bd17-401f-a24c-29bdfd40bcff,C4123,5.59,JPY,Uber,Electronics,2026-02-02 10:26:06.390846,success,NONE,US,mobile,False
3b242a6a-f9d6-45e1-be69-aabcfc4d0aac,C3202,278.96,USD,Uber,Electronics,2026-08-21 10:26:06.390850,failed,E002,US,web,True
329bfd41-170f-4019-a38e-f30f89f0e9e8,C9284,79.24,USD,Apple,Dining,2025-09-02 10:26:06.390853,pending,NONE,JP,tablet,False
f9c25ee5-da7b-4172-9d54-1616a993ea55,C7904,365.58,GBP,Amazon,Groceries,2026-06-28 10:26:06.390857,failed,NONE,CA,mobile,True
52f25251-a476-4fe4-b7dc-1429162017d2,C9212,154.34,GBP,Costco,Utilities,2025-11-29 10:26:06.390861,success,NONE,DE,web,False
ad6694b5-648d-49e5-8703-d00462574742,C8574,165.24,USD,Amazon,Groceries,2026-05-26 10:26:06.390865,failed,E001,FR,mobile,True
79216632-9bf1-4b2f-b5ea-d65fae5e3f8e,C7045,196.25,USD,Apple,Dining,2026-07-08 10:26:06.390868,failed,E003,JP,tablet,True
06bd5f71-6150-449b-98f7-f6ef71aa740d,C1753,113.28,USD,Starbucks,Shopping,2025-11-18 10:26:06.390872,success,NONE,JP,mobile,False
821d24ca-12b2-40af-98bf-04ca42f52cf3,C7757,175.4,GBP,Delta,Dining,2025-12-25 10:26:06.390876,failed,E002,CA,tablet,True
334faad1-be41-4534-a53f-dff300c849dc,C3828,250.31,JPY,Target,Utilities,2026-04-11 10:26:06.390879,failed,E001,US,tablet,True
2ad67460-5865-4c1b-92b7-63f57d91fda5,C9470,260.56,JPY,Walmart,Utilities,2026-07-01 10:26:06.390883,success,NONE,DE,tablet,False
0ebd76ae-043f-4710-8d67-a409e35abfc0,C4300,194.23,JPY,Target,Dining,2026-07-29 10:26:06.390887,pending,NONE,DE,mobile,False
cc29df12-2e8a-424e-ae4b-64373834e096,C6445,485.94,JPY,Target,Groceries,2026-06-18 10:26:06.390890,success,NONE,JP,web,False
3c34d761-2cce-4c3d-b098-dbcf884cc0e4,C4402,424.71,JPY,Apple,Shopping,2026-01-07 10:26:06.390895,success,NONE,US,tablet,False
62c942f6-0c07-4ba0-be16-5a41e2da8432,C3807,433.26,JPY,Walmart,Travel,2026-06-12 10:26:06.390898,success,NONE,UK,mobile,False
1480c839-7dc0-47e3-8d83-51d3bd358c1b,C3769,456.94,JPY,Delta,Dining,2026-07-18 10:26:06.390902,pending,NONE,DE,mobile,False
b57e2c93-8bd9-4747-84ac-d1af5210895e,C6967,273.2,GBP,Costco,Groceries,2025-12-22 10:26:06.390905,pending,NONE,DE,web,False
69092f28-f64e-4097-b035-2775dafce854,C4426,403.98,EUR,Delta,Shopping,2026-03-27 10:26:06.390909,success,NONE,CA,web,False
75e79207-0331-4f2a-a161-18cd523c06f2,C5626,270.74,JPY,Uber,Electronics,2026-01-15 10:26:06.390913,pending,NONE,UK,web,False
99fc9670-dd25-4766-8e77-f02dd900db9d,C9948,239.5,GBP,Starbucks,Groceries,2026-02-15 10:26:06.390916,success,NONE,CA,tablet,False
247d39ec-a2b4-498f-9001-de4864e269b2,C7664,225.91,GBP,Costco,Shopping,2026-07-04 10:26:06.390920,success,NONE,US,mobile,False
848b4ada-6c80-4450-9c30-ff267dd5f943,C9397,296.8,GBP,Starbucks,Shopping,2026-05-09 10:26:06.390923,pending,NONE,US,mobile,False
a5e85689-35dc-49bd-ba59-7accdb71b09a,C8332,251.56,USD,Target,Shopping,2025-12-15 10:26:06.390927,success,NONE,UK,mobile,False
e40537bd-498c-4cfe-8769-138e12539542,C6168,19.61,JPY,Walmart,Groceries,2025-09-18 10:26:06.390930,success,NONE,DE,mobile,False
294281f3-2852-4989-8549-a163089f8350,C6235,216.17,JPY,Delta,Travel,2026-07-11 10:26:06.390934,pending,NONE,CA,web,False
6e9a3a05-a007-4408-b474-5ded1da3f6b5,C5683,157.67,USD,Target,Utilities,2026-07-11 10:26:06.390938,pending,NONE,DE,web,False
1aac1358-acaf-4402-a6a9-7167549a138e,C5827,483.74,USD,Apple,Utilities,2026-03-10 10:26:06.390941,success,NONE,UK,tablet,False
0755e58b-f539-4657-a926-2dc8ef55c12b,C3367,247.42,EUR,Apple,Dining,2026-03-27 10:26:06.390945,failed,E002,DE,tablet,True
1e8cb47a-905f-4ebd-9a3d-11ab6f26175b,C8917,481.24,USD,Costco,Travel,2026-05-17 10:26:06.390948,failed,E001,CA,tablet,True
fe9408d9-8064-4fd4-b3ad-49ffb35d6a8f,C2908,174.86,EUR,Walmart,Dining,2026-01-10 10:26:06.390952,pending,NONE,FR,web,False
0dbebbea-16b2-40a2-aa9f-fb5415a78de5,C4297,173.15,GBP,Uber,Groceries,2026-08-25 10:26:06.390956,failed,NONE,DE,tablet,True
b32f91c9-8495-4788-a6d9-0ea13b649b82,C5742,221.86,USD,Costco,Utilities,2025-09-27 10:26:06.390960,success,NONE,DE,web,False
6aac6045-cbaf-4d41-a015-3be53604bb69,C9935,202.29,USD,Uber,Utilities,2026-07-12 10:26:06.390964,success,NONE,US,tablet,False
42395030-36ae-4c7f-96aa-1344f37d134c,C3778,93.69,GBP,Uber,Groceries,2026-01-05 10:26:06.390968,success,NONE,UK,mobile,False
2dd35afe-6689-460c-b8d6-81b6af52f096,C3241,477.11,GBP,Delta,Electronics,2026-01-11 10:26:06.390972,failed,E003,US,mobile,True
340a6961-d97c-4a8d-85c2-6cdff8a639f5,C5097,36.74,JPY,Amazon,Dining,2026-06-23 10:26:06.390976,pending,NONE,FR,mobile,False
490f424d-556d-4ebd-833b-0d8a814d6f11,C6024,214.27,USD,Uber,Utilities,2026-07-29 10:26:06.390980,pending,NONE,JP,tablet,False
fa711e31-fd67-4662-b042-9e81398f6f75,C2792,101.23,EUR,Amazon,Groceries,2026-01-25 10:26:06.390983,pending,NONE,UK,web,False
5e8261d7-f5fb-4bd4-bd44-90d119e29c63,C5929,240.91,GBP,Starbucks,Electronics,2026-03-16 10:26:06.390987,failed,NONE,DE,tablet,True
06155d95-dfe1-42c4-8d4c-5c95735426db,C7537,98.62,JPY,Starbucks,Shopping,2026-05-11 10:26:06.390991,failed,E002,DE,web,True
e528894f-dc56-4c32-abc7-a9172f19835a,C8767,29.01,EUR,Amazon,Utilities,2026-01-31 10:26:06.390994,failed,E003,FR,tablet,True
4ce2d554-4317-471c-8a67-8d5c58de0180,C9041,364.72,EUR,Uber,Shopping,2026-04-20 10:26:06.390998,success,NONE,DE,mobile,False
3689c302-461e-4c12-b968-2eb14a87960b,C3819,60.86,USD,Amazon,Groceries,2025-11-02 10:26:06.391001,success,NONE,US,mobile,False
ec87a7e3-e2ba-48fe-b1e9-575ff93dacd0,C4309,414.01,EUR,Starbucks,Dining,2025-11-15 10:26:06.391005,failed,NONE,CA,tablet,True
3196dda1-4517-4b8c-b87b-9bd274a40dd6,C1970,431.49,JPY,Uber,Travel,2025-09-30 10:26:06.391009,failed,E003,CA,tablet,True
c934e128-c214-4caf-bce4-438aa7dc66f6,C2959,419.45,GBP,Uber,Electronics,2025-12-03 10:26:06.391013,failed,E003,UK,web,True
ddf431cf-2812-472e-a7c0-5d503fb78b84,C9523,315.63,JPY,Target,Dining,2026-04-23 10:26:06.391016,pending,NONE,US,web,False
82cf52f8-bfe8-4051-849d-2c20025d2710,C4164,103.44,JPY,Amazon,Utilities,2026-03-15 10:26:06.391020,failed,NONE,UK,mobile,True
02c97172-3e96-41da-9eb2-d8698799092d,C8473,278.28,GBP,Starbucks,Shopping,2026-02-08 10:26:06.391024,success,NONE,US,mobile,False
81c6c8e1-7ee3-40b0-ae01-3d36fbd9ae20,C6085,59.24,EUR,Apple,Shopping,2026-08-23 10:26:06.391027,failed,E001,FR,web,True
83fc1ebe-26ef-4df5-be91-c02696ae0d3a,C5733,228.48,EUR,Apple,Utilities,2025-10-20 10:26:06.391031,failed,NONE,CA,tablet,True
bff5db10-73f2-4ea5-8b67-ab41cde385d3,C5235,273.71,EUR,Costco,Utilities,2025-11-08 10:26:06.391035,success,NONE,JP,tablet,False
30cdb516-f456-4d38-a11f-653b833eeb41,C5945,337.93,USD,Walmart,Utilities,2026-02-13 10:26:06.391039,success,NONE,UK,tablet,False
efeb5b54-8cf0-4497-8032-f5ecd2b6b016,C3555,137.21,EUR,Amazon,Travel,2026-05-08 10:26:06.391043,success,NONE,CA,tablet,False
52bb3e5c-2cdf-4774-a40c-bebc2e051ced,C9917,219.67,USD,Amazon,Travel,2025-11-24 10:26:06.391047,pending,NONE,FR,tablet,False
b8e41d3b-97b5-4302-b980-6cb112b6aa25,C1453,335.37,EUR,Uber,Dining,2025-11-22 10:26:06.391050,failed,E001,US,web,True
616368a7-4556-4142-a501-8019c8a429f5,C8760,73.28,EUR,Amazon,Shopping,2026-02-06 10:26:06.391054,failed,E003,US,tablet,True
150f3abb-0a11-4329-98b6-31c03d468fc0,C7816,120.65,JPY,Costco,Utilities,2026-06-02 10:26:06.391058,pending,NONE,US,tablet,False
2867482d-2636-4d40-9d63-ea4256cfda00,C1603,236.71,GBP,Apple,Dining,2026-01-29 10:26:06.391061,pending,NONE,DE,mobile,False
c05d9458-6c8b-45c3-b1f6-0b0f8c1b3f2a,C3062,486.38,GBP,Apple,Travel,2025-12-07 10:26:06.391065,success,NONE,FR,web,False
db6fdf3a-fcc8-45d4-87cd-fc01dbafafb1,C5493,387.43,GBP,Uber,Groceries,2026-02-03 10:26:06.391069,success,NONE,JP,web,False
86f63c8d-5dc1-4150-9d49-5dcd62828100,C3089,281.6,EUR,Delta,Shopping,2026-01-28 10:26:06.391072,failed,NONE,US,tablet,True
baa037fc-3cb6-4a0a-b148-cec371e21fa4,C1153,37.01,USD,Costco,Dining,2025-10-17 10:26:06.391076,failed,E002,FR,web,True
3fa33dc8-9d1a-4755-87be-fc110b12395d,C7725,335.22,JPY,Uber,Utilities,2026-02-14 10:26:06.391080,success,NONE,US,tablet,False
23d2332f-6266-4402-aa8e-a01243b09a4f,C2335,195.73,USD,Delta,Electronics,2025-10-31 10:26:06.391083,failed,NONE,JP,web,True
b4fe7501-0de1-4b38-84ec-51843c2c14c2,C3276,46.35,GBP,Costco,Utilities,2025-09-06 10:26:06.391087,pending,NONE,CA,mobile,False
9413e03a-7ca3-4f29-b8c7-f2f0380e5a2a,C2610,146.79,GBP,Apple,Travel,2026-05-22 10:26:06.391090,success,NONE,US,tablet,False
e2b10ab2-4196-47bb-af58-7a25d9f9c791,C9476,41.43,JPY,Walmart,Electronics,2026-08-03 10:26:06.391094,success,NONE,FR,tablet,False
ecc63e3c-d80c-4736-93b6-91d353473876,C8565,493.81,USD,Apple,Shopping,2026-07-12 10:26:06.391098,success,NONE,FR,tablet,False
57639be7-e144-4928-b641-8ad010ba9353,C7469,134.75,JPY,Amazon,Groceries,2026-06-13 10:26:06.391101,failed,NONE,DE,web,True
2107e73d-18e1-4ce5-8388-e43fc6ffe670,C9147,111.3,GBP,Apple,Utilities,2026-08-01 10:26:06.391105,success,NONE,FR,mobile,False
990c3a2c-d04a-4df2-8fcc-4dac884939bc,C6087,142.77,GBP,Uber,Shopping,2026-03-07 10:26:06.391108,success,NONE,DE,tablet,False
d603d84f-3280-4380-bb0f-7912c4694372,C1701,244.04,GBP,Uber,Electronics,2026-04-01 10:26:06.391112,failed,E001,UK,web,True
89a51715-777f-46fe-bbda-1074997164cc,C5767,304.38,EUR,Costco,Travel,2026-03-31 10:26:06.391116,success,NONE,CA,web,False
5543df74-00ed-46c3-bcb8-8f04a666777b,C7039,48.67,JPY,Starbucks,Electronics,2026-03-21 10:26:06.391119,pending,NONE,FR,mobile,False
442c8ac5-97cd-4c70-8628-c2ab6463cc13,C4685,479.55,EUR,Uber,Travel,2025-12-13 10:26:06.391123,success,NONE,FR,tablet,False
357f3ae1-fe83-492d-9740-cd6d1a3120db,C5997,381.57,USD,Costco,Travel,2026-02-20 10:26:06.391126,success,NONE,CA,web,False
bc756a39-c07b-4a77-be7f-3d856bd1fcfe,C4709,227.9,EUR,Costco,Shopping,2026-01-24 10:26:06.391130,failed,NONE,US,tablet,True
8b3bb51e-7567-4145-8996-ef9c6c4e4106,C6442,140.61,JPY,Starbucks,Electronics,2026-08-17 10:26:06.391134,failed,E003,US,web,True
74a364d0-758d-4769-94b5-86144d0ed17f,C8258,41.9,JPY,Costco,Utilities,2026-03-12 10:26:06.391137,pending,NONE,DE,tablet,False
4b1a00a1-0faa-466f-882c-16a5a3bfc529,C9281,483.0,JPY,Target,Groceries,2025-10-24 10:26:06.391141,success,NONE,JP,tablet,False
761a68f2-ef13-40b4-9811-978816b7eac8,C4991,424.35,JPY,Delta,Dining,2025-12-28 10:26:06.391145,failed,E001,DE,mobile,True
774d1b2e-3127-44cc-9c5b-801b0392b017,C2683,152.08,EUR,Delta,Electronics,2026-03-27 10:26:06.391149,success,NONE,FR,tablet,False
f6c83888-d081-4006-93e0-bd9b5bd7c819,C7758,240.7,JPY,Amazon,Utilities,2026-01-11 10:26:06.391152,success,NONE,US,mobile,False
5a238d40-c8ba-4a38-9d59-15aa7320e6ca,C4599,480.69,EUR,Starbucks,Electronics,2026-03-27 10:26:06.391156,pending,NONE,DE,mobile,False
4b4d7750-bde0-4350-bc02-4089612c7dc5,C3169,154.68,GBP,Starbucks,Utilities,2026-07-26 10:26:06.391160,pending,NONE,UK,tablet,False
e0d8bb5e-74f9-444a-ab27-4b86e807b706,C5996,90.98,EUR,Walmart,Shopping,2026-07-29 10:26:06.391163,pending,NONE,DE,web,False
3797f090-d6f1-43ad-b30a-3a855adf6885,C2223,206.57,JPY,Delta,Electronics,2025-12-15 10:26:06.391167,failed,NONE,UK,tablet,True
47335884-479d-4dcc-981b-8560f52da4a1,C2060,138.41,EUR,Uber,Dining,2025-12-26 10:26:06.391171,failed,E001,FR,tablet,True
a173007a-9a7a-4fe3-874c-9bd1b17281f3,C3797,267.83,EUR,Amazon,Utilities,2026-02-16 10:26:06.391174,failed,NONE,FR,web,True
52d4ba7d-71ac-40ce-b399-64ebe8263d2b,C3830,158.57,JPY,Target,Electronics,2026-06-11 10:26:06.391178,failed,E002,US,web,True
5647a168-22b5-42ba-88d1-034b6cb1d7de,C3616,286.63,USD,Apple,Utilities,2026-01-16 10:26:06.391182,success,NONE,DE,web,False
dbefb2c1-2ac0-4a3d-b2ca-0ada7d09543d,C5187,405.26,USD,Delta,Dining,2026-01-11 10:26:06.391185,pending,NONE,FR,mobile,False
e98e3cdc-fb66-4559-b4f5-68619531bc27,C6325,31.99,EUR,Amazon,Dining,2026-03-03 10:26:06.391189,pending,NONE,CA,tablet,False
e4227803-05ea-4804-b939-4aef65251703,C1335,202.15,USD,Apple,Groceries,2026-07-03 10:26:06.391193,failed,NONE,JP,web,True
7d8d30a7-2c6c-4302-9aca-96c84fe120c3,C6471,164.55,GBP,Delta,Shopping,2026-02-05 10:26:06.391197,failed,E003,CA,web,True
d835ca3c-1bc1-4a87-b45e-96b8656ba732,C7778,225.17,GBP,Costco,Utilities,2025-11-12 10:26:06.391201,failed,NONE,US,mobile,True
fc4d5085-379b-4e95-8811-3b3f923c72c8,C3552,177.24,EUR,Delta,Electronics,2026-04-25 10:26:06.391204,pending,NONE,FR,web,False
41f496c8-db93-4392-a2c0-105ac3f1354b,C5624,428.39,JPY,Walmart,Electronics,2026-06-26 10:26:06.391208,pending,NONE,FR,web,False
a026d4f4-ac62-407d-877a-a0337a8ac432,C3704,116.97,EUR,Starbucks,Utilities,2025-10-07 10:26:06.391211,success,NONE,US,tablet,False
e13dd48a-d38b-458d-9223-b0c884864acf,C1755,305.74,JPY,Walmart,Groceries,2025-12-31 10:26:06.391215,success,NONE,FR,mobile,False
15eebdc4-2817-44b1-8d2b-6985d56a28be,C4869,78.33,USD,Amazon,Groceries,2026-01-26 10:26:06.391219,pending,NONE,FR,mobile,False
57c9ba6e-f53d-42a3-8dab-37a4fcb35775,C3323,390.73,JPY,Delta,Dining,2025-09-11 10:26:06.391222,success,NONE,UK,mobile,False
1b6eed93-974a-4b1c-bf59-0959abfa8ef9,C3480,300.88,JPY,Starbucks,Utilities,2026-08-15 10:26:06.391226,success,NONE,FR,tablet,False
fff2370c-fa67-4b87-a71a-2b8549fdf8c9,C7238,293.75,JPY,Starbucks,Electronics,2026-08-28 10:26:06.391230,failed,NONE,FR,tablet,True
561a3a19-9868-408c-8535-bf867744bdb8,C8085,371.83,USD,Apple,Dining,2026-03-22 10:26:06.391233,failed,NONE,JP,web,True
01987939-592f-4730-b07c-78caafe9e383,C1000,193.7,JPY,Starbucks,Electronics,2025-12-20 10:26:06.391237,success,NONE,CA,mobile,False
c683d746-18cb-4071-9cf2-99f427b10185,C2608,207.32,GBP,Apple,Travel,2025-12-15 10:26:06.391241,success,NONE,FR,mobile,False
f0e2afa9-d68e-42ae-87bd-b5e70f005638,C4027,210.9,USD,Walmart,Shopping,2026-03-16 10:26:06.391244,pending,NONE,US,tablet,False
9d286851-4aea-404a-b7b3-4da7ace564ca,C1041,106.71,GBP,Walmart,Groceries,2026-07-08 10:26:06.391248,pending,NONE,CA,web,False
38db2157-df85-48e8-aaa2-902d46f9b288,C1768,164.61,JPY,Apple,Shopping,2025-12-16 10:26:06.391251,success,NONE,DE,mobile,False
a08ec858-4c64-433c-be87-b70ba09a3044,C7758,83.12,EUR,Amazon,Dining,2025-09-21 10:26:06.391255,failed,E003,US,mobile,True
b7808053-e193-43ae-8ae4-4edbc2e57499,C3747,82.05,JPY,Amazon,Groceries,2026-08-06 10:26:06.391259,failed,E003,UK,web,True
bff6cc08-af80-48dd-bb0a-4232957de217,C7490,200.21,USD,Delta,Groceries,2026-08-25 10:26:06.391262,success,NONE,US,tablet,False
fce0306e-9bf2-4f84-8255-aab246f93acf,C1293,195.73,EUR,Walmart,Dining,2025-10-07 10:26:06.391266,failed,E001,FR,mobile,True
e8c64363-f276-412e-a800-dc8fb3a36c65,C3122,243.5,EUR,Amazon,Shopping,2025-12-03 10:26:06.391270,pending,NONE,JP,web,False
972b598c-2e70-412a-b05d-98ddf570b9a8,C5272,351.38,USD,Amazon,Utilities,2026-06-24 10:26:06.391273,success,NONE,DE,mobile,False
b8b5aeff-3f24-4809-b394-2cdae78d3836,C7380,492.31,EUR,Target,Dining,2026-07-02 10:26:06.391277,success,NONE,CA,tablet,False
2090a22f-d5b4-40d0-b7f5-b3a6159ac26b,C8410,299.6,USD,Amazon,Utilities,2026-04-26 10:26:06.391280,success,NONE,JP,web,False
17e60311-fbbf-4dcd-a940-5d1a14789962,C8627,47.05,EUR,Apple,Shopping,2025-12-19 10:26:06.391284,success,NONE,US,web,False
372b2e2f-0b84-4b9f-b991-8d7affa7c0b9,C1077,477.91,EUR,Apple,Shopping,2025-10-18 10:26:06.391288,pending,NONE,UK,web,False
5b7acf7d-51ba-4354-a713-46d42237a934,C7534,40.39,EUR,Apple,Shopping,2026-03-27 10:26:06.391291,success,NONE,UK,tablet,False
b72cd755-1e5f-45d4-aae6-66d496f131ed,C2468,223.07,USD,Costco,Travel,2025-09-17 10:26:06.391295,pending,NONE,UK,tablet,False
ea10ed25-69ac-4fc1-8232-afbee4760978,C7427,258.5,EUR,Amazon,Shopping,2026-04-29 10:26:06.391298,success,NONE,DE,tablet,False
33d63ce1-44bf-49b0-9eda-97941b1ccb14,C9008,207.88,EUR,Costco,Shopping,2026-06-27 10:26:06.391302,success,NONE,US,web,False
10801ac2-dbba-4851-8dc6-abc1ce18b9eb,C3119,253.99,JPY,Amazon,Travel,2025-10-10 10:26:06.391305,pending,NONE,FR,mobile,False
633671bd-20a4-439b-b067-e82ea7da7bdd,C7846,82.59,EUR,Apple,Utilities,2025-09-20 10:26:06.391309,success,NONE,CA,web,False
d4cbcf89-2aca-4615-b799-313c8c0f43fb,C2720,17.88,JPY,Starbucks,Shopping,2025-11-29 10:26:06.391313,failed,E001,US,tablet,True
368e2db7-bcd1-4b9e-a48f-75f3f56cef6a,C8498,310.48,EUR,Walmart,Travel,2026-04-24 10:26:06.391316,success,NONE,FR,tablet,False
f0de0299-b56b-4650-8270-d26957f5f749,C3514,271.91,USD,Target,Travel,2025-10-02 10:26:06.391320,success,NONE,US,tablet,False
1bcb2af1-85b7-4c0a-9848-7ec33e9ab913,C4717,138.58,GBP,Delta,Utilities,2025-10-16 10:26:06.391324,pending,NONE,UK,web,False
f8190a51-5b2b-4da0-9c4e-8caa5a0fcc9d,C9393,284.71,JPY,Amazon,Groceries,2026-08-23 10:26:06.391327,failed,E001,JP,web,True
6c08eaf4-9c69-4df4-8d6a-1ced46336723,C4291,71.28,USD,Walmart,Travel,2025-11-27 10:26:06.391331,pending,NONE,DE,mobile,False
ae5ec260-9fbc-4333-9dc7-3d9f1a195113,C1699,82.65,USD,Delta,Utilities,2026-04-17 10:26:06.391336,failed,E002,UK,tablet,True
9760b485-0dff-4af5-a4c2-8ece1a240e48,C6593,269.08,USD,Apple,Dining,2026-02-21 10:26:06.391339,success,NONE,JP,mobile,False
837bed8b-3db0-4cb5-bcf4-e989a537ca26,C5057,169.41,USD,Starbucks,Electronics,2026-02-25 10:26:06.391343,success,NONE,UK,mobile,False
876b3f3d-2a68-4de5-a78c-a908bd5925ad,C3729,62.02,JPY,Costco,Groceries,2026-06-16 10:26:06.391347,failed,E002,UK,mobile,True
52de2eb7-369d-4dd8-97b4-07cbfe9fb0bc,C1970,96.71,USD,Uber,Travel,2025-11-14 10:26:06.391351,failed,E003,FR,tablet,True
c78d57b4-b873-4997-a542-c8cbb0ba16a8,C3717,194.81,GBP,Apple,Shopping,2026-01-20 10:26:06.391355,pending,NONE,US,mobile,False
e314ff01-428b-4097-84f4-948c67471741,C3654,289.24,EUR,Walmart,Utilities,2026-08-10 10:26:06.391358,failed,E002,JP,mobile,True
ff03b4d1-8927-4396-a946-3846af3b6986,C9802,42.69,JPY,Amazon,Electronics,2026-02-19 10:26:06.391362,pending,NONE,US,tablet,False
7ad30c9d-908a-4426-81ca-5af50d947d63,C4076,450.81,JPY,Delta,Groceries,2025-10-12 10:26:06.391366,failed,NONE,DE,web,True
0ba24dbe-a28d-47e8-84db-92b003263d98,C1417,11.08,JPY,Apple,Groceries,2026-08-16 10:26:06.391369,success,NONE,UK,mobile,False
743e6329-8511-428f-b9b6-c981f487338b,C8676,366.19,GBP,Starbucks,Utilities,2026-02-22 10:26:06.391373,success,NONE,UK,web,False
caa77301-31d6-4c87-94ab-ceb26d9b3b0a,C5541,269.72,USD,Delta,Groceries,2025-10-13 10:26:06.391376,failed,E002,US,web,True
